country,year,GDP growth (annual %),Individuals using the Internet (% of population),"Population, total",Poverty headcount ratio ($2.15 a day) (% of population),"School enrollment, primary (% gross)","Unemployment, total (% of labor force)"
Afghanistan,2000,,,20130327.0,,21.4578495025635,7.935
Afghanistan,2001,-9.4319740700862,0.00472257,20284307.0,,22.1396503448486,7.953
Afghanistan,2002,28.6000011706788,0.0045614,21378117.0,,73.4013137817383,7.93
Afghanistan,2003,8.83227780288267,0.0878913,22733049.0,,95.3357467651367,7.88
Afghanistan,2004,1.41411799339429,0.105809,23560654.0,,105.475051879883,7.899
Afghanistan,2005,11.2297148272859,1.22415,24404567.0,,99.50390625,7.885
Afghanistan,2006,5.35740324748592,2.10712,25424094.0,,102.284866333008,7.914
Afghanistan,2007,13.8263195471281,1.9,25909852.0,,99.3228988647461,7.817
Afghanistan,2008,3.92498381999467,1.84,26482622.0,,104.445137023926,7.878
Afghanistan,2009,21.3905283926492,3.55,27466101.0,,99.7054214477539,7.754
Afghanistan,2010,14.3624414710737,4.0,28284089.0,,103.48560333252,7.753
Afghanistan,2011,0.426354776777345,5.0,29347708.0,,101.542083740234,7.784
Afghanistan,2012,12.7522870926697,5.45455,30560034.0,,106.575317382812,7.856
Afghanistan,2013,5.60074465863221,5.9,31622704.0,,107.942840576172,7.93
Afghanistan,2014,2.72454336219565,7.0,32792523.0,,109.829452514648,7.915
Afghanistan,2015,1.45131466066431,8.26,33831764.0,,106.773551940918,9.052
Afghanistan,2016,2.26031420279821,11.0,34700612.0,,106.784042358398,10.133
Afghanistan,2017,2.6470032027451,13.5,35688935.0,,106.54354095459,11.184
Afghanistan,2018,1.18922812944517,16.8,36743039.0,,107.687660217285,11.196
Afghanistan,2019,3.91160341625552,17.6,37856121.0,,109.075309753418,11.185
Afghanistan,2020,-2.35110067203466,17.0485,39068979.0,,,11.71
Afghanistan,2021,-20.7388393676343,16.5143,40000412.0,,,11.994
Afghanistan,2022,-6.24017199240269,17.1917,40578842.0,,,14.1
Afghanistan,2023,2.26694373649188,17.7089,41454761.0,,,13.991
Afghanistan,2024,,,42647492.0,,,13.295
Albania,2000,7.46285871776054,0.114097,3089027.0,,,19.023
Albania,2001,8.8637306604876,0.325798,3060173.0,,,18.57
Albania,2002,4.62839587394552,0.390081,3051010.0,4.2,110.338920593262,17.891
Albania,2003,5.33326426009945,0.9719,3039616.0,,107.598258972168,16.985
Albania,2004,5.26626173860785,2.42039,3026939.0,,104.131721496582,16.306
Albania,2005,5.13082193056189,6.04389,3011487.0,2.7,107.016143798828,15.966
Albania,2006,6.0189812403864,9.60999,2992547.0,,105.477783203125,15.626
Albania,2007,6.50009261158209,15.0361,2970017.0,,103.488441467285,15.966
Albania,2008,6.90706230713707,23.86,2947314.0,0.8,100.383003234863,13.06
Albania,2009,2.69075152362146,41.2,2927519.0,,100.923736572266,13.674
Albania,2010,2.97315442681247,45.0,2913021.0,,99.8618342722087,14.086
Albania,2011,2.46351683915714,47.0,2905195.0,,101.580273662891,13.481
Albania,2012,0.984129880204108,49.4,2900401.0,1.8,102.067360891559,13.376
Albania,2013,1.7072283175406,51.8,2895092.0,,101.474954848321,15.866
Albania,2014,2.24022695382642,54.3,2889104.0,3.7,105.770581813858,18.055
Albania,2015,2.2277040745779,56.9,2880703.0,1.1,105.688652991606,17.193
Albania,2016,3.90893551362245,59.6,2876101.0,1.1,105.324777401077,15.418
Albania,2017,3.28317593330073,62.4,2873457.0,1.4,105.414970908323,13.616
Albania,2018,3.67141928098908,65.4,2866376.0,1.0,104.568015324639,12.304
Albania,2019,2.06257790176122,68.5504,2854191.0,0.3,102.58954115148,11.466
Albania,2020,-3.31375636888916,72.2377,2837849.0,0.3,100.020970049835,11.69
Albania,2021,8.96957619074095,79.3237,2811666.0,,97.1075038284839,11.474
Albania,2022,4.82669611912765,82.6137,2777689.0,,96.3712299304757,10.137
Albania,2023,3.93661689192599,83.1356,2745972.0,,93.7138120137738,10.108
Albania,2024,3.96171911223713,,2714617.0,,111.511650085449,10.25
Algeria,2000,3.80000000158476,0.491706,30903893.0,,109.734397888184,29.77
Algeria,2001,2.99999999863043,0.646114,31331221.0,,109.017837524414,27.3
Algeria,2002,5.40000000000001,1.59164,31750835.0,,110.677276611328,25.9
Algeria,2003,6.50000000062043,2.19536,32175818.0,,111.387786865234,23.72
Algeria,2004,4.49999999976698,4.63448,32628286.0,,111.655128479004,17.65
Algeria,2005,5.39999999969525,5.84394,33109249.0,,112.398590087891,15.27
Algeria,2006,2.89999999905852,7.37598,33623506.0,,112.077087402344,12.27
Algeria,2007,3.10000000128674,9.45119,34189416.0,,112.334480285645,13.79
Algeria,2008,2.49999999929371,10.18,34816961.0,,110.910949707031,11.33
Algeria,2009,1.19999999969519,11.23,35490445.0,,113.491889953613,10.16
Algeria,2010,4.80000000093564,12.5,36188236.0,,113.807026512965,9.96
Algeria,2011,2.99999999941909,14.9,36903376.0,0.0,112.733764527322,9.96
Algeria,2012,2.40000000034432,18.2,37646166.0,,112.067747390185,10.97
Algeria,2013,2.60000000061164,22.5,38414171.0,,112.336630248486,9.82
Algeria,2014,4.09999999866501,29.5,39205031.0,,111.144837219297,10.207
Algeria,2015,3.20000000089023,38.2,40019529.0,,109.584787441309,11.206
Algeria,2016,3.90000000017621,42.9455,40850721.0,,109.072307418092,10.202
Algeria,2017,1.49999999895587,47.6911,41689299.0,,108.062271942986,12.0
Algeria,2018,1.40000000088281,49.0385,42505035.0,,107.095121871029,12.137
Algeria,2019,0.899999999219148,55.7907,43294546.0,,106.067513980116,12.259
Algeria,2020,-4.99999999908597,63.4727,44042091.0,,108.531941210547,14.057
Algeria,2021,3.79999999900707,72.2124,44761099.0,,104.739764213022,13.63
Algeria,2022,3.60000000094915,74.8319,45477389.0,,105.74715363116,12.346
Algeria,2023,4.10000000005964,76.9081,46164219.0,,105.840748480875,11.701
Algeria,2024,3.29999999939609,,46814308.0,,106.368889468205,11.427
American Samoa,2000,,,56855.0,,,
American Samoa,2001,,,57053.0,,,
American Samoa,2002,,,57062.0,,,
American Samoa,2003,0.965517241379317,,56971.0,,,
American Samoa,2004,0.409836065573771,,56818.0,,,
American Samoa,2005,-0.408163265306129,,56617.0,,,
American Samoa,2006,-4.09836065573771,,56374.0,,,
American Samoa,2007,1.85185185185186,,56113.0,,,
American Samoa,2008,-2.65734265734265,,55828.0,,,
American Samoa,2009,-4.16666666666666,,55528.0,,,
American Samoa,2010,0.299850074962521,,55228.0,,,
American Samoa,2011,0.0,,54895.0,,,
American Samoa,2012,-4.33482810164425,,54489.0,,,
American Samoa,2013,-2.5,,54006.0,,,
American Samoa,2014,1.76282051282051,,53466.0,,,
American Samoa,2015,3.14960629921259,,52878.0,,,
American Samoa,2016,-1.67938931297709,,52245.0,,,
American Samoa,2017,-6.98757763975155,,51586.0,,,
American Samoa,2018,2.6711185308848,,50908.0,,,
American Samoa,2019,-0.487804878048777,,50209.0,,,
American Samoa,2020,4.41176470588236,,49761.0,,,
American Samoa,2021,-0.782472613458523,,49225.0,,,
American Samoa,2022,1.73501577287065,,48342.0,,,
American Samoa,2023,,,47521.0,,,
American Samoa,2024,,,46765.0,,,
Andorra,2000,3.52836236122388,10.5388,65685.0,,,
Andorra,2001,8.11935772169949,,65852.0,,,
Andorra,2002,4.54636221364653,11.2605,66506.0,,100.489242553711,
Andorra,2003,8.69420371612468,13.5464,69486.0,,102.448677062988,
Andorra,2004,8.13567633837351,26.838,74325.0,,99.3939437866211,
Andorra,2005,5.39779598500422,37.6058,77421.0,,90.0573196411133,
Andorra,2006,4.80868869916921,48.9368,79585.0,,90.3818130493164,
Andorra,2007,1.55318814103222,70.87,81877.0,,88.5400009155273,
Andorra,2008,-5.55918636850581,70.04,83495.0,,87.0373992919922,
Andorra,2009,-5.30284654348291,78.53,83888.0,,85.0247116088867,
Andorra,2010,-1.97495799965345,81.0,80706.0,,84.9445571899414,
Andorra,2011,-0.00806975341139093,81.0,77783.0,,86.2257308959961,
Andorra,2012,-4.97444371853503,82.7,76834.0,,83.5187072753906,
Andorra,2013,-3.54759651549344,84.4,75194.0,,85.0512237548828,
Andorra,2014,2.50446552114518,86.1,73737.0,,87.0263326910726,
Andorra,2015,1.43414039522716,87.9,72174.0,,88.5957446808511,
Andorra,2016,3.70967806978986,89.7,72181.0,,91.0415773681955,
Andorra,2017,0.346071889630295,91.5675,73763.0,,90.2031316123572,
Andorra,2018,1.58876549046354,,75162.0,,90.7088926174497,
Andorra,2019,2.01554763848308,90.7187,76474.0,,90.3239289446186,
Andorra,2020,-11.1839399355384,93.2056,77380.0,,89.4271272114575,
Andorra,2021,8.28677879049404,93.8975,78364.0,,89.7379912663755,
Andorra,2022,9.56461225648184,94.4855,79705.0,,90.4656808651512,
Andorra,2023,2.58355480961319,95.4456,80856.0,,97.4446725986767,
Andorra,2024,3.37182032638998,,81938.0,,99.8579545454545,
Angola,2000,3.05462423430785,0.105046,16194869.0,27.0,,16.682
Angola,2001,4.2059985561951,0.136014,16747208.0,,,16.7
Angola,2002,13.6656887608562,0.270377,17327699.0,,,16.488
Angola,2003,2.99000000000001,0.370682,17943712.0,,,16.498
Angola,2004,10.9500000059465,0.464815,18600423.0,,,16.378
Angola,2005,15.0299999905513,1.14337,19291161.0,,,16.36
Angola,2006,11.549999997879,1.5,20015279.0,,,16.206
Angola,2007,14.0100000086059,1.7,20778561.0,,106.341453552246,16.153
Angola,2008,11.1699999942146,1.9,21578655.0,22.1,113.292236328125,16.228
Angola,2009,0.860000002152788,2.3,22414773.0,,112.278953552246,16.431
Angola,2010,4.39837593810763,2.8,23294825.0,,113.87258174337,16.618
Angola,2011,3.47205314798103,4.7,24218352.0,,128.386344899029,16.77
Angola,2012,8.54210707584141,7.7,25177394.0,,,16.562
Angola,2013,4.95461303112738,13.0,26165620.0,,,16.492
Angola,2014,4.82255926962156,21.3623,27160769.0,,,16.406
Angola,2015,0.943571561325001,22.0,28157798.0,,120.580276489258,16.49
Angola,2016,-2.58004964404932,23.2,29183070.0,,,16.575
Angola,2017,-0.147212941085755,26.0,30234839.0,,,16.61
Angola,2018,-1.31636168896895,29.0,31297155.0,39.3,,16.594
Angola,2019,-0.702272957616017,32.1294,32375632.0,,,16.497
Angola,2020,-5.63821471714934,36.6347,33451132.0,,,16.69
Angola,2021,1.19921052145153,39.3876,34532429.0,,89.2266094661321,15.799
Angola,2022,3.04472652391918,42.0719,35635029.0,,,14.602
Angola,2023,1.07809951970673,44.7581,36749906.0,,86.7353918783767,14.537
Angola,2024,4.42390452944746,,37885849.0,,,14.464
Antigua and Barbuda,2000,6.20355212555867,6.48223,74912.0,,135.142150878906,
Antigua and Barbuda,2001,-4.54810977120295,8.89929,76069.0,,,
Antigua and Barbuda,2002,1.02723486062159,12.5,77032.0,,,
Antigua and Barbuda,2003,6.07663666406602,17.2286,77884.0,,,
Antigua and Barbuda,2004,5.76710338270556,24.2665,78719.0,,,
Antigua and Barbuda,2005,6.47368941781741,27.0,79611.0,,,
Antigua and Barbuda,2006,12.7081474873625,30.0,80604.0,,,
Antigua and Barbuda,2007,9.31518272315685,34.0,81704.0,,116.446899414062,
Antigua and Barbuda,2008,-0.0140065981851762,38.0,82912.0,,118.499542236328,
Antigua and Barbuda,2009,-11.9628794703471,42.0,84173.0,,117.937446594238,
Antigua and Barbuda,2010,-7.84050683730972,47.0,85320.0,,120.18367767334,
Antigua and Barbuda,2011,-1.95874262217572,52.0,86332.0,,117.199310302734,
Antigua and Barbuda,2012,3.37314273947959,58.0,87260.0,,113.619567871094,
Antigua and Barbuda,2013,-0.600982329599361,63.4,88064.0,,113.245916212913,
Antigua and Barbuda,2014,2.19829188738797,67.78,88765.0,,112.459922790527,
Antigua and Barbuda,2015,1.42161997595372,70.0,89409.0,,110.396583557129,
Antigua and Barbuda,2016,4.1203675438061,70.9743,89969.0,,107.432655305113,
Antigua and Barbuda,2017,2.71272657973627,71.9621,90468.0,,109.74291229248,
Antigua and Barbuda,2018,6.71200487159726,72.9637,90926.0,,112.740837097168,
Antigua and Barbuda,2019,3.1722219373937,73.9792,91364.0,,112.847576892521,
Antigua and Barbuda,2020,-18.8687765208148,75.0089,91846.0,,,
Antigua and Barbuda,2021,8.17286311186622,76.0528,92349.0,,,
Antigua and Barbuda,2022,9.10780623385958,77.1648,92840.0,,121.563206835888,
Antigua and Barbuda,2023,2.42736300110336,77.5756,93316.0,,112.255406797116,
Antigua and Barbuda,2024,4.32752145036402,,93772.0,,,
Argentina,2000,-0.78899893905691,7.03868,37213984.0,7.3,116.558296203613,15.0
Argentina,2001,-4.40883968258557,9.78081,37624825.0,10.7,116.749336242676,17.32
Argentina,2002,-10.8944848285903,10.8821,38029349.0,17.1,116.877983093262,19.59
Argentina,2003,8.83704079576924,11.9137,38424282.0,8.2,114.37532043457,15.36
Argentina,2004,9.02957330068152,16.0367,38815916.0,6.0,115.446090698242,13.522
Argentina,2005,8.85165992013437,17.7206,39216789.0,4.4,114.580780029297,11.506
Argentina,2006,8.04715150043027,20.9272,39622115.0,3.5,116.187850952148,10.078
Argentina,2007,9.00765087504757,25.9466,40016763.0,2.8,117.236312866211,8.47
Argentina,2008,4.05723310346406,28.1126,40424148.0,2.6,118.320129394531,7.837
Argentina,2009,-5.91852507634947,34.0,40854831.0,2.4,118.293312072754,8.645
Argentina,2010,10.1253981561002,45.0,41288694.0,1.5,118.128196716309,7.714
Argentina,2011,6.00395169280579,51.0,41730660.0,1.2,117.372833251953,7.18
Argentina,2012,-1.0264204544321,55.8,42161721.0,1.3,116.43643951416,7.217
Argentina,2013,2.40532378079436,59.9,42582455.0,1.1,114.421348571777,7.1
Argentina,2014,-2.51261532081394,64.7,43024071.0,1.1,113.873519897461,7.268
Argentina,2015,2.73115982828944,68.0431,43477012.0,,112.936653137207,7.579
Argentina,2016,-2.08032784377811,70.969,43900313.0,1.3,111.654647827148,8.085
Argentina,2017,2.81850297775918,74.2949,44288894.0,1.1,109.879669189453,8.347
Argentina,2018,-2.61739646282038,77.7,44654882.0,1.6,109.305458068848,9.22
Argentina,2019,-2.00086100285785,79.947,44973465.0,1.7,109.338218688965,9.843
Argentina,2020,-9.9004848136464,85.5144,45191965.0,2.2,108.504623413086,11.461
Argentina,2021,10.4418119882506,87.1507,45312281.0,1.4,108.139617919922,8.736
Argentina,2022,5.26987967384072,88.3754,45407904.0,1.3,106.759826660156,6.805
Argentina,2023,-1.61100162090189,89.229,45538401.0,1.2,102.535244031037,6.139
Argentina,2024,-1.71910514722377,89.6672,45696159.0,1.0,,7.876
Armenia,2000,5.90000000312092,1.30047,3221100.0,,90.6347198486328,11.095
Armenia,2001,9.59999999927597,1.63109,3211800.0,24.1,100.956871032715,10.992
Armenia,2002,13.1999999979356,1.96041,3199800.0,19.8,100.275489807129,10.833
Armenia,2003,14.0000000015501,4.57522,3182500.0,14.8,102.086128234863,10.705
Armenia,2004,10.4999999988202,4.89901,3164900.0,10.3,102.151290893555,10.617
Armenia,2005,13.8999999991133,5.25298,3146400.0,6.1,100.4091796875,10.54
Armenia,2006,13.1999999994661,5.63179,3127100.0,4.5,103.896697998047,10.465
Armenia,2007,13.7000000015467,6.02125,3107400.0,3.7,116.752250671387,10.394
Armenia,2008,6.90000000042959,6.21,3087100.0,2.0,117.701438903809,17.1
Armenia,2009,-14.1000000006998,15.3,3066000.0,3.1,113.782722473145,19.295
Armenia,2010,2.2000000002151,25.0,3044800.0,2.9,100.985866600546,19.523
Armenia,2011,4.69999999867412,32.0,3027900.0,3.1,98.334903726507,18.884
Armenia,2012,7.20000000096486,37.5,3024100.0,2.5,97.0881274408756,17.511
Armenia,2013,3.3,41.9,3022000.0,2.9,95.8742927261572,16.576
Armenia,2014,3.60000000058993,54.6228,3013800.0,3.4,94.4177603466209,17.498
Armenia,2015,3.19999999896625,59.1008,3004600.0,2.9,93.088059144009,18.261
Armenia,2016,0.199999999825991,64.346,2992300.0,2.5,93.1108003536782,17.617
Armenia,2017,7.50000000164144,64.7449,2979400.0,2.4,93.0989957836376,17.704
Armenia,2018,5.19999999965324,68.2451,2969000.0,2.9,92.1345008167579,18.966
Armenia,2019,7.59999999853918,66.5439,2962500.0,2.4,92.3228240527597,18.304
Armenia,2020,-7.19999999920631,76.5077,2961500.0,1.5,92.8692618061259,18.175
Armenia,2021,5.80000000065645,78.6123,2962300.0,2.1,94.6392203828781,15.469
Armenia,2022,12.5999999997766,77.0277,2969200.0,1.9,96.9454296559019,13.379
Armenia,2023,8.29999999959539,79.9966,2964300.0,1.9,98.0899878191202,13.245
Armenia,2024,5.90000000046228,,3033500.0,,101.990554375733,13.329
Aruba,2000,7.62292064930222,15.4428,90588.0,,,
Aruba,2001,4.1820016304779,17.1,91439.0,,110.349670410156,
Aruba,2002,-0.944953481157384,18.8,92074.0,,115.669448852539,
Aruba,2003,1.11050459944282,20.8,93128.0,,115.985000610352,
Aruba,2004,7.29372807096192,23.0,95138.0,,117.217170715332,
Aruba,2005,-0.383137672063768,25.4,97635.0,,116.929039001465,
Aruba,2006,1.12741146411624,28.0,99405.0,,117.987739562988,
Aruba,2007,3.0895443848509,30.9,100150.0,,116.970039367676,
Aruba,2008,1.83575517191368,52.0,100917.0,,116.013900756836,
Aruba,2009,-11.6777413693852,58.0,101604.0,,117.527481079102,
Aruba,2010,-2.73345679250639,62.0,101838.0,,119.795837402344,
Aruba,2011,3.36923718421511,69.0,102591.0,,106.374038696289,
Aruba,2012,-1.04079988436683,74.0,104110.0,,104.07494354248,
Aruba,2013,6.43148260418822,78.9,105675.0,,114.985320023488,
Aruba,2014,-1.58657513817235,83.78,106807.0,,116.261992182873,
Aruba,2015,-0.623625902371245,88.6612,107906.0,,115.01140867059,
Aruba,2016,1.71962497989442,93.5425,108727.0,,113.637463697967,
Aruba,2017,7.04853338603499,97.17,108735.0,,,
Aruba,2018,2.39708619981323,,108908.0,,107.985168457031,
Aruba,2019,-2.23244202651868,,109203.0,,108.025001525879,
Aruba,2020,-26.2118202145169,,108587.0,,107.235336303711,
Aruba,2021,24.1326273569798,,107700.0,,108.599510192871,
Aruba,2022,8.51791810517545,,107310.0,,102.620727539062,
Aruba,2023,4.26371941452948,,107359.0,,,
Aruba,2024,,,107624.0,,107.716996929947,
Australia,2000,3.9215029305806,46.7561,19028802.0,,101.583541870117,6.288
Australia,2001,2.02510553454593,52.6893,19274701.0,1.0,101.439407348633,6.747
Australia,2002,3.97958568067362,,19495210.0,,102.534507751465,6.375
Australia,2003,3.09076190489348,,19720737.0,1.0,102.854759216309,5.933
Australia,2004,4.22428481359962,,19932722.0,0.7,103.302062988281,5.399
Australia,2005,3.15416753184221,63.0,20176844.0,,103.397911071777,5.036
Australia,2006,2.75534610557227,66.0,20450966.0,,103.562561035156,4.785
Australia,2007,3.77332171303566,69.45,20827622.0,,105.422981262207,4.381
Australia,2008,3.58626695226046,71.67,21249199.0,0.7,105.24462890625,4.242
Australia,2009,1.89255581922549,74.25,21691653.0,,105.215629577637,5.565
Australia,2010,2.21998026536549,76.0,22031750.0,0.3,105.488502502441,5.214
Australia,2011,2.40708018291988,79.4877,22340024.0,,105.274879455566,5.083
Australia,2012,3.91670942454073,79.0,22733465.0,,105.669723510742,5.225
Australia,2013,2.60219339436559,83.4535,23128129.0,,105.802581787109,5.663
Australia,2014,2.59528411594042,84.0,23475686.0,0.5,105.461601257324,6.078
Australia,2015,2.19016928695221,84.5605,23815995.0,,101.665489196777,6.055
Australia,2016,2.7593859723839,86.54,24190907.0,0.5,101.180686950684,5.711
Australia,2017,2.27959179820343,86.545,24592588.0,,100.637657165527,5.592
Australia,2018,2.87846971467883,90.0,24963258.0,0.5,100.398712158203,5.3
Australia,2019,2.17154505737176,93.6099,25334826.0,,100.199699401855,5.159
Australia,2020,-0.119590735829973,94.6935,25649248.0,1.0,99.9011077880859,6.456
Australia,2021,2.11116814768786,96.9722,25685412.0,,99.9291534423828,5.116
Australia,2022,4.24238555336139,97.0424,26014399.0,,99.1329879760742,3.728
Australia,2023,3.44199220009025,97.0631,26652777.0,,99.3657531738281,3.668
Australia,2024,1.4311125201703,,27204809.0,,,4.072
Austria,2000,3.18952292988787,33.7301,8011566.0,0.2,101.86939239502,4.687
Austria,2001,1.31698749571339,39.1855,8042293.0,,102.47102355957,4.007
Austria,2002,1.48436877605324,36.56,8081957.0,,102.810722351074,4.852
Austria,2003,1.14156504542775,42.7,8121423.0,0.4,102.384437561035,4.779
Austria,2004,2.56525534067859,54.28,8171966.0,0.1,102.736419677734,5.969
Austria,2005,2.32036514266782,58.0,8227829.0,0.2,102.08748626709,5.682
Austria,2006,3.26933601506059,63.6,8268641.0,0.1,102.310897827148,5.32
Austria,2007,3.77522468729185,69.37,8295487.0,0.4,102.771659851074,4.909
Austria,2008,1.45330562142114,72.87,8321496.0,0.5,102.266273498535,4.198
Austria,2009,-3.58626472551299,73.45,8343323.0,0.7,101.361312866211,5.371
Austria,2010,1.80898243043663,75.17,8363404.0,0.5,100.835540771484,4.883
Austria,2011,2.92746800169145,78.74,8391643.0,0.5,100.558326721191,4.637
Austria,2012,0.628246239479637,80.03,8429991.0,0.7,100.335113525391,4.909
Austria,2013,-0.250726423318454,80.6188,8479823.0,0.3,100.746078491211,5.367
Austria,2014,0.755798850316665,80.9958,8546356.0,0.2,100.970321655273,5.674
Austria,2015,1.30352331826198,83.9401,8642699.0,0.7,101.104393005371,5.802
Austria,2016,2.11721964494312,84.3237,8736668.0,0.7,100.428077697754,6.064
Austria,2017,2.27224992038207,87.9356,8797566.0,0.3,101.104568481445,5.561
Austria,2018,2.48422114080024,87.4791,8840521.0,0.6,101.370300292969,4.933
Austria,2019,1.75497619649288,87.7522,8879920.0,0.6,101.776290893555,4.56
Austria,2020,-6.31825509209936,87.5294,8916864.0,0.7,101.560852050781,5.201
Austria,2021,4.79532885699543,92.5292,8955797.0,0.5,101.644119262695,6.459
Austria,2022,5.27789448538658,93.6141,9041851.0,0.6,100.77562713623,4.992
Austria,2023,-0.954962529389121,95.3347,9131761.0,0.5,100.902870178223,5.264
Austria,2024,-1.17354053552188,94.9197,9178482.0,,,5.439
Azerbaijan,2000,11.0999991434346,0.147758,8048600.0,,97.2074890136719,11.78
Azerbaijan,2001,9.89999969070337,0.305565,8111200.0,11.4,98.8610000610352,10.91
Azerbaijan,2002,9.43891634238621,4.99971,8171950.0,0.2,98.3494262695312,10.04
Azerbaijan,2003,10.2083000110733,,8234100.0,0.2,96.2132415771484,9.17
Azerbaijan,2004,9.25380132627771,,8306500.0,0.0,97.2613296508789,7.99
Azerbaijan,2005,27.9615380685243,8.03038,8391850.0,0.0,95.526969909668,7.26
Azerbaijan,2006,34.4662093637956,11.9922,8484550.0,,94.2166595458984,6.62
Azerbaijan,2007,25.4632159061217,14.54,8581300.0,,94.7712020874023,6.33
Azerbaijan,2008,10.591437294393,17.08,8763400.0,,94.0724716186523,5.86
Azerbaijan,2009,9.36950278418603,27.4,8947243.0,,95.0685729980469,5.74
Azerbaijan,2010,4.7888327097977,46.0,9054332.0,,93.7623031735616,5.63
Azerbaijan,2011,-1.57299762108384,50.0,9173082.0,,95.573632238702,5.42
Azerbaijan,2012,2.20293902267809,54.2,9295784.0,,97.9553073516457,5.19
Azerbaijan,2013,5.84341576237254,73.0,9416801.0,,100.500447800934,4.97
Azerbaijan,2014,2.79758543403628,75.0,9535079.0,,106.059885931559,4.91
Azerbaijan,2015,1.04954636804402,77.0,9649341.0,,106.601494422512,4.96
Azerbaijan,2016,-3.06359845351244,78.2,9757812.0,,106.431739366993,5.0
Azerbaijan,2017,0.153614646686151,79.0,9854033.0,,103.294100040645,5.0
Azerbaijan,2018,1.5004017069941,79.8,9939771.0,,99.7221014157127,4.9
Azerbaijan,2019,2.47980893443938,81.1,10024283.0,,97.9353503349024,5.0
Azerbaijan,2020,-4.19896079231232,84.6,10093121.0,,98.2360713897839,7.24
Azerbaijan,2021,5.61644026860644,86.0,10137750.0,,97.7305001044597,6.04
Azerbaijan,2022,4.71468037857544,88.0,10141756.0,,99.8082977244143,5.65
Azerbaijan,2023,1.35447731755447,89.0,10153958.0,,101.979698816442,5.636
Azerbaijan,2024,4.07140210544654,,10202850.0,,105.625024046785,5.594
"Bahamas, The",2000,4.14841930754267,8.0,323835.0,,,7.12
"Bahamas, The",2001,2.62600982683425,11.8,327836.0,,,6.87
"Bahamas, The",2002,2.70495624731029,18.0,331614.0,,89.1420669555664,9.05
"Bahamas, The",2003,-1.26491667612372,20.0,335618.0,,,10.84
"Bahamas, The",2004,0.882373744518318,22.0,339782.0,,96.1379623413086,10.2
"Bahamas, The",2005,3.39608420536011,25.0,343894.0,,101.074859619141,10.2
"Bahamas, The",2006,2.51659221712706,26.0,348375.0,,100.136596679688,7.54
"Bahamas, The",2007,1.44609991235758,27.0,353334.0,,105.799873352051,7.88
"Bahamas, The",2008,-2.32364807041851,31.54,358120.0,,107.281616210938,8.18
"Bahamas, The",2009,-4.17542805647342,33.88,362810.0,,103.59838104248,14.25
"Bahamas, The",2010,1.53866248693835,43.0,367478.0,,102.482355070278,14.432
"Bahamas, The",2011,0.613170735890648,65.0,371729.0,,110.135749348524,14.52
"Bahamas, The",2012,4.5201241028963,71.7482,375469.0,,103.677382284453,14.02
"Bahamas, The",2013,-2.86328002994493,72.0,378953.0,,94.6404443777211,16.18
"Bahamas, The",2014,1.84730594220663,76.92,382298.0,,94.388210777017,13.8
"Bahamas, The",2015,0.996748943241684,78.0,385346.0,,96.2606649014416,12.0
"Bahamas, The",2016,-1.15626703753399,80.0,388055.0,,90.4117265380759,12.7
"Bahamas, The",2017,3.37123648611268,80.6,390485.0,,,9.8
"Bahamas, The",2018,2.39852000603884,83.0,392717.0,,88.5500765329091,10.0
"Bahamas, The",2019,-0.839051301013157,90.6933,394675.0,,91.9375456537619,9.336
"Bahamas, The",2020,-20.0895554324841,92.4437,395863.0,,,12.027
"Bahamas, The",2021,17.5868973691568,94.3479,396373.0,,80.5237121582031,11.032
"Bahamas, The",2022,10.8774550145968,94.7326,397538.0,,,9.272
"Bahamas, The",2023,3.0487749628502,94.8186,399440.0,,78.3931934355663,8.643
"Bahamas, The",2024,3.37850660746146,,401283.0,,92.856648199446,8.463
Bahrain,2000,5.30006940305884,6.15373,637582.0,,98.8778915405273,1.083
Bahrain,2001,2.49094875338352,15.0386,661316.0,,98.2869415283203,1.12
Bahrain,2002,3.34855067103268,18.0507,710553.0,,96.7983474731445,1.139
Bahrain,2003,6.29644129075703,21.5549,764517.0,,95.4260482788086,1.128
Bahrain,2004,6.98096175867695,21.4587,823741.0,,95.149787902832,1.065
Bahrain,2005,6.76899737789502,21.3037,888822.0,,95.1477508544922,1.021
Bahrain,2006,6.4669995195042,28.244,960424.0,,101.917457580566,1.021
Bahrain,2007,8.29396129093843,32.91,1039295.0,,,1.006
Bahrain,2008,6.24501094995797,51.95,1103496.0,,,1.014
Bahrain,2009,2.53988570158225,53.0,1178415.0,,,1.07
Bahrain,2010,4.3342989754845,55.0,1228543.0,,,1.13
Bahrain,2011,1.92815791170796,77.0,1195020.0,,96.1195941897225,1.21
Bahrain,2012,3.80302899043062,88.0,1208964.0,,101.803222781141,1.2
Bahrain,2013,5.29262224906203,90.0,1253191.0,,107.464276011953,1.182
Bahrain,2014,4.30885692657077,90.5031,1314562.0,,104.369512763844,1.141
Bahrain,2015,2.50787205267615,93.4783,1370322.0,,100.237015471325,1.16
Bahrain,2016,3.81499327422425,98.0,1423726.0,,99.8968591364868,1.192
Bahrain,2017,4.95383534123657,95.8781,1501116.0,,98.7361755496891,1.194
Bahrain,2018,2.05258864979861,98.6447,1503091.0,,96.8386151592259,1.2
Bahrain,2019,2.05287774418655,99.7015,1483756.0,,96.7754137910744,1.223
Bahrain,2020,-5.9113629524152,99.671,1472204.0,,,1.781
Bahrain,2021,4.35004091668986,100.0,1504365.0,,,1.541
Bahrain,2022,6.18016125475185,100.0,1524693.0,,96.9927291173487,1.326
Bahrain,2023,3.87811614845566,100.0,1577059.0,,93.8998953080421,1.154
Bahrain,2024,3.01724839092739,100.0,1588670.0,,96.8752475247525,1.102
Bangladesh,2000,5.29329471892532,0.0710394,134544304.0,41.4,,3.27
Bangladesh,2001,5.07728777526728,0.129808,136805810.0,,,3.61
Bangladesh,2002,3.83312393993225,0.13992,138933658.0,,,3.966
Bangladesh,2003,4.73956739963045,0.163878,140970351.0,,,4.32
Bangladesh,2004,5.23953291029852,0.199036,142902856.0,,,4.314
Bangladesh,2005,6.53594493875502,0.241637,144715786.0,32.3,96.386833190918,4.25
Bangladesh,2006,6.67190498576788,1.0,146405973.0,,95.8766021728516,3.591
Bangladesh,2007,7.05859935449848,1.8,147989278.0,,93.662353515625,4.017
Bangladesh,2008,6.01378975738535,2.5,149474264.0,,90.3782272338867,4.492
Bangladesh,2009,5.04512479919337,3.1,150873714.0,,92.5936737060547,5.0
Bangladesh,2010,5.57178818533122,3.7,152201981.0,25.1,94.7762261175806,3.379
Bangladesh,2011,6.46437912497728,4.5,153591076.0,,,3.736
Bangladesh,2012,6.52145877906443,5.0,155070101.0,,,4.071
Bangladesh,2013,6.01360565834344,6.63,156532141.0,,,4.426
Bangladesh,2014,6.0610593588495,11.9,157964929.0,,,4.416
Bangladesh,2015,6.55263987816197,12.9,159383179.0,,,4.396
Bangladesh,2016,7.11347821270093,18.1,160811932.0,19.5,,4.35
Bangladesh,2017,6.59024999794057,21.5,162186147.0,,105.128820425409,4.372
Bangladesh,2018,7.31941263014136,25.6,163523103.0,,107.18995771035,4.407
Bangladesh,2019,7.88191515117722,30.4,164913055.0,,,4.441
Bangladesh,2020,3.44801755122445,36.1091,166298024.0,,110.066619873047,5.436
Bangladesh,2021,6.93867912442445,38.9174,167658854.0,,106.334849059692,5.327
Bangladesh,2022,7.09982877575158,41.6165,169384897.0,5.9,107.802066750685,4.593
Bangladesh,2023,5.77511237007889,44.5027,171466990.0,,103.116421399751,4.454
Bangladesh,2024,4.22325911250161,,173562364.0,,106.491310395865,4.68
Barbados,2000,4.44718962836241,3.97368,262063.0,,102.616241455078,9.35
Barbados,2001,-2.36546466744477,11.9365,262425.0,,104.42259979248,9.85
Barbados,2002,0.787402032458374,27.8363,264148.0,,103.545349121094,10.32
Barbados,2003,2.17548079415901,39.6896,265776.0,,104.487609863281,11.0
Barbados,2004,1.41159830663693,49.8,267298.0,,102.365783691406,9.57
Barbados,2005,3.95545720757613,52.5,268706.0,,101.593612670898,9.08
Barbados,2006,6.0705462167352,55.3,270002.0,,101.276039123535,8.73
Barbados,2007,2.07918386258879,58.2,271288.0,,100.212989807129,7.41
Barbados,2008,0.633460590859315,61.4,272714.0,,100.470497131348,8.12
Barbados,2009,-5.01727538250903,64.7,274123.0,,99.8023910522461,10.02
Barbados,2010,-2.21771085628227,65.1,275243.0,,100.026486558072,10.69
Barbados,2011,-0.731434558650108,66.5,276139.0,,100.607875564296,11.19
Barbados,2012,-0.313311151079603,71.2,276938.0,,,11.59
Barbados,2013,-1.01038184618172,71.8,277665.0,,,11.55
Barbados,2014,0.0824054778140209,71.9,278348.0,,96.4334517627767,12.17
Barbados,2015,-0.846098521356325,72.0,278990.0,,95.4051834276328,9.803
Barbados,2016,1.79193033431267,72.2,279598.0,1.7,95.319325026438,8.247
Barbados,2017,0.12844600157031,72.3,280171.0,,94.3660015740012,8.622
Barbados,2018,-1.17406509373819,72.4,280711.0,,94.4722209242559,8.322
Barbados,2019,0.652585417698418,74.1791,281207.0,,94.7561440274338,8.412
Barbados,2020,-15.0543629495892,76.002,281698.0,,94.5134829805,9.777
Barbados,2021,-0.254965880216531,77.8697,282147.0,,92.7709032613596,9.433
Barbados,2022,17.8328630251327,79.4451,282318.0,,90.1875316776483,8.365
Barbados,2023,4.09382010970572,79.9923,282336.0,,88.0075687838805,7.878
Barbados,2024,3.80000031896743,,282467.0,,83.9370240790286,7.529
Belarus,2000,5.80000326754649,1.8604,9979610.0,26.5,117.421142578125,12.224
Belarus,2001,4.72530604051069,4.30062,9928549.0,14.7,117.492881774902,11.609
Belarus,2002,5.04526755048538,8.95097,9865548.0,10.4,114.62126159668,10.908
Belarus,2003,7.04319249927437,,9796749.0,8.7,105.365631103516,10.215
Belarus,2004,11.4497431299507,,9730146.0,4.3,103.979820251465,9.452
Belarus,2005,9.40000152568803,,9663915.0,2.4,102.126327514648,8.728
Belarus,2006,9.99999471820921,16.2,9604924.0,1.1,101.282920837402,8.024
Belarus,2007,8.60000660108415,19.7,9560953.0,1.1,99.8373336791992,7.38
Belarus,2008,10.1999995204492,23.0,9527985.0,0.5,99.810188293457,6.698
Belarus,2009,0.199995214547727,27.43,9504583.0,0.5,100.756843566895,6.1
Belarus,2010,7.75001706649201,31.8,9483836.0,0.2,100.778805231093,6.045
Belarus,2011,5.54997472296492,39.6489,9461643.0,0.1,100.927399800314,6.022
Belarus,2012,1.70785256985428,46.91,9446836.0,0.1,100.103580941107,5.946
Belarus,2013,0.998719278658982,54.17,9443211.0,0.0,99.4024127097705,5.937
Belarus,2014,1.65112468524468,59.0163,9448515.0,0.0,98.8196297844518,5.902
Belarus,2015,-3.82957055828362,62.2304,9461076.0,0.0,98.4724784063299,5.881
Belarus,2016,-2.52644643552377,71.113,9469379.0,0.0,99.4165601023018,5.844
Belarus,2017,2.53218350023008,74.4364,9458989.0,0.0,98.9911352828846,5.648
Belarus,2018,3.14919759374968,79.1299,9438785.0,0.0,98.2260831226448,4.763
Belarus,2019,1.4464554769185,82.7892,9419758.0,0.0,97.0494273050719,4.165
Belarus,2020,-0.67274295062424,85.0879,9379952.0,0.0,95.5250148309274,4.049
Belarus,2021,2.43886212396822,86.8884,9302585.0,,95.5266437473141,3.9
Belarus,2022,-4.65839591573585,89.5073,9228071.0,,95.4307149291864,3.574
Belarus,2023,4.12654007153881,91.5125,9178298.0,,95.2183631035768,3.461
Belarus,2024,4.00984852465452,94.2618,9133712.0,,96.8224030073024,3.361
Belgium,2000,3.71670510672588,29.4317,10251250.0,0.3,102.907371520996,6.586
Belgium,2001,1.09960362419645,31.2884,10286570.0,,103.426696777344,6.178
Belgium,2002,1.70689430349601,46.33,10332785.0,,103.605331420898,6.91
Belgium,2003,1.03795518162204,49.97,10376133.0,0.4,103.77693939209,7.68
Belgium,2004,3.57120671942319,53.86,10421137.0,0.1,103.039421081543,7.363
Belgium,2005,2.32173792911834,55.82,10478617.0,0.3,103.112442016602,8.44
Belgium,2006,2.55234087322462,61.9819,10547958.0,0.2,102.793403625488,8.246
Belgium,2007,3.67692462515802,66.7604,10625700.0,0.2,102.451301574707,7.459
Belgium,2008,0.446905130727231,68.8573,10709973.0,0.1,102.265731811523,6.976
Belgium,2009,-1.90644105515335,74.5441,10796493.0,0.1,102.259460449219,7.908
Belgium,2010,2.71031150254662,77.6398,10895586.0,0.1,102.236808776855,8.293
Belgium,2011,1.93115502411325,81.61,11038264.0,0.2,101.269889831543,7.14
Belgium,2012,0.215803612089744,80.72,11106932.0,0.2,101.520362854004,7.542
Belgium,2013,0.305494549070232,82.1702,11159407.0,0.1,103.191062927246,8.425
Belgium,2014,1.76554038149924,85.0012,11209057.0,0.1,103.104873657227,8.523
Belgium,2015,1.47416433731927,85.0529,11274196.0,0.1,102.243827819824,8.482
Belgium,2016,1.19350273007754,86.5165,11331422.0,0.1,102.055862426758,7.83
Belgium,2017,1.47446761556785,87.6797,11375158.0,0.2,102.752861022949,7.09
Belgium,2018,1.87796847383565,88.6473,11427054.0,0.1,102.500366210938,5.941
Belgium,2019,2.4428900448156,90.2754,11488980.0,0.1,102.148559570312,5.364
Belgium,2020,-4.7929839083518,91.5264,11538604.0,0.1,102.064270019531,5.545
Belgium,2021,6.20759981274431,92.7887,11586195.0,0.0,101.821136474609,6.248
Belgium,2022,4.2593607365269,94.0078,11680210.0,0.0,102.176986694336,5.57
Belgium,2023,1.201691781997,94.6263,11787423.0,0.1,102.108009338379,5.528
Belgium,2024,1.01889862506124,95.7758,11876844.0,,,5.488
Belize,2000,12.2404595814526,5.96384,240799.0,,117.034683227539,10.836
Belize,2001,4.99396775490806,,248379.0,,117.08415222168,9.07
Belize,2002,5.39712385528743,5.68425,256009.0,,113.59684753418,10.04
Belize,2003,9.66665565429979,,263780.0,,118.811058044434,10.343
Belize,2004,4.78084048802529,9.8,271688.0,,120.602569580078,10.584
Belize,2005,2.21953884192973,17.0,279731.0,,120.297348022461,10.91
Belize,2006,4.5114473758227,24.0,287878.0,,119.866386413574,9.39
Belize,2007,3.35324829108133,24.6,296100.0,,117.773338317871,8.51
Belize,2008,-1.68211644620352,26.3,304361.0,,115.303932189941,8.18
Belize,2009,-0.389321468298107,27.2,312614.0,,114.545341491699,8.328
Belize,2010,1.11403578740261,28.2,320245.0,,112.946476456076,8.416
Belize,2011,-0.244543781225346,30.7,327298.0,,112.275924178746,8.43
Belize,2012,3.73777578617181,31.0,334414.0,,115.222578079659,8.379
Belize,2013,4.45432600686063,33.6,341627.0,,113.524076873246,8.349
Belize,2014,4.03084557750317,38.7,348923.0,,112.82886168273,8.244
Belize,2015,2.87618379515959,41.59,356333.0,,113.602548159784,7.578
Belize,2016,0.0545516535970023,44.5757,364705.0,,116.084024666164,7.0
Belize,2017,-1.81285354051658,48.8771,373202.0,,115.629980470942,6.596
Belize,2018,1.11057125008675,53.5936,380226.0,1.0,114.90527173544,7.896
Belize,2019,4.26763689618086,58.7652,385829.0,,114.458351316357,9.053
Belize,2020,-13.9029100645218,64.4359,390812.0,,112.251430128031,10.784
Belize,2021,17.7461701205679,70.6537,395346.0,,107.337270073984,10.322
Belize,2022,9.65297772389758,71.8096,402733.0,,101.531373116389,8.763
Belize,2023,1.14901682065862,72.3595,411106.0,,97.7874461619187,8.267
Belize,2024,8.15178982706797,,417072.0,,96.4819245941926,7.0
Benin,2000,5.85771420543269,0.225248,7221619.0,,77.2928009033203,0.864
Benin,2001,5.33313570603937,0.363418,7445596.0,,84.4785537719727,0.765
Benin,2002,4.64303087074482,0.702946,7675426.0,,89.5929565429688,0.69
Benin,2003,3.44357677591658,0.951327,7913070.0,70.5,93.1921081542969,0.747
Benin,2004,4.42968455385082,1.18254,8159094.0,,96.9871597290039,0.79
Benin,2005,1.71316456361184,1.27103,8426144.0,,94.2145690917969,0.86
Benin,2006,3.94373882815798,1.53785,8693242.0,,94.3325424194336,0.889
Benin,2007,5.98634932177609,1.79,8953969.0,,,0.902
Benin,2008,4.89657708429647,1.85,9228466.0,,106.483963012695,0.894
Benin,2009,2.31929213912838,2.24,9509423.0,,111.44181060791,0.949
Benin,2010,2.11406472648392,3.13,9797484.0,,112.795959472656,1.04
Benin,2011,2.96375291904201,4.14832,10093623.0,68.4,114.723129272461,2.647
Benin,2012,4.811223315688,4.5,10397657.0,,118.541481018066,2.406
Benin,2013,7.19143372144946,4.9,10708834.0,,119.383087158203,2.099
Benin,2014,6.35767909791932,6.0,11030004.0,,119.675392150879,1.872
Benin,2015,1.77815106030278,11.255,11360681.0,65.8,121.990882873535,1.82
Benin,2016,3.33967342629693,14.5,11697842.0,,120.301116943359,1.784
Benin,2017,5.67156195150444,18.7,12039780.0,,116.291519165039,1.659
Benin,2018,6.69725362180888,19.0,12383347.0,37.2,111.805068969727,1.41
Benin,2019,6.86568662848335,20.5,12726755.0,,106.798400878906,1.214
Benin,2020,3.84879240030133,22.1206,13070169.0,,104.033172607422,1.502
Benin,2021,7.1554516457574,28.2047,13413417.0,27.2,105.631301879883,1.779
Benin,2022,6.25294705373625,30.0134,13759501.0,,108.036239624023,1.685
Benin,2023,6.3527773854442,32.2083,14111034.0,,,1.657
Benin,2024,7.45311566226201,,14462724.0,,,1.722
Bermuda,2000,9.31715641086083,42.9499,61550.0,,,
Bermuda,2001,7.22243553752608,47.5097,61867.0,,103.549797058105,
Bermuda,2002,-1.47779059768867,52.0316,62142.0,,102.935012817383,
Bermuda,2003,3.41070667687531,56.522,62386.0,,103.237411499023,
Bermuda,2004,2.32126722323136,60.9909,62555.0,,102.27513885498,
Bermuda,2005,1.67420611410508,65.4471,62711.0,,100.932991027832,
Bermuda,2006,5.5438663804406,69.8997,62834.0,,99.383903503418,
Bermuda,2007,3.34513970877607,74.3506,63010.0,,,
Bermuda,2008,-1.86595582635186,82.3,63300.0,,,
Bermuda,2009,-5.6266977105161,83.25,63565.0,,,
Bermuda,2010,-2.50287828947368,84.21,63725.0,,106.171371459961,
Bermuda,2011,-3.74274431740703,88.336,63733.0,,103.870971679688,
Bermuda,2012,-5.30529910675297,91.2993,63646.0,,101.248802185059,
Bermuda,2013,-0.279708545423034,95.3,63574.0,,99.5652236938477,
Bermuda,2014,-3.70106759364258,96.8,63529.0,,100.564140319824,
Bermuda,2015,0.775529699568978,98.3236,63464.0,,102.673927307129,
Bermuda,2016,-0.657206304259205,98.0,63449.0,,,
Bermuda,2017,3.61141983706115,98.37,63578.0,,,
Bermuda,2018,-0.432801300339307,,63831.0,,,
Bermuda,2019,0.307106461240664,,64107.0,,,
Bermuda,2020,-6.82757303480177,,64382.0,,,
Bermuda,2021,4.60742917109469,,64648.0,,,
Bermuda,2022,6.47622571186707,,64749.0,,,
Bermuda,2023,4.91721557264164,,64698.0,,92.8512496948242,
Bermuda,2024,2.10536882220231,,64636.0,,,
Bhutan,2000,3.35506838174288,0.400944,596863.0,,77.8631820678711,1.66
Bhutan,2001,7.32837435673082,0.864629,610794.0,,79.7490081787109,1.9
Bhutan,2002,10.4437797168913,1.6758,624409.0,,81.8688430786133,1.853
Bhutan,2003,7.78656040877364,2.43691,637663.0,23.1,84.8784332275391,1.8
Bhutan,2004,5.15725736177561,3.15698,650544.0,,88.8356399536133,2.49
Bhutan,2005,6.93507146766659,3.84711,661865.0,,92.4433975219727,3.1
Bhutan,2006,5.6408051539139,4.51832,670799.0,,97.0613403320312,3.13
Bhutan,2007,16.1047836542012,5.92,678641.0,12.0,101.103286743164,3.7
Bhutan,2008,4.52944877696235,6.55,686351.0,,104.533050537109,3.842
Bhutan,2009,7.66749238553135,7.17,693988.0,,109.009880065918,3.96
Bhutan,2010,11.9318738376229,13.6,701632.0,,111.975852966309,3.32
Bhutan,2011,8.4892584842808,14.4,709377.0,,113.566772460938,3.23
Bhutan,2012,5.16482012683895,15.6,717279.0,3.6,113.019607543945,2.05
Bhutan,2013,1.73634039505693,22.4,725273.0,,106.841247558594,2.87
Bhutan,2014,5.88108550658288,30.3,733139.0,,104.719581604004,2.63
Bhutan,2015,6.66080128866197,39.8,740618.0,,103.099495619907,2.45
Bhutan,2016,8.47594339232963,46.5,747866.0,,101.324020385742,2.705
Bhutan,2017,2.08684522733067,54.3,754335.0,2.6,99.7447717881834,3.016
Bhutan,2018,3.50187185732737,63.5,759759.0,,99.3060254263897,3.35
Bhutan,2019,5.75514851246506,74.1794,764824.0,,97.989926908949,2.72
Bhutan,2020,-10.2183974208569,76.8508,770006.0,,103.826009511759,5.03
Bhutan,2021,4.42136738945015,85.6369,775442.0,,105.461046747645,4.803
Bhutan,2022,5.21386783786224,86.2903,780914.0,0.0,105.266151405341,5.947
Bhutan,2023,4.88259396253632,88.426,786385.0,,106.687397950258,3.126
Bhutan,2024,,,791524.0,,114.881123575514,2.856
Bolivia,2000,2.50781080899483,1.44276,8606326.0,28.3,119.13207244873,2.447
Bolivia,2001,1.68379912721825,2.12046,8752736.0,22.3,118.06078338623,2.636
Bolivia,2002,2.48556573783829,3.11719,8900355.0,23.9,118.543472290039,2.613
Bolivia,2003,2.71133983700673,3.5086,9050700.0,,116.677192687988,2.664
Bolivia,2004,4.17329558916248,4.43992,9204287.0,13.2,115.955810546875,2.622
Bolivia,2005,4.42143312687979,5.22758,9360754.0,18.7,115.199371337891,2.603
Bolivia,2006,4.79700882356067,6.20067,9521689.0,15.9,113.561637878418,2.577
Bolivia,2007,4.56438426887887,10.4992,9685960.0,12.1,112.767723083496,2.616
Bolivia,2008,6.14849787462164,12.5,9850858.0,10.6,111.650062561035,2.603
Bolivia,2009,3.35699957430565,16.8,10016275.0,10.0,108.031242370605,2.973
Bolivia,2010,4.1267225910567,22.4,10182345.0,,104.396370229571,2.608
Bolivia,2011,5.204092443086,30.0,10348929.0,6.9,100.921849072087,2.255
Bolivia,2012,5.12227558091757,35.34,10515807.0,7.9,98.3129253076371,2.066
Bolivia,2013,6.79601142810841,36.99,10682608.0,6.8,96.8904736314233,2.437
Bolivia,2014,5.46056950635136,34.6016,10848888.0,5.6,95.4654700824142,2.021
Bolivia,2015,4.85718717971413,37.4868,11014705.0,6.2,95.0961939865757,3.111
Bolivia,2016,4.26392086382113,39.6975,11180020.0,7.2,95.5387659267627,3.498
Bolivia,2017,4.19520633360395,43.8323,11344587.0,6.4,96.4475043810472,3.655
Bolivia,2018,4.22362365271844,44.2861,11508368.0,4.7,97.122722190495,3.519
Bolivia,2019,2.21670563961031,47.4748,11671386.0,3.1,97.6714741591375,3.682
Bolivia,2020,-8.7378843576993,59.9401,11816299.0,4.2,98.2369486079625,7.903
Bolivia,2021,6.11137269714146,65.9774,11937360.0,3.1,98.4694228398409,5.089
Bolivia,2022,3.60568042633635,67.3612,12077154.0,3.3,99.1960878877715,3.552
Bolivia,2023,3.08196521047731,70.2368,12244159.0,2.8,98.5726894625786,3.024
Bolivia,2024,1.38468278972252,,12413315.0,,,3.091
Bosnia and Herzegovina,2000,5.41431594987489,1.08296,4159771.0,,,25.187
Bosnia and Herzegovina,2001,2.42331317180992,1.20053,4179438.0,0.6,,26.289
Bosnia and Herzegovina,2002,5.02744420733983,2.64827,4188002.0,,,27.312
Bosnia and Herzegovina,2003,3.8671387951343,3.96504,4178523.0,,,28.447
Bosnia and Herzegovina,2004,6.32526616861466,15.469,4140987.0,0.4,,29.276
Bosnia and Herzegovina,2005,3.89717798992193,21.3267,4096493.0,,,30.227
Bosnia and Herzegovina,2006,5.41400357079434,25.1224,4063272.0,,,31.11
Bosnia and Herzegovina,2007,5.85712634217094,27.92,4013424.0,0.2,108.796783447266,28.984
Bosnia and Herzegovina,2008,5.44383103450177,34.66,3947544.0,,106.622398376465,23.405
Bosnia and Herzegovina,2009,-3.00445593013346,37.74,3879794.0,,108.094970703125,24.068
Bosnia and Herzegovina,2010,0.865669260237084,42.75,3811472.0,,88.7070770263672,27.312
Bosnia and Herzegovina,2011,0.959511247241267,43.8877,3741798.0,0.2,89.0985412597656,27.582
Bosnia and Herzegovina,2012,-0.821836474216894,45.0645,3670113.0,,89.2094192504883,28.01
Bosnia and Herzegovina,2013,2.3498566632458,48.5213,3610859.0,,89.4869613647461,27.49
Bosnia and Herzegovina,2014,1.15385109200403,49.9177,3564829.0,,91.2244415283203,27.517
Bosnia and Herzegovina,2015,4.31475061116335,52.6,3518541.0,,94.695442199707,27.695
Bosnia and Herzegovina,2016,3.24225521171914,60.2565,3473003.0,,96.1386337280273,25.408
Bosnia and Herzegovina,2017,3.24410095889466,64.892,3428682.0,,98.2435989379883,20.527
Bosnia and Herzegovina,2018,3.82749920546897,70.1201,3387000.0,,99.7165832519531,18.4
Bosnia and Herzegovina,2019,2.88734334414875,69.9463,3345533.0,,100.929710388184,15.692
Bosnia and Herzegovina,2020,-3.01509514759861,73.2118,3299349.0,,100.263931274414,15.868
Bosnia and Herzegovina,2021,7.38996234012757,75.6762,3244907.0,,101.168617248535,14.897
Bosnia and Herzegovina,2022,4.22681101095546,78.8455,3204802.0,,101.604507446289,12.657
Bosnia and Herzegovina,2023,1.99439520319464,83.3772,3185073.0,,101.194877624512,10.668
Bosnia and Herzegovina,2024,2.48004708382834,86.1009,3164253.0,,,10.723
Botswana,2000,1.98769583378552,2.90267,1677382.0,,107.469581604004,15.88
Botswana,2001,0.250573949689084,3.43089,1712254.0,,108.973907470703,18.54
Botswana,2002,6.06953087648317,3.38592,1744763.0,34.8,109.583213806152,21.268
Botswana,2003,4.62589474959299,3.34519,1775736.0,,110.270523071289,23.8
Botswana,2004,2.70582170611173,3.30489,1807146.0,,110.615211486816,21.758
Botswana,2005,4.55664565323181,3.26255,1839877.0,,111.46208190918,19.847
Botswana,2006,8.36387109282306,4.28993,1874516.0,,112.33056640625,17.782
Botswana,2007,5.79255577727118,5.28,1911201.0,,111.439659118652,16.998
Botswana,2008,3.25207295796832,6.25,1949970.0,,110.978363037109,16.328
Botswana,2009,-14.1442346163423,6.15,1990673.0,21.1,111.213661193848,16.169
Botswana,2010,10.1197233309093,6.0,2033111.0,,,17.86
Botswana,2011,6.83841050060252,9.0,2073535.0,,,18.054
Botswana,2012,-0.170857116593709,16.0,2108617.0,,107.411979939614,17.952
Botswana,2013,11.1029068778778,30.0,2140682.0,,105.315561116255,18.203
Botswana,2014,5.69714422027599,36.7447,2172044.0,,101.616607294624,18.514
Botswana,2015,-4.85132504617629,37.3121,2203273.0,21.4,101.623352050781,18.93
Botswana,2016,7.20442475914267,42.2576,2234776.0,,,19.329
Botswana,2017,4.11437856026637,47.8587,2266747.0,,,19.664
Botswana,2018,4.1886923900019,54.2022,2299141.0,,,19.681
Botswana,2019,3.03177337082403,61.3865,2332083.0,,,20.094
Botswana,2020,-8.72888241149465,69.523,2365894.0,,,21.017
Botswana,2021,11.916272413183,78.738,2401441.0,,104.619979858398,23.106
Botswana,2022,5.48601706446772,80.3696,2439892.0,,109.27325614686,23.615
Botswana,2023,3.20806812224438,81.36,2480244.0,,,23.381
Botswana,2024,-2.98986879467928,,2521139.0,,,23.138
Brazil,2000,4.38794944745618,2.87069,174018282.0,,,10.889
Brazil,2001,1.38989640095637,4.52849,176301203.0,17.5,,10.649
Brazil,2002,3.05346185909312,9.14943,178503484.0,16.2,,10.641
Brazil,2003,1.14082899824888,13.2076,180622688.0,17.1,,11.168
Brazil,2004,5.75996463670954,19.0737,182675143.0,15.3,,10.072
Brazil,2005,3.20213206130431,21.0227,184688101.0,13.7,,10.551
Brazil,2006,3.96198871122617,28.1784,186653106.0,11.4,,9.692
Brazil,2007,6.06987060678338,30.88,188552320.0,10.8,,9.28
Brazil,2008,5.09419544658736,33.83,190367302.0,9.1,,8.268
Brazil,2009,-0.125812002161169,39.22,192079951.0,8.4,,9.419
Brazil,2010,7.52822581815364,40.65,193701929.0,,,8.422
Brazil,2011,3.97442307944702,45.69,195284734.0,7.1,,7.578
Brazil,2012,1.92117598576537,48.56,196876111.0,6.4,104.7822265625,7.251
Brazil,2013,3.00482266944432,51.04,198478299.0,5.4,109.945137023926,7.071
Brazil,2014,0.503955740242247,54.551,200085127.0,4.7,110.316467285156,6.755
Brazil,2015,-3.54576339269425,58.328,201675532.0,5.4,109.152191162109,8.538
Brazil,2016,-3.27591690782192,60.8725,203218114.0,6.5,108.757843017578,11.58
Brazil,2017,1.32286905404399,67.4713,204703445.0,6.9,109.80850982666,12.792
Brazil,2018,1.783666761634,70.4343,206107261.0,6.9,108.623291015625,12.329
Brazil,2019,1.22077782360842,73.9124,207455459.0,7.0,107.40747833252,11.936
Brazil,2020,-3.2767587964736,81.3427,208660842.0,2.8,105.498199462891,13.697
Brazil,2021,4.76260437908608,80.6899,209550294.0,7.5,103.4716796875,13.158
Brazil,2022,3.01669435393015,80.5278,210306415.0,4.9,103.970321655273,9.231
Brazil,2023,3.24165532906981,84.1506,211140729.0,3.8,,7.947
Brazil,2024,3.39586645454844,84.4635,211998573.0,,,7.634
British Virgin Islands,2000,,,20241.0,,111.543090820312,
British Virgin Islands,2001,,,20796.0,,108.271560668945,
British Virgin Islands,2002,,18.8857,21430.0,,108.616691589355,
British Virgin Islands,2003,,,22134.0,,106.799850463867,
British Virgin Islands,2004,,,22881.0,,107.827423095703,
British Virgin Islands,2005,,,23665.0,,109.234832763672,
British Virgin Islands,2006,,,24493.0,,108.500366210938,
British Virgin Islands,2007,,,25366.0,,112.366188049316,
British Virgin Islands,2008,,,26288.0,,,
British Virgin Islands,2009,,36.0,27218.0,,112.275657653809,
British Virgin Islands,2010,,37.0,27675.0,,111.455431754875,
British Virgin Islands,2011,,37.4,28710.0,,108.731808731809,
British Virgin Islands,2012,,37.6,30345.0,,104.872389791183,
British Virgin Islands,2013,,,31703.0,,101.782871696912,
British Virgin Islands,2014,,,32962.0,,97.7333730987176,
British Virgin Islands,2015,,,34498.0,,96.3834672789897,
British Virgin Islands,2016,,77.7014,33878.0,,91.9933277731443,
British Virgin Islands,2017,,77.7043,32699.0,,100.15019525383,
British Virgin Islands,2018,,,34657.0,,78.5891858297079,
British Virgin Islands,2019,,,36395.0,,85.2448853068816,
British Virgin Islands,2020,,,37135.0,,86.852207293666,
British Virgin Islands,2021,,,37809.0,,92.6870177792687,
British Virgin Islands,2022,,,38319.0,,73.1715698242188,
British Virgin Islands,2023,,,38985.0,,87.3165618448637,
British Virgin Islands,2024,,,39471.0,,72.7799911499023,
Brunei Darussalam,2000,3.47467625024112,8.99628,326424.0,,112.037879943848,5.459
Brunei Darussalam,2001,1.46606051123892,12.9178,333345.0,,110.13542175293,5.499
Brunei Darussalam,2002,3.96143911729992,15.3299,340099.0,,112.115310668945,5.575
Brunei Darussalam,2003,3.58342892575843,19.595,346637.0,,116.92626953125,5.663
Brunei Darussalam,2004,0.104538440167488,29.7156,352911.0,,119.105339050293,5.786
Brunei Darussalam,2005,-0.00392518871980485,36.4664,358916.0,,119.844757080078,5.931
Brunei Darussalam,2006,4.09841260978121,42.1863,364663.0,,121.505966186523,5.997
Brunei Darussalam,2007,-3.76362347570418,44.68,370873.0,,122.321258544922,6.091
Brunei Darussalam,2008,-3.90071082085659,46.0,377793.0,,116.783126831055,6.216
Brunei Darussalam,2009,-1.90025386182131,49.0,384952.0,,112.532432556152,6.411
Brunei Darussalam,2010,2.74136433514822,53.0,392332.0,,108.70580714953,6.455
Brunei Darussalam,2011,3.74440638728039,56.0,399389.0,,104.830894583323,6.442
Brunei Darussalam,2012,0.913135324414256,60.2731,405557.0,,103.310538143682,6.482
Brunei Darussalam,2013,-2.12478318620758,64.5,411202.0,,103.895142180095,6.655
Brunei Darussalam,2014,-2.50788721630481,68.77,416750.0,,103.847709576297,6.862
Brunei Darussalam,2015,-0.392383487933529,71.2,422212.0,,104.185794604632,7.726
Brunei Darussalam,2016,-2.47791776520457,90.0,427564.0,,105.726377387079,8.574
Brunei Darussalam,2017,1.32872651318183,94.8667,432772.0,,104.567053854277,9.316
Brunei Darussalam,2018,0.0523710544736673,95.0,437810.0,,104.179996298549,8.7
Brunei Darussalam,2019,3.86884416432889,95.0,442680.0,,103.033008586959,6.6
Brunei Darussalam,2020,1.13357340605403,96.3055,447404.0,,102.709633966272,7.409
Brunei Darussalam,2021,-1.59076248075436,97.6288,451721.0,,101.387926832397,4.905
Brunei Darussalam,2022,-1.62833154022366,98.9704,455370.0,,99.134912983916,5.191
Brunei Darussalam,2023,1.12764419161606,99.0336,458949.0,,96.9292188716198,5.183
Brunei Darussalam,2024,4.20037273472056,,462721.0,,,5.144
Bulgaria,2000,4.58722551038977,5.37092,8170172.0,,104.70467376709,16.218
Bulgaria,2001,3.82370437398085,7.6123,8009142.0,4.7,105.339256286621,19.921
Bulgaria,2002,5.87193118968936,9.08,7837161.0,,109.646987915039,18.11
Bulgaria,2003,5.23715363472283,12.04,7775327.0,2.2,111.694488525391,13.733
Bulgaria,2004,6.51042517431171,18.13,7716860.0,,111.75122833252,12.037
Bulgaria,2005,7.05634921181696,19.97,7658972.0,,110.920433044434,10.083
Bulgaria,2006,6.80258898745842,27.09,7601022.0,8.0,108.823188781738,8.951
Bulgaria,2007,6.65438764900219,33.64,7545338.0,2.5,106.104972839355,6.878
Bulgaria,2008,6.12955879901182,39.67,7492561.0,1.9,104.157562255859,5.609
Bulgaria,2009,-3.34714136704206,45.0,7444443.0,1.8,102.061912536621,6.817
Bulgaria,2010,1.55535963462032,46.23,7395599.0,2.7,101.400619506836,10.279
Bulgaria,2011,2.09017527015538,47.98,7348328.0,3.4,101.120269775391,11.26
Bulgaria,2012,0.748814896796574,51.9,7305888.0,3.0,100.363082885742,12.27
Bulgaria,2013,-0.542751603030155,53.0615,7160005.0,3.3,98.7911834716797,12.941
Bulgaria,2014,0.949448985090484,55.4904,7073572.0,2.7,99.2496109008789,11.424
Bulgaria,2015,3.39755325869422,56.6563,6984225.0,4.6,99.1272201538086,9.143
Bulgaria,2016,3.02662893138918,59.8255,6894139.0,3.1,98.0771636962891,7.575
Bulgaria,2017,2.74592644707793,63.4101,6803468.0,2.0,97.5942993164062,6.164
Bulgaria,2018,2.5494643471818,64.782,6710798.0,1.5,96.7923202514648,5.211
Bulgaria,2019,3.78885036478003,67.947,6616726.0,1.6,96.4398803710938,4.23
Bulgaria,2020,-3.21573743445016,70.1625,6550696.0,0.7,96.5437622070312,5.125
Bulgaria,2021,7.78061481406978,75.2714,6507301.0,1.2,95.6110992431641,5.267
Bulgaria,2022,4.03877758301681,79.1269,6465097.0,1.1,95.8885192871094,4.268
Bulgaria,2023,1.88681483907177,80.3896,6446596.0,1.0,95.4232177734375,4.319
Bulgaria,2024,2.81082775188881,82.439,6444366.0,,,4.104
Burkina Faso,2000,1.88847388906525,0.0770802,11925546.0,,42.8175315856934,2.679
Burkina Faso,2001,6.61340574539679,0.157732,12295001.0,,44.3381385803223,2.74
Burkina Faso,2002,4.35296382988099,0.200993,12680897.0,,45.1330909729004,2.851
Burkina Faso,2003,7.80249388870359,0.37344,13082532.0,69.6,47.5335502624512,2.78
Burkina Faso,2004,4.47845213670386,0.400295,13500533.0,,52.1790885925293,3.473
Burkina Faso,2005,8.66187322841225,0.469914,13932123.0,,56.6982612609863,4.0
Burkina Faso,2006,6.25316468817478,0.632708,14373707.0,,60.375,3.669
Burkina Faso,2007,4.11137901761516,0.75,14816307.0,,65.8891830444336,3.3
Burkina Faso,2008,5.79999174105387,0.92,15258093.0,,71.3662185668945,3.496
Burkina Faso,2009,2.96195085866692,1.13,15710066.0,67.2,75.7858963012695,3.711
Burkina Faso,2010,8.44628157707625,2.4,16176498.0,,76.4055299539171,3.723
Burkina Faso,2011,6.62256261306693,3.0,16661908.0,,79.7322151346571,3.827
Burkina Faso,2012,6.45267237953146,3.72503,17172287.0,,81.98174251568,3.856
Burkina Faso,2013,5.79258484509867,5.0,17695409.0,,83.2890892862992,4.055
Burkina Faso,2014,4.32684561452976,6.0,18229461.0,58.7,84.5538716285922,4.251
Burkina Faso,2015,3.9212287937935,6.55,18777487.0,,85.1484827713554,4.461
Burkina Faso,2016,5.95797670754024,7.14,19334856.0,,87.4065255935815,4.587
Burkina Faso,2017,6.20348941121868,7.79,19894407.0,,89.5118329042903,4.656
Burkina Faso,2018,6.60456906812341,8.5,20438288.0,47.7,91.5019771306419,4.695
Burkina Faso,2019,5.88920497068135,9.27181,20961952.0,,89.7861564043823,4.71
Burkina Faso,2020,2.01077262406221,10.7927,21478690.0,,87.6988473437538,5.04
Burkina Faso,2021,6.94252492572348,12.5631,21995243.0,42.1,87.0183353617198,5.2
Burkina Faso,2022,1.4972397409897,14.6238,22509038.0,,82.2567064320916,5.389
Burkina Faso,2023,2.96018147384929,17.0226,23025776.0,,72.2385948607578,5.348
Burkina Faso,2024,4.98510300625183,,23548781.0,,77.1665925504108,5.166
Burundi,2000,-0.856864058424151,0.0772484,6470194.0,,59.2368316650391,3.129
Burundi,2001,2.05580710835243,0.106001,6634365.0,,61.9382514953613,3.15
Burundi,2002,4.44651941224797,0.118228,6824132.0,,68.6379928588867,3.169
Burundi,2003,-1.22372796023444,0.201273,7043154.0,,74.1769638061523,3.134
Burundi,2004,4.83365776809453,0.34906,7310656.0,,79.2554397583008,3.177
Burundi,2005,0.900000000901912,0.542143,7587299.0,,84.5035934448242,3.153
Burundi,2006,5.41380714491444,0.657593,7865547.0,81.5,107.597122192383,3.185
Burundi,2007,3.45194856381943,0.7,8161874.0,,120.352416992188,2.401
Burundi,2008,4.86171636712641,0.81,8505637.0,,123.768852233887,1.634
Burundi,2009,3.81274536633418,0.9,8947646.0,,131.400833129883,1.621
Burundi,2010,5.12415999439806,1.0,9376444.0,,135.159734772168,1.616
Burundi,2011,4.03259998844415,1.11,9717978.0,,135.992222159155,1.602
Burundi,2012,4.44670633111495,1.22,10071028.0,,131.357142093473,1.593
Burundi,2013,4.92418989834684,1.26422,10439341.0,75.8,126.110240344608,1.584
Burundi,2014,4.24065021402657,1.04239,10799785.0,,121.424109579602,1.572
Burundi,2015,-3.9000000804855,2.0,11047580.0,,116.228128078144,1.442
Burundi,2016,-0.600000909116389,2.2,11239451.0,,112.482124155559,1.347
Burundi,2017,0.500001262429279,2.66075,11506762.0,,107.55418011941,1.247
Burundi,2018,1.60993542127714,4.0,11859446.0,,104.256445289133,1.146
Burundi,2019,1.81256532401552,6.1,12255336.0,,101.506122486696,1.043
Burundi,2020,0.327156892638385,9.17302,12617036.0,74.2,101.661087301601,1.03
Burundi,2021,3.09999999870627,10.9847,12965481.0,,,1.118
Burundi,2022,1.84899943948213,11.0009,13321097.0,,,0.915
Burundi,2023,2.66553960418187,11.0784,13689450.0,,,0.921
Burundi,2024,3.48923174838968,,14047786.0,,,0.902
Cabo Verde,2000,14.2848688450919,1.82244,453317.0,,116.196441650391,13.088
Cabo Verde,2001,2.23165454528898,2.68533,460293.0,37.1,115.448791503906,13.278
Cabo Verde,2002,5.25089116960211,3.51876,467046.0,,115.544151306152,13.397
Cabo Verde,2003,4.17625932578332,4.32489,473383.0,,114.57283782959,13.592
Cabo Verde,2004,10.197072633926,5.31883,479370.0,,112.934593200684,13.465
Cabo Verde,2005,6.91245795720201,6.07409,485115.0,,112.191917419434,13.45
Cabo Verde,2006,7.98375044795048,6.80891,490728.0,,112.301071166992,13.397
Cabo Verde,2007,15.1706879735517,8.28322,496190.0,26.2,110.927947998047,13.323
Cabo Verde,2008,7.03901129565128,14.0,501355.0,,109.969436645508,13.335
Cabo Verde,2009,-1.50358672385678,21.0,506141.0,,108.620460510254,13.517
Cabo Verde,2010,1.83641914989978,30.0,509784.0,,107.555528675325,10.67
Cabo Verde,2011,3.92471821338283,32.0,511447.0,,107.478306845395,10.948
Cabo Verde,2012,1.08364848376166,34.74,511955.0,,108.38813689184,11.142
Cabo Verde,2013,0.632136727385131,37.5,512225.0,,108.020740500689,11.392
Cabo Verde,2014,0.696666840118581,40.26,512326.0,,107.53603339203,11.674
Cabo Verde,2015,0.936026507808833,42.683,512394.0,14.6,105.850444928795,11.907
Cabo Verde,2016,4.28071482662371,50.3228,512554.0,,104.433854930994,12.077
Cabo Verde,2017,4.5513148102974,57.1621,512893.0,,104.154022187951,12.24
Cabo Verde,2018,3.70696458310842,59.5,513415.0,,105.84560911247,12.17
Cabo Verde,2019,6.94782634051859,61.9434,514104.0,,105.208665983159,12.128
Cabo Verde,2020,-20.8052758990735,69.3734,514679.0,,103.42828248778,14.69
Cabo Verde,2021,7.03353010694514,70.2825,516649.0,,103.025970530848,13.976
Cabo Verde,2022,15.843675684642,72.7601,519741.0,,102.973013922324,12.246
Cabo Verde,2023,5.3911442736601,73.539,522331.0,,,11.971
Cabo Verde,2024,7.27188147204411,,524877.0,,,11.878
Cambodia,2000,9.99358032292079,0.0470226,12462336.0,,102.792739868164,0.744
Cambodia,2001,7.38971065070517,0.0769561,12658484.0,,110.342948913574,0.774
Cambodia,2002,6.26507280509637,0.226983,12855241.0,,123.66854095459,0.852
Cambodia,2003,10.2836813071691,0.26057,13050968.0,,126.512390136719,0.909
Cambodia,2004,9.45769481103929,0.300437,13244731.0,,129.020355224609,1.003
Cambodia,2005,13.3033338358455,0.317322,13439202.0,,129.551315307617,1.064
Cambodia,2006,10.9433600681694,0.468357,13639028.0,,128.404861450195,1.152
Cambodia,2007,10.398458101201,0.49,13841770.0,,127.717086791992,1.257
Cambodia,2008,7.47636606631011,0.51,14053479.0,,124.066017150879,0.825
Cambodia,2009,4.07477850599065,0.53,14276810.0,,123.781600952148,0.579
Cambodia,2010,5.07691843229247,1.26,14500726.0,,123.357803344727,0.771
Cambodia,2011,7.28665813879552,3.1,14722584.0,,118.762440557356,0.577
Cambodia,2012,7.65025657870362,4.94,14945085.0,,115.41843697639,0.496
Cambodia,2013,7.8574997554252,6.0,15170208.0,,115.808136523857,0.438
Cambodia,2014,8.00032074618566,14.0,15396772.0,,108.942219609284,0.692
Cambodia,2015,7.20703472529512,6.43319,15623251.0,,103.759672683505,0.393
Cambodia,2016,7.90550116130704,32.3985,15852803.0,,101.734266788056,0.716
Cambodia,2017,8.07503915535979,32.9003,16073372.0,,100.69503505776,0.141
Cambodia,2018,8.77622376224463,,16274522.0,,99.6739108443274,0.13
Cambodia,2019,7.93695013588524,52.3059,16481304.0,,100.480819545412,0.119
Cambodia,2020,-3.55572193406549,53.6508,16725474.0,,107.021018981934,0.172
Cambodia,2021,3.08984284151994,57.9592,16974305.0,,105.282475574163,0.396
Cambodia,2022,5.12990110767267,59.6606,17201724.0,,106.331544381276,0.231
Cambodia,2023,5.00733043812642,60.7171,17423880.0,,107.039014463223,0.225
Cambodia,2024,6.01581457354608,,17638801.0,,108.971332849667,0.27
Cameroon,2000,3.83241779430614,0.25212,14912631.0,,88.4889526367188,7.536
Cameroon,2001,4.32426119221549,0.277051,15309490.0,30.8,104.278312683105,7.46
Cameroon,2002,4.47702683369155,0.360872,15725528.0,,104.316276550293,6.709
Cameroon,2003,5.45315368881347,0.587623,16160340.0,,104.626373291016,5.908
Cameroon,2004,7.04886281858374,0.976075,16610487.0,,109.464706420898,5.091
Cameroon,2005,2.22827020924117,1.40265,17074594.0,,107.316940307617,4.4
Cameroon,2006,3.80958327566137,2.02874,17550407.0,,105.712219238281,3.729
Cameroon,2007,4.32758900972871,2.93,18049896.0,36.0,107.514030456543,3.063
Cameroon,2008,2.8476778892105,3.4,18574056.0,,107.606048583984,3.387
Cameroon,2009,2.57925177738754,3.84,19113974.0,,109.50218963623,3.744
Cameroon,2010,2.89902472122014,4.3,19668066.0,,111.23470536902,4.11
Cameroon,2011,3.37921128506045,5.0,20232304.0,,110.019145783217,3.987
Cameroon,2012,4.62597872209571,7.5,20809529.0,,114.354228488521,3.835
Cameroon,2013,4.99552916130783,10.0,21402376.0,,,3.685
Cameroon,2014,5.71981814509198,16.2149,22059893.0,29.0,115.30420057953,3.534
Cameroon,2015,5.66695298703932,18.3,22763414.0,,117.753568320161,3.518
Cameroon,2016,4.53579423678801,20.6,23454161.0,,117.173043298412,3.528
Cameroon,2017,3.54117654926007,23.203,24128601.0,,111.221389894314,3.568
Cameroon,2018,3.95551423892049,29.7,24806383.0,,104.334202125375,3.601
Cameroon,2019,3.47505998194981,36.5392,25506095.0,,106.75480128827,3.622
Cameroon,2020,0.259932915907115,41.2264,26210558.0,,,3.87
Cameroon,2021,3.33885747179505,42.0405,26915758.0,26.7,110.107790367283,3.973
Cameroon,2022,3.7367840056412,41.775,27632771.0,,112.494636113484,3.653
Cameroon,2023,3.24834497823876,41.9088,28372687.0,,114.424832636759,3.613
Cameroon,2024,3.67074284680984,,29123744.0,,114.407278765947,3.518
Canada,2000,5.1385391803606,51.3,30685730.0,0.2,99.4177627563477,6.829
Canada,2001,1.87509810696022,60.2,31020855.0,0.2,,7.219
Canada,2002,2.99925535017809,61.5933,31359199.0,0.2,,7.665
Canada,2003,1.80638512302554,64.2,31642461.0,0.2,,7.574
Canada,2004,3.09236384292251,65.956,31938807.0,0.2,99.4407424926758,7.185
Canada,2005,3.21045439063563,71.66,32242732.0,0.2,98.5980606079102,6.758
Canada,2006,2.63794375007348,72.4,32571193.0,0.2,99.76953125,6.484
Canada,2007,2.04990463726786,73.2,32888886.0,0.2,99.5414810180664,6.156
Canada,2008,0.995406301140747,76.7,33247298.0,0.2,98.6080932617188,6.284
Canada,2009,-2.91508621550267,80.3,33630069.0,0.2,99.6073379516602,8.46
Canada,2010,3.09080634469335,80.3,34005902.0,0.2,99.1343688964844,8.178
Canada,2011,3.13719442170364,83.0,34339221.0,0.2,98.5625991821289,7.637
Canada,2012,1.75566129145483,83.0,34713395.0,0.2,99.4907531738281,7.392
Canada,2013,2.32581354806429,85.8,35080992.0,0.5,99.3867797851562,7.143
Canada,2014,2.87346677785811,87.12,35434066.0,0.2,99.5252914428711,7.023
Canada,2015,0.649971001734855,90.0,35704498.0,0.5,99.8602600097656,6.945
Canada,2016,1.03855092490855,91.16,36110803.0,0.5,98.5500411987305,7.038
Canada,2017,3.03383491200222,92.7014,36545075.0,0.5,98.6322402954102,6.426
Canada,2018,2.74296344906655,94.64,37072620.0,0.2,98.6617813110352,5.837
Canada,2019,1.90843194590616,91.9129,37618495.0,0.2,97.1875534057617,5.69
Canada,2020,-5.03823343468899,92.3,38028638.0,0.2,96.9089736938477,9.657
Canada,2021,5.95052802804381,93.9371,38239864.0,0.2,95.229621887207,7.527
Canada,2022,4.18903628100851,94.0,38935934.0,,94.7449798583984,5.279
Canada,2023,1.52874550838358,93.9564,40083484.0,,94.9523391723633,5.415
Canada,2024,1.5280811085284,,41288599.0,,,6.45
Cayman Islands,2000,,,39674.0,,108.018867492676,
Cayman Islands,2001,,,41089.0,,108.135276794434,
Cayman Islands,2002,,,42514.0,,107.187782287598,
Cayman Islands,2003,,,43934.0,,,
Cayman Islands,2004,,,45352.0,,99.5556869506836,
Cayman Islands,2005,,38.0344,46788.0,,95.6598815917969,
Cayman Islands,2006,,44.5,48232.0,,99.5684661865234,
Cayman Islands,2007,3.16262522652799,52.0,49687.0,,103.577423095703,
Cayman Islands,2008,-0.357401201092983,61.0,51151.0,,102.496566772461,
Cayman Islands,2009,-7.20048244664706,64.5,52618.0,,,
Cayman Islands,2010,-2.71563526217577,66.0,54099.0,,,
Cayman Islands,2011,1.16906219839106,69.4659,55606.0,,103.911342894394,
Cayman Islands,2012,1.22975365701149,69.7,57136.0,,103.277848911652,
Cayman Islands,2013,1.27933101999021,71.4,58655.0,,98.6759930052461,
Cayman Islands,2014,2.65452798451271,74.1,60160.0,,,
Cayman Islands,2015,2.8331222262961,77.0,61642.0,,,
Cayman Islands,2016,3.23997433895669,79.0,63100.0,,,
Cayman Islands,2017,3.18404592334522,81.0677,64535.0,,,
Cayman Islands,2018,4.26726745249641,,65941.0,,92.0753908759906,
Cayman Islands,2019,3.91563534249416,,67327.0,,94.3210930828352,
Cayman Islands,2020,-4.95480640759244,,68684.0,,97.6523799267715,
Cayman Islands,2021,4.90492941270442,,70108.0,,95.4784899034241,
Cayman Islands,2022,5.15632954248333,,71591.0,,98.3856700574967,
Cayman Islands,2023,4.35967595700366,,73038.0,,101.441241685144,
Cayman Islands,2024,,,74457.0,,95.7366909653192,
Central African Republic,2000,-2.48943244028874,0.0533942,3833416.0,,,5.362
Central African Republic,2001,4.46473902640867,0.0785434,3919487.0,,68.3127670288086,5.405
Central African Republic,2002,3.61654219150596,0.128537,4006077.0,,60.4311485290527,5.437
Central African Republic,2003,-5.39748521855877,0.151563,4103086.0,,59.6871795654297,5.433
Central African Republic,2004,5.99488422798696,0.223401,4192826.0,,51.2870597839355,5.352
Central African Republic,2005,0.908210514871953,0.268196,4288810.0,,57.085090637207,5.314
Central African Republic,2006,4.77108543044105,0.311159,4377579.0,,56.7010307312012,5.235
Central African Republic,2007,4.60753485452025,0.375816,4462770.0,,65.5534591674805,5.191
Central African Republic,2008,2.05413096200485,1.0,4558984.0,67.3,75.8503494262695,5.139
Central African Republic,2009,8.58726042640994,1.8,4529047.0,,77.4299163818359,5.202
Central African Republic,2010,4.63081843223307,2.0,4492995.0,,81.2789535522461,5.291
Central African Republic,2011,4.19461533741989,2.2,4565021.0,,81.3504028320312,5.281
Central African Republic,2012,5.05376125356918,2.4,4610848.0,,81.9315032958984,5.243
Central African Republic,2013,-36.3919770983887,2.5,4642419.0,,,5.243
Central African Republic,2014,0.0810705153264877,2.7,4623182.0,,,5.326
Central African Republic,2015,4.33712103020231,2.9,4629320.0,,,5.477
Central African Republic,2016,4.75031684122342,3.1,4713663.0,,96.8125991821289,5.491
Central African Republic,2017,4.52727821346231,4.0,4793511.0,,,5.534
Central African Republic,2018,3.78944359275462,5.1,4878657.0,,,5.517
Central African Republic,2019,3.09999999999999,7.50916,4944703.0,,,5.607
Central African Republic,2020,0.899999996857062,,5026628.0,,,6.196
Central African Republic,2021,0.982919996264229,,5112100.0,71.6,,6.375
Central African Republic,2022,0.453901881507008,,5098039.0,,,5.956
Central African Republic,2023,0.69996838992121,,5152421.0,,,5.877
Central African Republic,2024,1.53963247482849,,5330690.0,,,5.899
Chad,2000,-0.879681025444938,0.0357071,8512093.0,,61.5406112670898,0.79
Chad,2001,11.6581346542938,0.0459341,8804124.0,,63.8990707397461,0.787
Chad,2002,8.49120981898062,0.16607,9116192.0,,68.0197525024414,0.769
Chad,2003,14.7216670121033,0.320309,9487833.0,66.7,70.0718002319336,0.732
Chad,2004,33.629371852466,0.36092,9920036.0,,73.4543685913086,0.685
Chad,2005,17.3325337350837,0.399258,10328092.0,,70.3077011108398,0.678
Chad,2006,-0.5215222648348,0.581046,10706424.0,,69.8574600219727,0.724
Chad,2007,4.35621211380455,0.847225,11081660.0,,68.6545715332031,0.834
Chad,2008,3.10836221643889,1.19,11476296.0,,76.3880767822266,0.906
Chad,2009,-1.33848436646112,1.5,11893754.0,,80.8705368041992,0.906
Chad,2010,13.7943889290963,1.7,12312575.0,,80.9052801607022,0.878
Chad,2011,4.55359039963335,1.9,12754997.0,45.2,87.1710523342165,0.905
Chad,2012,9.05268025089401,2.1,13210998.0,,90.9022846027358,0.9
Chad,2013,2.80735188711816,2.5,13691079.0,,97.5346820035218,0.948
Chad,2014,2.06298097115769,2.9,14188678.0,,98.3155212402344,0.933
Chad,2015,3.31088567417588,3.5,14647621.0,,87.9123364402014,0.974
Chad,2016,-4.12992837205852,5.8,15114655.0,,82.5545773262248,1.047
Chad,2017,-1.62799367083434,6.4,15622759.0,,74.213606832584,1.116
Chad,2018,5.74111580758154,7.0,16156531.0,41.9,84.3438820337693,1.135
Chad,2019,5.38865646919793,7.6,16685223.0,,83.264215851602,1.084
Chad,2020,-0.408894363255357,8.34311,17224679.0,,,1.707
Chad,2021,0.29397916326441,13.1283,17828273.0,,86.1454303891421,1.548
Chad,2022,12.8966164300082,12.4865,18455316.0,39.5,87.0347316780628,1.096
Chad,2023,4.11745179201004,13.1832,19319064.0,,88.3436578594334,1.074
Chad,2024,3.65445110463405,,20299123.0,,88.464521953345,1.088
Channel Islands,2000,,,148110.0,,,5.551
Channel Islands,2001,,,148850.0,,,5.232
Channel Islands,2002,,,149881.0,,,5.507
Channel Islands,2003,,,150960.0,,,5.842
Channel Islands,2004,,,152039.0,,,6.047
Channel Islands,2005,,,153126.0,,,6.028
Channel Islands,2006,,,154214.0,,,5.762
Channel Islands,2007,,,155309.0,,,5.414
Channel Islands,2008,,,156408.0,,,5.478
Channel Islands,2009,,,157511.0,,,6.874
Channel Islands,2010,-3.60663231572742,,158621.0,,,7.225
Channel Islands,2011,1.12504310895372,,159706.0,,,7.457
Channel Islands,2012,-5.75366122139113,,160767.0,,,8.264
Channel Islands,2013,0.493931120528785,,161777.0,,,8.82
Channel Islands,2014,2.42710178482311,,162726.0,,,8.571
Channel Islands,2015,0.374367083829384,,163454.0,,,8.178
Channel Islands,2016,1.21302407657195,,163883.0,,,7.715
Channel Islands,2017,1.80648131383585,,164319.0,,,7.12
Channel Islands,2018,1.1222435658518,,164949.0,,,6.571
Channel Islands,2019,1.57335596156342,,165639.0,,,6.408
Channel Islands,2020,-8.89677926591959,,166235.0,,,6.863
Channel Islands,2021,9.93680136985076,,166741.0,,,6.875
Channel Islands,2022,5.34196140375869,,167215.0,,,6.147
Channel Islands,2023,3.71500590367266,,167691.0,,,6.187
Channel Islands,2024,,,168126.0,,,6.256
Chile,2000,4.9716214882971,16.6,15503635.0,8.6,101.363563537598,10.491
Chile,2001,3.15403492459967,19.1,15683849.0,,,10.39
Chile,2002,3.20279913520113,22.1,15857925.0,,101.286972045898,10.168
Chile,2003,4.72324526861041,25.4738,16024752.0,7.9,101.061790466309,9.765
Chile,2004,6.67425416822923,28.1779,16187322.0,,105.627876281738,10.162
Chile,2005,5.83704571917758,31.1753,16348778.0,,105.35050201416,9.34
Chile,2006,6.04999082563968,34.4978,16509195.0,3.3,105.66822052002,9.024
Chile,2007,5.16823098528431,35.9,16671581.0,,106.517280578613,8.427
Chile,2008,3.78939280635238,37.3,16838988.0,,106.873870849609,9.285
Chile,2009,-1.11803723642878,41.56,17009731.0,2.6,105.763893127441,11.313
Chile,2010,5.85165102224047,45.0,17181464.0,,103.219367980957,8.278
Chile,2011,6.22389678509138,52.2496,17351816.0,1.7,103.170486450195,7.277
Chile,2012,6.15534001855494,55.05,17519119.0,,103.369781494141,6.562
Chile,2013,3.30850824710085,58.0,17687006.0,0.8,102.084899902344,6.074
Chile,2014,1.79264947139259,61.11,17864195.0,,101.930870056152,6.483
Chile,2015,2.15194249981184,76.6296,18047625.0,0.7,101.712509155273,6.313
Chile,2016,1.753038749071,83.5586,18267221.0,,101.585189819336,6.673
Chile,2017,1.35769537343957,82.3275,18558868.0,0.5,101.396278381348,7.257
Chile,2018,3.99002947789977,84.9,18893191.0,,101.538017272949,7.623
Chile,2019,0.634367533828438,85.0176,19197744.0,,101.193206787109,7.493
Chile,2020,-6.14347479224092,87.4593,19370624.0,1.7,99.7043991088867,10.934
Chile,2021,11.3149204879049,90.2328,19456334.0,,99.3652267456055,9.281
Chile,2022,2.15399356192458,93.5377,19553036.0,0.5,100.192268371582,8.249
Chile,2023,0.521367977246825,94.4574,19658835.0,,100.318382263184,9.013
Chile,2024,2.64431154871538,,19764771.0,,,9.056
China,2000,8.58643201808462,1.77591,1262645000.0,,,3.26
China,2001,8.31263887091522,2.63965,1271850000.0,,115.730102539062,3.8
China,2002,9.24339326638321,4.5957,1280400000.0,48.1,,4.24
China,2003,10.1181928640117,6.2,1288400000.0,,,4.58
China,2004,10.1314073631003,7.3,1296075000.0,,,4.49
China,2005,11.458238455067,8.52326,1303720000.0,33.1,,4.52
China,2006,12.6746751655235,10.5232,1311020000.0,,105.243812561035,4.43
China,2007,14.1499854947127,16.0,1317885000.0,,105.438949584961,4.35
China,2008,9.67024588602851,22.6,1324655000.0,26.2,106.201782226562,4.59
China,2009,9.40269972778044,28.9,1331260000.0,,105.59065246582,4.72
China,2010,10.5962719761682,34.3,1337705000.0,20.6,104.181700271,4.53
China,2011,9.4613358870736,38.3,1345035000.0,15.7,103.329573551865,4.55
China,2012,7.85617427055587,42.3001,1354190000.0,13.2,103.181119624843,4.58
China,2013,7.77872409446717,45.8,1363240000.0,6.2,101.231978727477,4.6
China,2014,7.46190028229434,47.9,1371860000.0,4.7,96.8963827081444,4.63
China,2015,6.97878002657477,50.3,1379860000.0,3.0,96.340011477005,4.65
China,2016,6.77555562837017,53.2,1387790000.0,2.2,96.8787921899343,4.56
China,2017,6.8912663621211,54.3,1396215000.0,1.7,97.5379880463436,4.47
China,2018,6.75671800166833,59.2,1402760000.0,0.8,97.8103054615567,4.31
China,2019,6.06850235053705,64.0809,1407745000.0,0.0,97.8174906065295,4.56
China,2020,2.34018843078414,70.0528,1411100000.0,0.0,98.7860625918346,5.0
China,2021,8.57008513166322,73.0532,1412360000.0,0.0,99.2294555866603,4.55
China,2022,3.1341888719577,75.6113,1412175000.0,0.0,100.09807464465,4.98
China,2023,5.41484330099675,90.6,1410710000.0,,99.1718634239571,4.67
China,2024,4.9773565917572,92.0,1408975000.0,,99.644962886981,4.571
Colombia,2000,2.92486148176778,2.20753,39089934.0,23.9,124.298286437988,20.52
Colombia,2001,1.67789830787579,2.8542,39709262.0,29.6,121.088790893555,15.04
Colombia,2002,2.50398046659659,4.6,40324680.0,21.2,121.778861999512,14.481
Colombia,2003,3.91827190322513,7.38892,40937429.0,19.8,,13.221
Colombia,2004,5.33302206759905,9.11869,41543171.0,19.2,122.84008026123,13.717
Colombia,2005,4.82876110773741,11.0073,42128977.0,16.8,124.040641784668,11.062
Colombia,2006,6.71686869844402,15.3417,42691084.0,,124.619491577148,11.091
Colombia,2007,6.73819469090975,21.8,43235374.0,,125.468856811523,11.204
Colombia,2008,3.28344618616541,25.6,43758808.0,16.6,126.483901977539,11.273
Colombia,2009,1.13964864548062,30.0,44271541.0,15.0,128.164978027344,12.066
Colombia,2010,4.49465897070922,36.5,44777319.0,13.1,124.375137329102,11.153
Colombia,2011,6.94789198173555,40.3509,45259614.0,11.2,121.831283569336,10.288
Colombia,2012,3.91263576716115,48.98,45715810.0,10.9,118.63996887207,9.959
Colombia,2013,5.13399351995672,51.7,46151584.0,9.9,119.084732055664,9.246
Colombia,2014,4.49903000110972,52.5681,46565429.0,9.0,116.080101013184,8.799
Colombia,2015,2.95590137527523,55.905,46969940.0,8.1,115.497077941895,8.572
Colombia,2016,2.08738250162794,58.1365,47437512.0,8.0,115.443153381348,8.922
Colombia,2017,1.35936086788746,62.2599,48131078.0,7.3,113.305381774902,9.086
Colombia,2018,2.56432428277704,64.1264,49024465.0,7.4,111.699180603027,9.36
Colombia,2019,3.18685539245533,65.0069,49907985.0,8.8,109.355506896973,10.28
Colombia,2020,-7.18591413760859,69.7953,50629997.0,13.5,107.083686828613,15.983
Colombia,2021,10.8011981904878,73.0284,51188173.0,11.2,106.488357543945,13.898
Colombia,2022,7.32827729427979,72.7964,51737944.0,9.3,104.830467224121,10.547
Colombia,2023,0.712380031974334,77.3369,52321152.0,7.7,,9.594
Colombia,2024,1.7438014504116,,52886363.0,,,9.608
Comoros,2000,10.847878616072,0.271741,536080.0,,93.0099029541016,4.398
Comoros,2001,2.33290710182874,0.443068,547220.0,,,4.377
Comoros,2002,2.3249448613998,0.55487,558923.0,,102.248458862305,4.369
Comoros,2003,2.1038716355305,0.848189,569798.0,,100.249000549316,4.559
Comoros,2004,1.91965980712278,1.32733,580704.0,27.9,97.9237823486328,4.571
Comoros,2005,2.83754786988332,2.0,592677.0,,,4.522
Comoros,2006,2.6469554759412,2.2,604753.0,,,4.473
Comoros,2007,0.800042348955387,2.5,616927.0,,96.8090896606445,4.46
Comoros,2008,3.96461118871815,3.0,629307.0,,103.063667297363,4.398
Comoros,2009,6.48692881990631,3.5,641947.0,,,4.348
Comoros,2010,4.80105816823387,5.1,654836.0,,,4.248
Comoros,2011,5.8881526705417,5.5,668056.0,,111.27509474669,4.207
Comoros,2012,6.31063973754043,5.9753,681630.0,,,4.17
Comoros,2013,8.92726953365961,6.5,696192.0,,115.583466369179,4.118
Comoros,2014,3.89569328951215,6.98,711503.0,31.4,113.579839227082,4.119
Comoros,2015,1.99206468746939,7.45916,726682.0,,,4.121
Comoros,2016,2.78022854212236,7.93832,741741.0,,,4.104
Comoros,2017,5.59618952073011,8.47817,756669.0,,106.219296865439,4.03
Comoros,2018,4.05960593662805,,771590.0,,107.061915636176,3.942
Comoros,2019,3.62877024437186,16.3838,786578.0,,,3.934
Comoros,2020,4.00531793513311,22.4204,802163.0,,,4.471
Comoros,2021,2.72579845079559,30.6812,818174.0,,86.8175281418913,4.394
Comoros,2022,2.81839506562636,32.7685,834188.0,,,3.816
Comoros,2023,3.06466236855576,35.6678,850387.0,,,3.776
Comoros,2024,3.3887835062684,,866628.0,,97.0049189979678,3.875
"Congo, Dem. Rep.",2000,-6.91092731652101,0.00590211,50507442.0,,,3.234
"Congo, Dem. Rep.",2001,-2.10017302488846,0.0114758,52132646.0,,,3.239
"Congo, Dem. Rep.",2002,2.94776518359767,0.0927907,53750524.0,,61.0335998535156,3.17
"Congo, Dem. Rep.",2003,5.57782231144424,0.134915,55343867.0,,,3.053
"Congo, Dem. Rep.",2004,6.73837393324294,0.196208,56997741.0,94.9,,2.975
"Congo, Dem. Rep.",2005,6.13515115548972,0.238038,58775724.0,,,2.948
"Congo, Dem. Rep.",2006,5.32097956548998,0.296054,60615908.0,,,3.174
"Congo, Dem. Rep.",2007,6.25947776437397,0.37,62477752.0,,83.5494232177734,3.403
"Congo, Dem. Rep.",2008,6.22589426869193,0.44,64390664.0,,91.8869476318359,3.627
"Congo, Dem. Rep.",2009,2.85506401011484,0.56,66412044.0,,91.9076995849609,3.88
"Congo, Dem. Rep.",2010,7.10797657581392,0.72,68563038.0,,92.0860977172852,4.096
"Congo, Dem. Rep.",2011,6.8746708900163,1.2,70849311.0,,93.5223922729492,4.315
"Congo, Dem. Rep.",2012,7.08689894671942,1.67996,73254618.0,78.9,98.2439804077148,4.485
"Congo, Dem. Rep.",2013,8.48195663608755,2.2,75789395.0,,99.9129028320312,4.468
"Congo, Dem. Rep.",2014,9.4702880993101,3.0,78403242.0,,103.857719421387,4.436
"Congo, Dem. Rep.",2015,6.91616711922561,3.8,81035531.0,,102.056510925293,4.439
"Congo, Dem. Rep.",2016,2.39939891133452,10.1,83956415.0,,,4.521
"Congo, Dem. Rep.",2017,3.7269476588301,8.6199,87083398.0,,,4.601
"Congo, Dem. Rep.",2018,5.82112109969025,11.7,90047644.0,,111.488670349121,4.618
"Congo, Dem. Rep.",2019,4.38452887429834,16.4812,92947442.0,,,4.591
"Congo, Dem. Rep.",2020,1.73542276681493,21.6422,95989998.0,85.3,115.898292541504,5.345
"Congo, Dem. Rep.",2021,6.20015401075946,28.4193,99148932.0,,120.068450927734,5.28
"Congo, Dem. Rep.",2022,8.92444785079518,29.4996,102396968.0,,,4.522
"Congo, Dem. Rep.",2023,8.60908972348436,30.548,105789731.0,,117.602096557617,4.484
"Congo, Dem. Rep.",2024,6.67593028986779,,109276265.0,,,4.556
"Congo, Rep.",2000,7.5759803952642,0.0263547,3151345.0,,83.168701171875,19.87
"Congo, Rep.",2001,3.80260189913561,0.0322236,3272537.0,,96.804557800293,19.877
"Congo, Rep.",2002,4.58187006108889,0.15725,3350771.0,,99.1403732299805,19.664
"Congo, Rep.",2003,0.813264076303781,0.460014,3445753.0,,94.0452423095703,19.871
"Congo, Rep.",2004,3.47663162118089,1.0775,3565554.0,,105.246383666992,19.886
"Congo, Rep.",2005,7.75575897806648,1.46342,3696393.0,54.5,105.244941711426,19.796
"Congo, Rep.",2006,7.98623836334291,2.00799,3837409.0,,106.369476318359,19.587
"Congo, Rep.",2007,-6.61399480441001,2.7597,3980430.0,,104.983001708984,19.894
"Congo, Rep.",2008,6.30637595585259,4.28751,4113517.0,,103.227241516113,19.94
"Congo, Rep.",2009,11.6372888615758,4.5,4281219.0,,107.301200866699,19.833
"Congo, Rep.",2010,9.93126543095578,5.0,4462290.0,,109.023651123047,19.345
"Congo, Rep.",2011,2.20591936286718,5.6,4609724.0,39.2,108.505096435547,19.464
"Congo, Rep.",2012,9.94715314257564,6.1067,4740450.0,,105.514228820801,19.512
"Congo, Rep.",2013,-0.712434451876447,6.6,4857099.0,,,19.827
"Congo, Rep.",2014,6.64606540928447,7.11,4975880.0,,,19.691
"Congo, Rep.",2015,0.415193061293763,7.61597,5097581.0,,,19.978
"Congo, Rep.",2016,-8.68524343913786,8.12195,5222536.0,,,20.223
"Congo, Rep.",2017,-5.59477371915547,8.65,5351011.0,,,20.611
"Congo, Rep.",2018,-2.30431780125842,,5483118.0,,87.4621124267578,20.701
"Congo, Rep.",2019,1.12447391976529,,5616661.0,,,20.392
"Congo, Rep.",2020,-6.26777227963225,24.8206,5752791.0,,,22.198
"Congo, Rep.",2021,1.01507036990908,33.3461,5892183.0,,,21.96
"Congo, Rep.",2022,1.47535613247133,37.4939,6035104.0,,,20.108
"Congo, Rep.",2023,1.90686426346754,38.3791,6182885.0,,87.880241394043,19.898
"Congo, Rep.",2024,2.57966639535138,,6332961.0,,,19.694
Costa Rica,2000,3.86871808953644,5.80025,3937739.0,9.8,105.324829101562,5.08
Costa Rica,2001,3.49116989434005,9.55948,4008947.0,7.6,105.53547668457,6.051
Costa Rica,2002,3.41687639041064,19.8949,4075705.0,6.6,105.317329406738,6.396
Costa Rica,2003,4.31717986636224,20.3336,4138784.0,6.9,,6.654
Costa Rica,2004,4.42459959654504,20.7923,4200078.0,6.6,109.149803161621,6.445
Costa Rica,2005,3.97666636818026,22.07,4261240.0,5.0,107.09986114502,6.749
Costa Rica,2006,7.3266954325067,25.1,4321340.0,5.2,108.812652587891,5.926
Costa Rica,2007,8.21513198348715,28.4,4380248.0,3.1,108.192337036133,4.557
Costa Rica,2008,4.73817487754022,32.29,4440056.0,3.4,109.621971130371,4.934
Costa Rica,2009,-0.873455942787785,34.33,4499791.0,3.6,110.964897155762,7.824
Costa Rica,2010,5.36034352634111,36.5,4555962.0,2.2,109.92635345459,7.171
Costa Rica,2011,4.40315923970431,39.2122,4609833.0,2.7,108.691719055176,9.518
Costa Rica,2012,4.88259241025739,47.5,4663934.0,2.6,107.544090270996,9.11
Costa Rica,2013,2.49476611209954,45.96,4716147.0,2.6,105.42813873291,8.218
Costa Rica,2014,3.54210987765977,53.0,4767119.0,2.4,104.007881164551,8.499
Costa Rica,2015,3.65208096802883,59.763,4818038.0,2.4,103.75464630127,8.415
Costa Rica,2016,4.20432325175899,65.8804,4866998.0,2.4,104.599922180176,8.085
Costa Rica,2017,4.1576989627609,71.5817,4913177.0,1.7,103.215171813965,7.729
Costa Rica,2018,2.6159044043379,73.4797,4957818.0,2.3,105.513519287109,9.01
Costa Rica,2019,2.41751181762513,81.2026,4999553.0,1.7,108.828872680664,10.807
Costa Rica,2020,-4.27335432161462,80.5302,5034320.0,3.4,108.293647766113,16.432
Costa Rica,2021,7.93576224743147,82.749,5059988.0,2.2,107.190368652344,15.139
Costa Rica,2022,4.55149177958398,82.598,5081765.0,1.6,106.197128295898,11.325
Costa Rica,2023,5.11192183229137,85.3951,5105525.0,1.5,106.156616210938,8.325
Costa Rica,2024,4.32122429647224,,5129910.0,1.3,,7.848
Cote d'Ivoire,2000,-0.265789462275947,0.231462,17699004.0,,64.5294876098633,4.816
Cote d'Ivoire,2001,-2.15401249077306,0.395748,18178913.0,,66.3351211547852,5.167
Cote d'Ivoire,2002,-2.73052647441901,0.497929,18654771.0,44.7,66.8685913085938,5.474
Cote d'Ivoire,2003,-4.72586658630681,0.75867,19125542.0,,63.0239181518555,5.805
Cote d'Ivoire,2004,3.18503822575397,0.849282,19595000.0,,,5.883
Cote d'Ivoire,2005,0.996065564854788,1.03924,20068458.0,,,5.999
Cote d'Ivoire,2006,2.81557859252327,1.5249,20546802.0,,59.5550498962402,6.009
Cote d'Ivoire,2007,1.10142976793477,1.8,21030558.0,,59.4631118774414,6.272
Cote d'Ivoire,2008,4.7826659787672,1.9,21514439.0,47.9,62.3004684448242,6.379
Cote d'Ivoire,2009,3.60332156667053,2.0,21997940.0,,63.0792808532715,6.571
Cote d'Ivoire,2010,6.84804939907013,2.7,22488065.0,,,6.618
Cote d'Ivoire,2011,-5.37044724000579,2.9,22982000.0,,73.5641637291114,7.135
Cote d'Ivoire,2012,7.62041176451649,4.4,23467078.0,,78.2860585898227,7.223
Cote d'Ivoire,2013,10.7602131311256,6.6,23939775.0,,80.7498463265361,4.255
Cote d'Ivoire,2014,9.37199994240375,10.0,24527395.0,,83.7491033587174,3.285
Cote d'Ivoire,2015,7.19494942728191,38.44,25246342.0,47.5,85.262803745883,2.579
Cote d'Ivoire,2016,7.17275963956332,41.2078,25989405.0,,87.9691851681795,1.896
Cote d'Ivoire,2017,7.41076242592504,43.8399,26733372.0,,88.2052011132348,3.272
Cote d'Ivoire,2018,4.84314605889178,37.5465,27464173.0,22.7,88.210939705148,2.85
Cote d'Ivoire,2019,6.72137167584978,36.289,28193009.0,,88.4747670564693,2.401
Cote d'Ivoire,2020,0.699728593494228,36.0166,28915449.0,,88.6266598469541,2.584
Cote d'Ivoire,2021,7.06332910205232,35.9507,29639736.0,20.9,85.830088505202,2.63
Cote d'Ivoire,2022,6.39988362720531,38.4133,30395002.0,,86.4545838787778,2.306
Cote d'Ivoire,2023,6.45045796902575,40.6528,31165654.0,,91.8093412241399,2.27
Cote d'Ivoire,2024,5.95000000002031,,31934230.0,,93.2964368826882,2.288
Croatia,2000,2.94525299539681,6.64488,4468302.0,0.0,,16.064
Croatia,2001,3.11123487893718,11.5586,4299642.0,0.0,101.51358795166,15.822
Croatia,2002,5.80332851682508,17.76,4302174.0,,100.782028198242,15.053
Croatia,2003,5.56837267108266,22.75,4303399.0,,100.987770080566,13.924
Croatia,2004,4.17048487309191,30.91,4304600.0,0.0,,13.664
Croatia,2005,4.32707652205913,33.14,4310145.0,,100.140830993652,12.598
Croatia,2006,5.0814659040727,37.98,4311159.0,,99.3845520019531,11.13
Croatia,2007,5.04888620876034,41.44,4310217.0,,98.8661270141602,9.909
Croatia,2008,1.96859009281911,44.24,4309705.0,0.0,97.9028015136719,8.53
Croatia,2009,-6.81395617789426,50.58,4305181.0,1.0,97.974609375,9.202
Croatia,2010,-1.33408152400571,56.55,4295427.0,1.4,98.0708236694336,11.62
Croatia,2011,-0.0977514527446601,57.79,4280622.0,1.0,98.0935974121094,13.678
Croatia,2012,-2.25374558078583,61.94,4260368.0,1.1,98.7156372070312,15.935
Croatia,2013,-0.125449826211494,66.7476,4233922.0,1.2,98.5737533569336,17.251
Croatia,2014,-0.5571501973061,68.5679,4201598.0,1.2,98.908317565918,17.29
Croatia,2015,2.32317515803855,69.845,4151725.0,0.7,99.4907684326172,16.175
Croatia,2016,3.46112947356767,72.6973,4106867.0,0.9,98.7909393310547,13.103
Croatia,2017,3.28095812140658,67.0962,4041407.0,0.6,99.2321090698242,11.208
Croatia,2018,2.90468149344008,75.2946,3988775.0,0.5,98.8812103271484,8.432
Croatia,2019,3.10043911443758,79.0798,3949390.0,0.4,99.0015106201172,6.617
Croatia,2020,-8.31164257884687,78.3209,3914206.0,0.4,99.4886703491211,7.507
Croatia,2021,12.6317003277712,81.254,3878981.0,0.3,99.7441482543945,7.608
Croatia,2022,7.28793643206565,82.0716,3855641.0,0.4,100.527976989746,6.96
Croatia,2023,3.30254488086325,83.2412,3859686.0,0.3,101.157791137695,6.086
Croatia,2024,3.81494521667429,83.6324,3866300.0,,,5.236
Cuba,2000,5.9147601740486,0.541183,11109109.0,,103.836959838867,5.45
Cuba,2001,3.18502990449461,1.07975,11144132.0,,103.53816986084,4.08
Cuba,2002,1.42482126141282,3.77059,11177418.0,,104.042320251465,3.31
Cuba,2003,3.79274022304334,5.24127,11209383.0,,102.910133361816,2.33
Cuba,2004,5.77053807021559,8.40798,11238756.0,,103.290786743164,1.854
Cuba,2005,11.2016564219094,9.73806,11262554.0,,103.219841003418,1.95
Cuba,2006,12.0658631129953,11.1596,11278550.0,,102.976463317871,1.913
Cuba,2007,7.26213696647943,11.69,11287272.0,,102.083908081055,1.788
Cuba,2008,4.11682804164681,12.94,11291762.0,,100.847221374512,1.583
Cuba,2009,1.4513054307407,14.33,11294719.0,,101.11939239502,1.67
Cuba,2010,2.39035229650723,15.9,11297409.0,,100.716090239417,2.5
Cuba,2011,2.80230083647626,16.0173,11301571.0,,100.29059454433,3.18
Cuba,2012,3.01490028898772,21.2,11303175.0,,100.828907180724,3.46
Cuba,2013,2.74760256257211,27.93,11298167.0,,100.721599181727,3.29
Cuba,2014,1.04757663187654,29.0702,11285775.0,,103.056327819824,2.7
Cuba,2015,4.4383335888395,37.3051,11275065.0,,103.193222045898,2.4
Cuba,2016,0.512843095700745,42.9787,11265612.0,,101.075891876156,2.0
Cuba,2017,1.80979177212284,57.1484,11247829.0,,100.561631481518,1.7
Cuba,2018,2.24794854086232,62.6789,11227118.0,,100.343380546441,1.7
Cuba,2019,-0.163087223606624,67.9708,11202846.0,,100.80254602678,1.705
Cuba,2020,-10.9490846048862,71.1191,11176354.0,,101.317432743321,2.24
Cuba,2021,1.25369342501311,67.6435,11122168.0,,101.302915584834,2.116
Cuba,2022,1.77504879825767,68.25,11059820.0,,100.580196272572,1.82
Cuba,2023,-1.92937123169681,71.275,11019931.0,,99.3281733831044,1.719
Cuba,2024,,,10979783.0,,98.1092191903079,1.53
Curacao,2000,,,133860.0,,,
Curacao,2001,-0.695753704098053,,129047.0,,,
Curacao,2002,0.397065216763636,,129205.0,,,
Curacao,2003,0.288186681651752,,131897.0,,,
Curacao,2004,0.208461073109362,,134192.0,,,
Curacao,2005,0.676425345201665,,137658.0,,,
Curacao,2006,1.63593468987035,,141239.0,,,
Curacao,2007,2.46996322836787,,144056.0,,,
Curacao,2008,2.18804308019168,,145880.0,,,
Curacao,2009,-0.531308242338184,,146833.0,,,
Curacao,2010,0.0823066088131412,,148703.0,,,
Curacao,2011,0.50845748203723,,150831.0,,,
Curacao,2012,-0.34895082430242,,152088.0,,,
Curacao,2013,-0.635696907591139,,153822.0,,175.821576412943,
Curacao,2014,-0.637397373327133,,155909.0,,,
Curacao,2015,0.458151544160046,,157980.0,,,
Curacao,2016,-1.06770848655277,61.8555,159664.0,,,
Curacao,2017,-1.2762081008495,68.1272,160175.0,,,
Curacao,2018,-2.10411133101029,,159336.0,,,
Curacao,2019,-3.20613171902535,,157441.0,,,
Curacao,2020,-18.4384703505394,,154947.0,,113.350877192982,
Curacao,2021,4.18371193053551,,152369.0,,,
Curacao,2022,7.92300000000002,,149996.0,,,
Curacao,2023,4.20199999999993,,155800.0,,109.168144897769,
Curacao,2024,,,155900.0,,,
Cyprus,2000,5.96530445494226,15.2554,947667.0,,96.7313537597656,4.766
Cyprus,2001,3.95256258200938,18.8188,964127.0,,96.6496124267578,4.043
Cyprus,2002,3.72297491128981,28.32,981440.0,,97.7734527587891,3.336
Cyprus,2003,2.62329962315329,30.09,999590.0,,97.3882293701172,4.153
Cyprus,2004,5.02627226665527,33.83,1017875.0,0.1,97.1988677978516,4.77
Cyprus,2005,4.85298762175586,32.81,1036151.0,0.1,99.8711776733398,5.481
Cyprus,2006,4.71378358593959,35.83,1054418.0,0.0,100.887046813965,4.593
Cyprus,2007,5.09822614854798,40.77,1072714.0,0.0,100.688270568848,3.946
Cyprus,2008,3.64698922103939,42.31,1091026.0,0.0,101.213508605957,3.756
Cyprus,2009,-2.01508203683694,49.81,1109371.0,0.1,102.179481506348,5.594
Cyprus,2010,2.28267100119788,52.99,1127816.0,0.1,101.624328613281,6.359
Cyprus,2011,0.416711868408683,56.8599,1146493.0,0.0,101.200538635254,7.942
Cyprus,2012,-3.44738151374587,60.6899,1165397.0,0.0,100.175346374512,12.097
Cyprus,2013,-6.58747751118347,65.4548,1183895.0,0.1,99.7619781494141,16.131
Cyprus,2014,-1.77605867728616,69.3287,1201801.0,0.1,99.152717590332,16.277
Cyprus,2015,3.41892038889013,71.7157,1219502.0,0.0,99.3001174926758,15.026
Cyprus,2016,6.57359080924678,75.9002,1237112.0,0.1,98.5455093383789,13.006
Cyprus,2017,5.75083236554525,80.7432,1254275.0,0.1,99.3066864013672,11.155
Cyprus,2018,6.27166360056404,84.4336,1270737.0,0.1,99.7954406738281,8.504
Cyprus,2019,5.87559583386607,86.0636,1286671.0,0.2,100.477699279785,7.155
Cyprus,2020,-3.22063018637567,90.8019,1302247.0,0.0,100.735160827637,7.755
Cyprus,2021,11.3881892684305,90.7595,1317309.0,0.0,99.1028137207031,7.513
Cyprus,2022,7.20486780743879,89.601,1331370.0,0.0,97.0016403198242,6.806
Cyprus,2023,2.76390975419605,91.2211,1344976.0,0.0,98.5918273925781,6.098
Cyprus,2024,3.4480617042135,,1358282.0,,,5.602
Czechia,2000,4.010669619984,9.78053,10255063.0,,103.40754699707,8.764
Czechia,2001,2.9172195289956,14.6972,10216605.0,,104.469627380371,8.128
Czechia,2002,1.51345949139996,23.93,10196916.0,0.0,106.005058288574,7.28
Czechia,2003,3.300836832613,34.3,10193998.0,,106.409980773926,7.777
Czechia,2004,4.73633969683438,35.5,10197101.0,0.0,106.529113769531,8.298
Czechia,2005,6.37502886086791,35.27,10211216.0,0.0,106.737777709961,7.927
Czechia,2006,6.62317299177447,47.93,10238905.0,0.1,104.372779846191,7.141
Czechia,2007,5.48882595164517,51.93,10298828.0,0.1,103.382110595703,5.316
Czechia,2008,2.61226807205139,62.97,10384603.0,0.1,102.214767456055,4.392
Czechia,2009,-4.79832416684926,64.43,10443936.0,0.0,101.478927612305,6.662
Czechia,2010,2.71466509907701,68.82,10474410.0,0.0,101.036407470703,7.281
Czechia,2011,1.77238085338473,70.49,10496088.0,0.1,100.081001281738,6.712
Czechia,2012,-0.770668190622743,73.43,10510785.0,0.1,99.3585815429688,6.979
Czechia,2013,-0.0418124160447491,74.1104,10514272.0,0.0,98.7804794311523,6.953
Czechia,2014,2.24521219862635,74.2317,10525347.0,0.0,97.6821594238281,6.108
Czechia,2015,4.95875848915604,75.6688,10546059.0,0.0,96.9615478515625,5.048
Czechia,2016,2.58087013921376,76.4812,10566332.0,0.0,96.9097595214844,3.952
Czechia,2017,5.17356529967881,78.7192,10594438.0,0.0,97.2324905395508,2.893
Czechia,2018,2.83030588267866,80.6882,10629928.0,0.0,98.2727584838867,2.246
Czechia,2019,3.56577658128261,80.8669,10671870.0,0.0,99.2833023071289,2.015
Czechia,2020,-5.30487955463876,81.3389,10697858.0,0.0,99.7845306396484,2.55
Czechia,2021,4.02901832055149,82.6706,10505772.0,0.1,101.677841186523,2.803
Czechia,2022,2.8471706583814,84.5401,10672118.0,0.0,100.97534942627,2.224
Czechia,2023,-0.0552618201120225,85.994,10864042.0,0.0,99.699089050293,2.579
Czechia,2024,1.12038462698665,87.6878,10882164.0,,,2.506
Denmark,2000,3.72400899471576,39.1724,5339616.0,0.0,99.6710510253906,4.476
Denmark,2001,0.95003224600012,42.9575,5358783.0,,99.7206420898438,4.164
Denmark,2002,0.456530018779986,64.25,5375931.0,,101.688171386719,4.274
Denmark,2003,0.441091006625101,76.26,5390574.0,0.4,,5.398
Denmark,2004,2.77635180744053,80.93,5404523.0,0.3,100.0,5.204
Denmark,2005,2.35960882992528,82.74,5419432.0,0.3,98.2105865478516,4.83
Denmark,2006,3.81648769908172,86.65,5437272.0,0.2,99.3460388183594,3.897
Denmark,2007,0.987173815945127,85.03,5461438.0,0.1,100.0,3.801
Denmark,2008,-0.417178439991005,85.02,5493621.0,0.3,99.660270690918,3.683
Denmark,2009,-4.97447905669058,86.84,5523095.0,0.6,100.002456665039,6.409
Denmark,2010,1.58289703108802,88.72,5547683.0,0.1,100.18155670166,7.746
Denmark,2011,1.3108037609606,89.81,5570572.0,0.0,101.197456359863,7.769
Denmark,2012,-0.00543230161670749,92.26,5591572.0,0.0,101.51065826416,7.798
Denmark,2013,1.39267343161971,94.6297,5614932.0,0.3,101.299331665039,7.384
Denmark,2014,1.27799983192831,95.9935,5643475.0,0.2,101.176940917969,6.925
Denmark,2015,2.10441456445301,96.3305,5683483.0,0.2,100.882141113281,6.278
Denmark,2016,3.07304549209093,96.9678,5728010.0,0.3,101.041496276855,5.989
Denmark,2017,3.05647723922718,97.0994,5764980.0,0.1,100.778030395508,5.833
Denmark,2018,1.8600074900921,97.3192,5793636.0,0.2,100.749008178711,5.131
Denmark,2019,1.71140093932736,98.0464,5814422.0,0.3,100.551002502441,5.018
Denmark,2020,-1.78010601831291,96.5491,5831404.0,0.2,100.459587097168,5.637
Denmark,2021,7.38206633449863,98.8659,5856733.0,0.2,100.308418273926,5.043
Denmark,2022,1.54017307357893,97.8601,5903037.0,0.2,100.244453430176,4.434
Denmark,2023,2.49518434516773,98.7756,5946952.0,0.4,99.8698883056641,5.094
Denmark,2024,3.67619734971929,99.7692,5976992.0,,,5.587
Djibouti,2000,,0.194501,747318.0,,,26.664
Djibouti,2001,,0.343526,771313.0,,,26.599
Djibouti,2002,,0.486972,795574.0,32.3,,26.59
Djibouti,2003,,0.62594,813519.0,,,26.488
Djibouti,2004,,0.781317,826124.0,,,26.446
Djibouti,2005,,0.953611,839167.0,,,26.452
Djibouti,2006,,1.27004,855764.0,,,26.387
Djibouti,2007,,1.62,874528.0,,,26.3
Djibouti,2008,,2.26,892734.0,,,26.194
Djibouti,2009,,4.0,911527.0,,,26.33
Djibouti,2010,,6.5,930251.0,,,26.371
Djibouti,2011,,7.0,948558.0,,,26.314
Djibouti,2012,,9.4,966747.0,26.4,,26.187
Djibouti,2013,,12.7,984824.0,31.2,,26.157
Djibouti,2014,7.19298728463697,17.0,1002717.0,,,26.173
Djibouti,2015,7.30898563450799,22.9,1020313.0,,,26.07
Djibouti,2016,7.1234323372872,30.8,1037653.0,,,25.992
Djibouti,2017,5.458091517212,55.6814,1054841.0,25.4,,26.064
Djibouti,2018,4.77433934943193,57.0617,1071882.0,,,26.184
Djibouti,2019,5.54508081154978,58.4762,1088709.0,,,26.256
Djibouti,2020,1.2021151728969,59.9257,1105188.0,,,27.713
Djibouti,2021,4.40715667561153,61.4112,1121248.0,,,27.668
Djibouti,2022,5.16653702854374,63.2573,1137096.0,,,26.307
Djibouti,2023,7.37207148701995,65.0248,1152944.0,,,26.154
Djibouti,2024,5.95382998854848,,1168722.0,,,25.875
Dominica,2000,2.34021932069383,8.81484,68511.0,,117.881462097168,
Dominica,2001,-0.0638447296178128,13.2452,68288.0,,114.94367980957,
Dominica,2002,-3.08742052359268,18.4249,68367.0,,111.388298034668,
Dominica,2003,5.80495468629533,23.6204,68531.0,,107.957481384277,
Dominica,2004,4.09783662273917,30.3196,68649.0,,104.842819213867,
Dominica,2005,0.915286472779144,38.5436,68734.0,,104.067459106445,
Dominica,2006,4.40077479812059,39.3982,68806.0,,102.460342407227,
Dominica,2007,5.3579375575878,40.2745,68847.0,,103.040061950684,
Dominica,2008,7.12131217762231,41.16,68854.0,,103.257247924805,
Dominica,2009,-1.13575145648322,42.02,68864.0,,104.64022064209,
Dominica,2010,-0.105610857694984,47.45,68859.0,,105.756985055231,
Dominica,2011,0.0427388878891435,48.6,69053.0,,107.474907554147,
Dominica,2012,-0.15739179314221,49.8,69118.0,,108.432130011989,
Dominica,2013,0.0045039972976042,51.0,69715.0,,109.373698097486,
Dominica,2014,2.33521742067693,57.5,70373.0,,103.483055406132,
Dominica,2015,-3.37338262476895,65.0,70410.0,,103.668965517241,
Dominica,2016,1.44724556489263,67.03,69606.0,,102.005850396991,
Dominica,2017,-7.5443637547282,69.6197,68496.0,,109.576427255985,
Dominica,2018,2.964010610466,,68174.0,,97.3663705781518,
Dominica,2019,3.94809757938053,73.3819,67880.0,,97.5702715578847,
Dominica,2020,-15.7064024545862,75.6567,67573.0,,99.3255179058937,
Dominica,2021,5.37983838954712,82.6979,67202.0,,101.036354663596,
Dominica,2022,10.3968076616121,83.3101,66826.0,,100.808761583825,
Dominica,2023,3.65221012208734,83.8255,66510.0,,99.0721649484536,
Dominica,2024,2.052738472526,,66205.0,,96.7877094972067,
Dominican Republic,2000,4.65172550299128,3.70469,8584190.0,8.3,115.308647155762,6.432
Dominican Republic,2001,2.46937023763239,4.42939,8720283.0,6.6,,7.262
Dominican Republic,2002,4.48650367045651,6.82373,8852235.0,9.0,117.968330383301,6.779
Dominican Republic,2003,-1.34935744782766,7.89839,8980620.0,10.7,115.68123626709,6.938
Dominican Republic,2004,2.58556667449577,8.86555,9104892.0,14.6,107.716453552246,6.303
Dominican Republic,2005,9.43178931977285,11.4832,9225034.0,9.9,108.274391174316,6.587
Dominican Republic,2006,9.17120650955299,14.8449,9341183.0,8.1,103.604438781738,5.654
Dominican Republic,2007,7.41840577774235,17.66,9455658.0,7.8,113.676666259766,5.158
Dominican Republic,2008,3.26808671288212,20.82,9573130.0,7.1,109.525123596191,4.764
Dominican Republic,2009,1.00345293018719,27.72,9695265.0,6.3,111.815872192383,5.467
Dominican Republic,2010,8.40114541209596,31.4,9820175.0,5.5,110.497961182388,5.212
Dominican Republic,2011,3.19196227475523,38.0,9945621.0,5.3,110.200677757395,6.087
Dominican Republic,2012,2.77567100848816,42.32,10070411.0,5.4,108.469020139424,6.722
Dominican Republic,2013,4.93473300709881,45.9,10193833.0,4.4,109.528244906823,7.351
Dominican Republic,2014,7.11122629673892,49.58,10315528.0,4.1,108.064549120947,6.719
Dominican Republic,2015,6.98771131236387,54.2158,10434829.0,3.3,112.013491719354,7.605
Dominican Republic,2016,6.71974078681295,63.8709,10551430.0,3.0,110.70487684674,7.284
Dominican Republic,2017,3.93386176401576,67.5712,10666843.0,1.5,108.019439917331,5.832
Dominican Republic,2018,7.09751640210159,74.822,10782053.0,1.1,105.858397882856,5.861
Dominican Republic,2019,4.8940301149584,79.7155,10894043.0,1.0,112.333610534668,6.356
Dominican Republic,2020,-7.92905234231061,81.6173,11008300.0,1.3,105.925242398247,6.126
Dominican Republic,2021,14.0124289062207,85.243,11123476.0,1.3,96.8704570451147,7.702
Dominican Republic,2022,5.23795652902595,81.5127,11230734.0,1.0,100.492291150329,5.504
Dominican Republic,2023,2.19229848237939,84.6161,11331265.0,1.3,101.644848757662,5.555
Dominican Republic,2024,4.95169687182482,91.0022,11427557.0,0.8,101.939084340722,5.473
Ecuador,2000,1.09180164720277,1.46219,12689206.0,34.1,107.411689758301,4.8
Ecuador,2001,4.20627185748789,2.67044,12910740.0,,108.008460998535,4.252
Ecuador,2002,4.92809549611376,4.2608,13138472.0,,108.658729553223,4.836
Ecuador,2003,2.88450036512064,4.46023,13372306.0,18.9,108.234580993652,5.662
Ecuador,2004,6.83239736646514,4.83444,13608701.0,19.4,107.823509216309,5.002
Ecuador,2005,5.39862243994342,5.99426,13846163.0,15.4,107.851249694824,3.779
Ecuador,2006,4.34113198577639,7.2,14086131.0,10.9,108.028701782227,3.55
Ecuador,2007,1.90242859700484,10.8,14328773.0,10.9,109.574661254883,3.142
Ecuador,2008,6.56492068224719,18.8,14575202.0,9.8,107.735610961914,3.917
Ecuador,2009,1.0910129698311,24.6,14825954.0,9.3,112.422248840332,4.608
Ecuador,2010,4.02913787986621,29.03,15076695.0,7.8,108.529831519835,4.088
Ecuador,2011,8.48147656332823,31.3668,15326227.0,6.4,108.222664680389,3.458
Ecuador,2012,5.783212336172,35.1351,15572194.0,6.0,105.657930195512,3.235
Ecuador,2013,7.21123653679159,40.2791,15807128.0,4.5,104.495253899633,3.083
Ecuador,2014,4.22606520388456,45.5904,16035124.0,4.0,105.59687272731,3.48
Ecuador,2015,0.119692109287612,48.9404,16266225.0,4.8,101.055189173942,3.616
Ecuador,2016,-0.687954245877947,54.0629,16505139.0,5.0,98.960813930118,4.597
Ecuador,2017,5.97039880954841,55.8,16759519.0,4.3,98.1861872199016,3.836
Ecuador,2018,1.04429460679607,57.5,17049547.0,4.7,98.8828234359272,3.53
Ecuador,2019,0.1654044646003,59.2,17340021.0,4.6,98.3159782205083,3.812
Ecuador,2020,-9.24509619165865,70.7,17546065.0,8.4,98.1163823787708,6.127
Ecuador,2021,9.42189269033631,69.1148,17682454.0,5.3,98.1757597284585,4.552
Ecuador,2022,5.86842354862311,69.7181,17823897.0,4.4,99.5680141602854,3.761
Ecuador,2023,1.98823813984235,72.6943,17980083.0,4.7,97.2490097236115,3.51
Ecuador,2024,-2.00125476341026,77.1727,18135478.0,7.3,,4.773
"Egypt, Arab Rep.",2000,6.37000382991766,0.641265,73083284.0,,89.0984268188477,8.98
"Egypt, Arab Rep.",2001,3.53525197391507,0.838946,74652029.0,,88.5933837890625,9.26
"Egypt, Arab Rep.",2002,2.39020402573726,2.72,76239137.0,,88.993049621582,10.01
"Egypt, Arab Rep.",2003,3.19345473739745,4.03789,77853548.0,,89.3009490966797,10.91
"Egypt, Arab Rep.",2004,4.0920716112534,11.92,79477443.0,4.1,89.3801803588867,10.32
"Egypt, Arab Rep.",2005,4.47174447174434,12.75,81101004.0,,89.0111618041992,11.049
"Egypt, Arab Rep.",2006,6.84383819379117,13.66,82700403.0,,90.0128402709961,10.49
"Egypt, Arab Rep.",2007,7.08782742681038,16.03,84276225.0,,90.5241470336914,8.8
"Egypt, Arab Rep.",2008,7.15628356605819,18.01,85864789.0,3.7,,8.517
"Egypt, Arab Rep.",2009,4.67359979952391,20.0,87501636.0,,91.2096481323242,9.087
"Egypt, Arab Rep.",2010,5.1472348575531,21.6,89196072.0,1.5,90.9477588784227,8.757
"Egypt, Arab Rep.",2011,1.7645719489982,25.6,91093059.0,,87.469737936967,11.849
"Egypt, Arab Rep.",2012,2.22619979863525,26.4,93161001.0,1.2,91.8601632814812,12.597
"Egypt, Arab Rep.",2013,2.18546605362143,29.4,95333553.0,,91.5819650596849,13.154
"Egypt, Arab Rep.",2014,2.91591187985748,33.8946,97528654.0,,89.1874065189482,13.105
"Egypt, Arab Rep.",2015,4.37201907790141,37.8194,99597342.0,1.2,,13.052
"Egypt, Arab Rep.",2016,4.34664345555447,41.2481,101644589.0,,90.1130487612999,12.45
"Egypt, Arab Rep.",2017,4.18122099994778,44.9502,103696057.0,3.1,90.6515125272044,11.767
"Egypt, Arab Rep.",2018,5.3311086189448,46.9243,105682094.0,,92.6909066089532,9.855
"Egypt, Arab Rep.",2019,5.55209307156956,57.2829,107553158.0,2.0,94.2500854039165,7.851
"Egypt, Arab Rep.",2020,3.55016483786838,71.9142,109315124.0,,95.6433012164233,7.974
"Egypt, Arab Rep.",2021,3.29064601202211,72.056,110957008.0,1.4,97.0010583504222,7.441
"Egypt, Arab Rep.",2022,6.58784560886967,72.1981,112618250.0,,89.5100870340285,7.344
"Egypt, Arab Rep.",2023,3.76028052279247,72.6899,114535772.0,,95.9217069393801,7.334
"Egypt, Arab Rep.",2024,2.3991692678251,,116538258.0,,96.7073863024522,7.198
El Salvador,2000,1.12790697674419,1.1774,5943366.0,18.4,107.374649047852,6.96
El Salvador,2001,0.879613659882722,1.5,5968060.0,19.4,109.26634979248,6.96
El Salvador,2002,1.57291844759789,1.9,5986631.0,19.5,111.444900512695,6.2
El Salvador,2003,1.56539303147618,2.5,5998599.0,20.9,114.588432312012,6.9
El Salvador,2004,0.889404485692197,3.2,6004671.0,16.3,117.880020141602,6.8
El Salvador,2005,2.68083009363194,4.2,6005578.0,16.4,117.893600463867,7.22
El Salvador,2006,4.3369986028604,5.5,6002319.0,12.6,116.765838623047,6.57
El Salvador,2007,1.84760220587859,6.11,6009824.0,9.2,121.694122314453,6.41
El Salvador,2008,2.15440298282768,10.08,6029297.0,12.6,113.391387939453,5.88
El Salvador,2009,-2.10876837627522,12.11,6048279.0,12.4,111.723289489746,7.33
El Salvador,2010,2.15419536693635,15.9,6068249.0,11.4,111.703523728467,4.893
El Salvador,2011,3.77358499834686,18.9,6090127.0,10.1,110.558314695839,4.297
El Salvador,2012,2.88770010188691,20.3214,6113975.0,8.5,109.439958408779,3.843
El Salvador,2013,2.18295232499635,23.1093,6138839.0,7.1,107.756009020989,3.693
El Salvador,2014,1.7293998423459,24.7617,6162955.0,7.0,106.234750251213,4.154
El Salvador,2015,2.40000008852115,26.8026,6183676.0,5.3,104.056527416248,3.998
El Salvador,2016,2.53906241135864,28.9971,6200800.0,5.8,101.843930228579,4.418
El Salvador,2017,2.24761908134138,33.8207,6213533.0,4.5,98.3138463687883,4.385
El Salvador,2018,2.4124442237792,43.8,6219807.0,4.1,96.8014948340295,4.006
El Salvador,2019,2.43747159065784,50.4912,6222318.0,3.0,91.6274097482467,4.17
El Salvador,2020,-7.893101359867,54.6014,6234673.0,,90.6579425663395,5.008
El Salvador,2021,11.9047617015957,61.7527,6255782.0,5.1,89.0818774059816,4.327
El Salvador,2022,2.95461516549889,65.5298,6280319.0,5.2,89.1304089502047,2.999
El Salvador,2023,3.5391566928735,67.6558,6309624.0,4.6,90.8837213469188,2.992
El Salvador,2024,2.60202016121069,,6338193.0,,89.8804082588561,2.839
Equatorial Guinea,2000,18.2137799569674,0.132355,703279.0,,81.5698776245117,7.955
Equatorial Guinea,2001,63.3798754250602,0.16526,749836.0,,82.3404083251953,8.032
Equatorial Guinea,2002,19.4628340359251,0.321198,797957.0,,78.566780090332,8.09
Equatorial Guinea,2003,13.9552503163825,0.520524,847862.0,,71.1979064941406,8.11
Equatorial Guinea,2004,37.9987268556423,0.84393,899917.0,,,8.03
Equatorial Guinea,2005,16.7487006053541,1.14979,947367.0,,68.3863525390625,8.008
Equatorial Guinea,2006,7.70491760658767,1.27919,990343.0,,,7.924
Equatorial Guinea,2007,15.2821139194857,1.55712,1036044.0,,,7.877
Equatorial Guinea,2008,17.7991091333811,1.82,1084530.0,,57.2042198181152,7.831
Equatorial Guinea,2009,1.34335628806095,2.13,1135673.0,,56.3207702636719,7.939
Equatorial Guinea,2010,-8.92417588851806,6.0,1189085.0,,56.0219993591309,8.07
Equatorial Guinea,2011,6.52392362989873,11.5,1241835.0,,54.6865997314453,8.045
Equatorial Guinea,2012,8.31287184445641,13.9432,1293483.0,,54.9725494384766,7.957
Equatorial Guinea,2013,-4.13319850131583,16.4,1346218.0,,,7.86
Equatorial Guinea,2014,0.415066301596866,18.86,1399828.0,,,7.845
Equatorial Guinea,2015,-9.11004114881537,21.32,1453923.0,,47.5486488342285,7.95
Equatorial Guinea,2016,-8.81641723219757,23.78,1508186.0,,,7.962
Equatorial Guinea,2017,-5.66750850486686,26.24,1562396.0,,,8.004
Equatorial Guinea,2018,-6.23654406734575,,1616422.0,,,7.967
Equatorial Guinea,2019,-5.48182537893445,49.1337,1670177.0,,,8.064
Equatorial Guinea,2020,-4.79108083383294,55.0013,1716468.0,,,8.781
Equatorial Guinea,2021,0.860269956382069,58.7173,1758786.0,,,8.976
Equatorial Guinea,2022,3.22350831658598,59.3433,1803545.0,8.8,,8.455
Equatorial Guinea,2023,-5.08930872071532,60.3661,1847549.0,,,8.367
Equatorial Guinea,2024,0.907248245986736,,1892516.0,,,7.823
Eritrea,2000,-3.14198590251638,0.136712,2247031.0,,95.3378219604492,5.608
Eritrea,2001,8.75543552816325,0.157815,2312079.0,,94.5260620117188,5.678
Eritrea,2002,3.0054291917378,0.22709,2392978.0,,101.331848144531,5.708
Eritrea,2003,-2.65551592487554,,2493903.0,,107.540420532227,5.679
Eritrea,2004,1.45173556595506,,2598284.0,,106.525672912598,5.569
Eritrea,2005,2.57444955124846,,2661215.0,,103.574653625488,5.579
Eritrea,2006,-0.969217110711355,,2703502.0,,97.0371780395508,5.566
Eritrea,2007,1.42682221120323,0.41,2743222.0,,87.2029037475586,5.575
Eritrea,2008,-9.78303001782456,0.47,2816327.0,,81.1434326171875,5.524
Eritrea,2009,3.8765015275421,0.54,2887885.0,,77.9211807250977,5.583
Eritrea,2010,2.19419034888082,0.61,2945186.0,,73.636848449707,5.675
Eritrea,2011,8.67980010138049,0.7,2998485.0,,79.17431640625,5.614
Eritrea,2012,,0.8,3036988.0,,82.6438980102539,5.501
Eritrea,2013,,0.9,3074360.0,,92.6765518188477,5.423
Eritrea,2014,,0.99,3095173.0,,83.275146484375,5.43
Eritrea,2015,,1.08373,3105546.0,,82.3669509887695,5.541
Eritrea,2016,,1.17712,3124698.0,,,5.554
Eritrea,2017,,2.5,3150347.0,,78.3494720458984,5.577
Eritrea,2018,,5.3,3192760.0,,78.7916488647461,5.511
Eritrea,2019,,11.2,3240194.0,,,5.552
Eritrea,2020,,14.3494,3291271.0,,,6.088
Eritrea,2021,,18.3844,3350183.0,,,6.177
Eritrea,2022,,18.7092,3409447.0,,89.7312469482422,5.695
Eritrea,2023,,20.0104,3470390.0,,,5.586
Eritrea,2024,,,3535603.0,,,5.553
Estonia,2000,10.0876385800462,28.577,1396985.0,3.0,104.32495880127,13.36
Estonia,2001,5.88074589534277,31.5275,1388115.0,3.0,105.54216003418,13.134
Estonia,2002,6.93300082616575,41.52,1379350.0,2.9,105.472816467285,10.026
Estonia,2003,7.59630181032645,45.32,1370720.0,3.6,105.654472351074,11.288
Estonia,2004,6.80070110758655,53.2,1362550.0,1.6,104.811653137207,10.248
Estonia,2005,9.52305386462066,61.45,1354775.0,1.1,103.570648193359,8.033
Estonia,2006,9.76257131206653,63.51,1346810.0,1.1,102.761779785156,5.915
Estonia,2007,7.57091879311882,66.19,1340680.0,0.6,101.679817199707,4.592
Estonia,2008,-5.12531154308803,70.58,1337090.0,0.6,100.795516967773,5.455
Estonia,2009,-14.6302225427906,72.5,1334515.0,0.8,100.181121826172,13.548
Estonia,2010,2.4497502063999,74.1,1331475.0,1.0,99.5972671508789,16.707
Estonia,2011,7.60697458913162,76.5,1327439.0,1.2,99.042839050293,12.328
Estonia,2012,3.67201872506541,78.3899,1322696.0,1.0,98.3196105957031,10.021
Estonia,2013,1.75649379621869,80.0043,1317997.0,1.1,97.6795196533203,8.631
Estonia,2014,3.32278988182702,84.2415,1314545.0,1.0,97.5922622680664,7.352
Estonia,2015,1.83815262882932,88.4097,1315407.0,0.7,97.1191482543945,6.412
Estonia,2016,3.09301920751959,87.2402,1315790.0,0.6,97.2923431396484,6.882
Estonia,2017,5.63467248963991,88.1025,1317384.0,0.5,97.2500534057617,5.807
Estonia,2018,3.69969756161726,89.357,1321977.0,0.4,97.4559478759766,5.412
Estonia,2019,3.72664943466884,90.2289,1326898.0,0.7,98.1577224731445,4.514
Estonia,2020,-2.88380751483778,89.0583,1329522.0,0.4,98.3466720581055,6.956
Estonia,2021,7.15444676280146,90.9797,1330932.0,0.3,98.8146667480469,6.178
Estonia,2022,0.0604305165130938,91.5202,1348840.0,0.5,99.2638168334961,5.571
Estonia,2023,-3.02303874520777,93.1834,1370286.0,0.3,98.3381576538086,6.378
Estonia,2024,-0.261006210060856,92.238,1371986.0,,,7.828
Eswatini,2000,1.76017364057921,0.926192,1041414.0,65.0,98.570182800293,24.502
Eswatini,2001,1.05476508664167,1.28159,1051064.0,,98.2560119628906,25.178
Eswatini,2002,4.38009888463844,1.8162,1059441.0,,98.1205520629883,25.716
Eswatini,2003,3.88021377449365,2.43707,1066700.0,,99.3593521118164,26.216
Eswatini,2004,3.62391409958479,3.22869,1073159.0,,105.444831848145,26.69
Eswatini,2005,5.99877647366422,3.69696,1079022.0,,108.126197814941,27.204
Eswatini,2006,5.99216693694477,3.69654,1084436.0,,112.744270324707,27.69
Eswatini,2007,4.4353755089454,4.1,1090705.0,,114.515029907227,28.24
Eswatini,2008,0.821663935465921,6.85,1098091.0,,,27.835
Eswatini,2009,1.56504884082229,8.94,1105153.0,58.2,117.071746826172,27.383
Eswatini,2010,3.79375507745696,11.04,1111650.0,,123.160533409574,26.736
Eswatini,2011,2.2472296183598,18.13,1117833.0,,122.704797199075,25.987
Eswatini,2012,5.39663077036178,20.7818,1123863.0,,122.64780160954,25.128
Eswatini,2013,3.86121380492284,24.7,1129990.0,,122.925602493288,24.448
Eswatini,2014,1.43589749286821,25.0,1136299.0,,123.990655603286,23.828
Eswatini,2015,2.04693015099366,25.643,1142813.0,,124.645792886943,23.285
Eswatini,2016,4.67584583731528,28.57,1149507.0,44.5,123.849988082778,22.718
Eswatini,2017,1.45679297569019,35.3,1158195.0,,123.79425580389,24.523
Eswatini,2018,0.256586001893197,39.4,1168929.0,,123.906487641965,26.369
Eswatini,2019,6.0831764512818,43.9,1179874.0,,123.596847259682,28.138
Eswatini,2020,-2.86288213677992,49.013,1192729.0,,,32.944
Eswatini,2021,3.43496891197057,53.9953,1206593.0,,,34.153
Eswatini,2022,1.1195906677553,57.465,1218917.0,,117.195740765085,35.359
Eswatini,2023,3.44447831200682,57.62,1230506.0,,116.527002594136,35.086
Eswatini,2024,2.64070461612,,1242822.0,,,34.4
Ethiopia,2000,6.07321747957951,0.0152638,67411494.0,,52.2387313842773,3.5
Ethiopia,2001,8.30130632052327,0.0371624,69487762.0,,57.1306991577148,3.176
Ethiopia,2002,1.51472570631104,0.0724023,71635517.0,,59.6043586730957,3.06
Ethiopia,2003,-2.16135972205798,0.105812,73832663.0,,60.7021408081055,2.995
Ethiopia,2004,13.5726031368694,0.155335,76077206.0,41.3,63.5657081604004,2.767
Ethiopia,2005,11.8187659466494,0.21966,78367470.0,,74.5096893310547,2.497
Ethiopia,2006,10.8347270658771,0.310593,80703490.0,,79.2329330444336,2.351
Ethiopia,2007,11.4561670000235,0.37,83103217.0,,85.4697265625,2.347
Ethiopia,2008,10.7885216853725,0.45,85543668.0,,91.4530181884766,2.335
Ethiopia,2009,8.80255319782573,0.54,88007636.0,,90.3419418334961,2.331
Ethiopia,2010,12.5505383459307,0.75,90538514.0,37.4,88.511037030714,2.3
Ethiopia,2011,11.1782962271642,1.1,93149970.0,,90.6282577514648,2.275
Ethiopia,2012,8.64781163337369,2.9,95798767.0,,89.9253221073517,2.255
Ethiopia,2013,10.5822700482676,4.6,98438751.0,,,2.251
Ethiopia,2014,10.2574929610054,7.7,101115610.0,,93.1145890062913,2.359
Ethiopia,2015,10.3924630202332,13.8552,103867135.0,33.0,94.0857534729235,2.443
Ethiopia,2016,9.43348265784411,15.3669,106718162.0,,,2.554
Ethiopia,2017,9.56418965754014,15.6,109666481.0,,101.223991472845,2.662
Ethiopia,2018,6.81614778557282,15.9,112664152.0,,,2.802
Ethiopia,2019,8.36408573314054,16.0,115737383.0,,,2.917
Ethiopia,2020,6.05953089054807,16.0696,118917671.0,,112.6701710274,3.994
Ethiopia,2021,5.64153069257077,16.6981,122138588.0,38.6,101.338920969252,3.935
Ethiopia,2022,5.32175988403378,,125384287.0,,84.6317733971345,3.409
Ethiopia,2023,6.59424599357075,,128691692.0,,83.7319745881618,3.402
Ethiopia,2024,7.31669112848382,,132059767.0,,84.4160102082984,3.398
Faroe Islands,2000,,32.9164,45754.0,,,
Faroe Islands,2001,,43.247,46635.0,,,
Faroe Islands,2002,,53.2992,47335.0,,,
Faroe Islands,2003,,58.9126,48032.0,,,
Faroe Islands,2004,,66.5336,48384.0,,,
Faroe Islands,2005,,67.9026,48359.0,,,
Faroe Islands,2006,,69.3594,48335.0,,,
Faroe Islands,2007,,75.98,48378.0,,,
Faroe Islands,2008,,75.57,48547.0,,,
Faroe Islands,2009,-4.55329824103478,75.18,48791.0,,,
Faroe Islands,2010,-0.379817991218616,75.2,48657.0,,,
Faroe Islands,2011,3.56636317884431,80.7322,48543.0,,,
Faroe Islands,2012,7.08148344487884,85.3352,48291.0,,,
Faroe Islands,2013,5.85614389735763,90.0,48246.0,,,
Faroe Islands,2014,5.43214206841004,93.3,48428.0,,,
Faroe Islands,2015,0.958001934486234,94.2,48901.0,,,
Faroe Islands,2016,1.38644795938293,95.1087,49464.0,,,
Faroe Islands,2017,3.51201367488443,97.582,50180.0,,,
Faroe Islands,2018,2.76370952267429,,50996.0,,,
Faroe Islands,2019,4.53851028676189,,51793.0,,,
Faroe Islands,2020,-1.63732118017028,,52567.0,,,
Faroe Islands,2021,5.50438017256558,,53305.0,,,
Faroe Islands,2022,3.55602380418398,,53927.0,,,
Faroe Islands,2023,2.4890581166362,,54439.0,,,
Faroe Islands,2024,,,54719.0,,,
Fiji,2000,-1.69999841605511,1.49685,840909.0,,100.265716552734,4.7
Fiji,2001,2.00000014675206,1.85798,849596.0,,101.234352111816,4.695
Fiji,2002,3.19999911373267,6.15265,858049.0,5.4,100.668678283691,4.769
Fiji,2003,0.999999344757299,6.72543,866286.0,,100.217338562012,4.738
Fiji,2004,5.29999970460935,7.41294,874366.0,,100.840873718262,4.7
Fiji,2005,0.700000402432437,8.45364,882379.0,,,3.886
Fiji,2006,1.85248387199486,9.60004,890365.0,,98.807487487793,3.958
Fiji,2007,-0.850654310045826,10.8978,897832.0,,93.939826965332,4.106
Fiji,2008,1.03279422025967,13.0,903399.0,3.8,93.6200714111328,4.185
Fiji,2009,-1.38603770763581,17.0,907239.0,,93.1077728271484,4.305
Fiji,2010,2.95467242212241,20.0,910419.0,,,4.343
Fiji,2011,2.70514302901049,28.0,912989.0,,94.1014862060547,4.406
Fiji,2012,1.41131438177968,33.7424,914918.0,,95.1824417114258,4.375
Fiji,2013,4.73421948956532,35.2,916352.0,1.6,96.6247792169561,4.357
Fiji,2014,5.60351440618308,37.4,917585.0,,96.8942906526928,4.325
Fiji,2015,4.50120041028764,42.5,918578.0,,99.3576818152788,4.291
Fiji,2016,2.44565179664174,49.42,919166.0,,100.256688986124,4.319
Fiji,2017,5.35336455965106,53.6474,918759.0,,102.960840496657,4.324
Fiji,2018,3.81235122208518,58.2364,917180.0,,106.223152022315,4.335
Fiji,2019,-0.581946709343811,63.2179,914899.0,4.7,114.912590026855,4.373
Fiji,2020,-17.0386673704039,68.6256,914963.0,,112.553329467773,4.649
Fiji,2021,-4.88103619598493,74.4958,916711.0,,114.93183377296,4.701
Fiji,2022,19.7927266886699,78.2433,919422.0,,112.260294588848,4.446
Fiji,2023,7.5242913513424,79.3485,924145.0,,111.9366094795,4.322
Fiji,2024,3.82899888724594,,928784.0,,110.377230542693,4.307
Finland,2000,5.75373770498848,37.2485,5176209.0,0.0,99.7170867919922,11.134
Finland,2001,2.64026205699308,43.1054,5188008.0,,99.688591003418,10.29
Finland,2002,1.68732644358099,62.43,5200598.0,,99.6447677612305,10.423
Finland,2003,2.01179992738312,69.22,5213014.0,0.0,99.689567565918,10.469
Finland,2004,4.00537952277651,72.39,5228172.0,0.0,99.7934265136719,10.358
Finland,2005,2.77730918518017,74.48,5246096.0,0.1,99.7841110229492,9.602
Finland,2006,4.01957326515895,79.66,5266268.0,0.1,99.7659530639648,8.935
Finland,2007,5.31280176694145,80.78,5288720.0,0.1,99.6621475219727,6.854
Finland,2008,0.784431235717051,83.67,5313399.0,0.1,99.7198715209961,6.369
Finland,2009,-8.07603116552393,82.49,5338871.0,0.1,99.664192199707,8.249
Finland,2010,3.1682879121621,86.89,5363352.0,0.1,99.6880569458008,8.394
Finland,2011,2.39039455396828,88.71,5388272.0,0.1,99.7851867675781,7.781
Finland,2012,-1.52284013040689,89.88,5413971.0,0.1,99.7071228027344,7.689
Finland,2013,-0.979741024949618,91.5144,5438972.0,0.1,99.6918487548828,8.193
Finland,2014,-0.4780684247837,86.5304,5461512.0,0.1,99.6617202758789,8.663
Finland,2015,0.466503766322674,86.4221,5479531.0,0.1,99.5672302246094,9.376
Finland,2016,2.57193414898754,87.7036,5495303.0,0.0,99.5080413818359,8.818
Finland,2017,3.30337003591039,87.4689,5508214.0,0.1,99.4682083129883,8.64
Finland,2018,1.19297759742292,88.89,5515525.0,0.1,99.7032012939453,7.361
Finland,2019,1.34973845741737,89.6074,5521606.0,0.0,99.5557479858398,6.695
Finland,2020,-2.49103605535707,92.1703,5529543.0,0.0,99.8175811767578,7.759
Finland,2021,2.67634641498897,92.8081,5541017.0,0.0,99.353630065918,7.617
Finland,2022,0.763041912763526,92.9888,5556106.0,0.1,98.6190185546875,6.719
Finland,2023,-0.946904862611035,93.5139,5583911.0,0.2,99.1151733398438,7.151
Finland,2024,-0.154214821070312,,5637214.0,,,8.26
France,2000,4.14099996402915,14.3079,60918661.0,0.0,100.428260803223,10.218
France,2001,1.89946701186636,26.3259,61364377.0,0.0,100.382209777832,8.61
France,2002,1.06775027069419,30.18,61812142.0,0.0,100.249298095703,8.702
France,2003,0.967827182558352,36.14,62249855.0,0.2,99.9754486083984,8.306
France,2004,2.86825052501032,39.15,62707588.0,0.1,99.8111801147461,8.914
France,2005,1.88856584109286,42.87,63180854.0,0.1,104.636489868164,8.882
France,2006,2.71406448755236,46.87,63622342.0,0.0,104.278846740723,8.832
France,2007,2.53048188351066,66.09,64016890.0,0.0,103.85977935791,8.008
France,2008,0.380171435849121,70.68,64375116.0,0.0,103.622146606445,7.386
France,2009,-2.82455153714783,71.58,64706436.0,0.1,103.041137695312,9.122
France,2010,2.00032476039051,77.28,65026211.0,0.1,102.761512756348,9.279
France,2011,2.43757653729007,77.82,65340830.0,0.0,102.691101074219,9.228
France,2012,0.183835264973013,81.44,65657659.0,0.1,102.523162841797,9.841
France,2013,0.781756446231,81.9198,65997932.0,0.1,102.276443481445,9.913
France,2014,0.997832947295251,83.7511,66312067.0,0.0,101.280349731445,10.273
France,2015,1.06675474783462,78.006,66548272.0,0.1,101.989639282227,10.354
France,2016,0.860031075424033,79.2698,66724104.0,0.1,102.260429382324,10.057
France,2017,2.08361485997399,80.5025,66918020.0,0.0,102.417221069336,9.409
France,2018,1.64590872395887,82.0432,67158348.0,0.0,102.464408874512,9.018
France,2019,2.02744646419237,83.3397,67382061.0,0.1,102.447647094727,8.415
France,2020,-7.44064589948231,84.7064,67601110.0,0.1,102.651626586914,8.009
France,2021,6.88233783360239,86.0955,67842811.0,0.1,102.580406188965,7.874
France,2022,2.57084047567793,85.3333,68065015.0,0.1,102.709487915039,7.308
France,2023,0.936487518850853,86.8364,68287487.0,0.1,103.265121459961,7.335
France,2024,1.16613851497229,88.6538,68516699.0,,,7.37
French Polynesia,2000,3.24541101308193,6.35706,240337.0,,,11.579
French Polynesia,2001,-0.341595578089056,6.25159,244097.0,,,11.664
French Polynesia,2002,0.846181482808589,8.20022,247775.0,,,11.71
French Polynesia,2003,2.1269288487261,14.1243,251637.0,,,11.753
French Polynesia,2004,0.971259129987544,17.8845,255654.0,,,11.701
French Polynesia,2005,0.309973476180005,21.5422,259507.0,,,11.722
French Polynesia,2006,0.889584117597607,25.108,263223.0,,,11.769
French Polynesia,2007,1.70497563803002,28.59,266438.0,,,11.74
French Polynesia,2008,0.00676755066312751,33.87,268379.0,,,11.759
French Polynesia,2009,-4.23139183069446,44.6,269481.0,,,11.97
French Polynesia,2010,-2.4660641898174,49.0,270580.0,,,12.145
French Polynesia,2011,-2.96195745427229,49.0,271727.0,,,12.274
French Polynesia,2012,-0.927537712532072,52.8766,273084.0,,,12.143
French Polynesia,2013,0.398801414346934,56.8,274728.0,,,12.029
French Polynesia,2014,0.593554452942286,60.68,276387.0,,,11.889
French Polynesia,2015,1.80334081452726,64.5602,277866.0,,,11.789
French Polynesia,2016,2.30219823670438,68.4404,279178.0,,,11.715
French Polynesia,2017,4.29263363103487,72.7039,280087.0,,,11.573
French Polynesia,2018,1.87123191091266,,279815.0,,,11.572
French Polynesia,2019,2.70001206709303,,279034.0,,,11.565
French Polynesia,2020,-7.05094422106298,,279209.0,,,12.951
French Polynesia,2021,2.09452990658549,,279792.0,,,12.531
French Polynesia,2022,4.46637969963146,,280378.0,,,11.888
French Polynesia,2023,2.99692707779566,,281118.0,,,11.749
French Polynesia,2024,,,281807.0,,,11.75
Gabon,2000,-1.88296639760897,1.21614,1275572.0,,,17.789
Gabon,2001,2.13523342197423,1.34762,1309589.0,,129.566650390625,17.762
Gabon,2002,-0.249033168543434,1.93953,1345135.0,,135.686462402344,17.351
Gabon,2003,2.2473300115045,2.65959,1382350.0,,133.139846801758,17.119
Gabon,2004,0.689543058464849,2.97907,1421609.0,,,17.095
Gabon,2005,2.67620333310926,4.89326,1463495.0,9.2,,16.91
Gabon,2006,-2.80657835569052,5.4892,1508337.0,,,17.785
Gabon,2007,6.00810802487668,5.767,1556237.0,,,18.261
Gabon,2008,-3.30843064878751,7.5,1607175.0,,,19.191
Gabon,2009,0.130331119816617,9.5,1661556.0,,,19.753
Gabon,2010,7.08988731455126,13.0,1719879.0,,,20.39
Gabon,2011,7.09175334258654,18.0,1781985.0,,129.775996342797,19.941
Gabon,2012,5.25107691750407,24.0,1846889.0,,,19.728
Gabon,2013,5.63869900338696,30.538,1913059.0,,,19.794
Gabon,2014,4.31496444107469,38.0712,1978399.0,,,19.916
Gabon,2015,3.8788993950789,45.7845,2040989.0,,,19.978
Gabon,2016,2.09144220829562,48.0523,2100306.0,,,20.134
Gabon,2017,0.472642030911146,51.6049,2156900.0,3.8,,20.303
Gabon,2018,0.83791658082157,55.4202,2212318.0,,,20.439
Gabon,2019,3.92080879452831,59.5176,2267706.0,,100.171603677222,20.358
Gabon,2020,-1.8377610635094,63.9179,2322539.0,,,21.27
Gabon,2021,1.46795731508091,68.6436,2376722.0,,,21.218
Gabon,2022,3.03761449525692,70.7069,2430747.0,,,20.399
Gabon,2023,2.44588083096593,71.9256,2484789.0,,,20.278
Gabon,2024,3.38390760783467,,2538952.0,,,20.061
"Gambia, The",2000,5.50000021632955,0.921795,1455084.0,,70.9850234985352,9.787
"Gambia, The",2001,5.80000024323377,1.33679,1495011.0,,71.4117431640625,9.708
"Gambia, The",2002,-3.25000014970206,1.79678,1535691.0,,69.3324279785156,10.079
"Gambia, The",2003,6.86999962173842,2.43678,1577611.0,55.2,72.404167175293,10.032
"Gambia, The",2004,7.05000000064635,3.308,1621312.0,,73.5793991088867,9.991
"Gambia, The",2005,-2.35172936176019,3.799,1667037.0,,72.1908874511719,9.963
"Gambia, The",2006,-0.555580977246521,5.23769,1715275.0,,71.4759674072266,10.259
"Gambia, The",2007,3.04324950829739,6.20504,1765774.0,,73.9508819580078,10.428
"Gambia, The",2008,6.25590553394287,6.88,1817852.0,,73.5566177368164,10.092
"Gambia, The",2009,6.6657243078367,7.63,1871422.0,,73.4096527099609,9.823
"Gambia, The",2010,5.90833580968288,9.2,1926630.0,34.2,73.4599827384096,9.723
"Gambia, The",2011,-8.13044422315659,10.8703,1983784.0,,72.1906633471926,10.283
"Gambia, The",2012,5.24156924630741,12.4492,2043094.0,,75.4592652374635,10.346
"Gambia, The",2013,2.872768790327,14.0,2103820.0,,77.5318910077468,9.454
"Gambia, The",2014,-1.40738249510954,15.56,2164528.0,,80.6712752410406,8.218
"Gambia, The",2015,4.0580738039996,17.6,2224529.0,17.1,83.6767800021667,7.26
"Gambia, The",2016,1.94335965478776,19.9,2283769.0,,85.4968152866242,6.285
"Gambia, The",2017,4.8226112492757,22.5,2342189.0,,88.6915742090233,5.157
"Gambia, The",2018,7.23489033258579,28.3,2399632.0,,91.4803276676529,4.127
"Gambia, The",2019,6.22205315994859,31.1183,2456844.0,,95.0965771907399,4.538
"Gambia, The",2020,0.591487287873974,34.2172,2515733.0,22.0,96.8827026600674,5.892
"Gambia, The",2021,5.25596878816744,37.6247,2576010.0,,96.3235417651704,6.269
"Gambia, The",2022,5.49299825508946,44.0389,2636470.0,,97.2781723362608,6.076
"Gambia, The",2023,4.79750894530943,45.9137,2697845.0,,98.7359670428779,6.479
"Gambia, The",2024,5.74671765535597,,2759988.0,,98.6058833319274,6.496
Georgia,2000,1.84038117927339,0.484746,4077131.0,35.0,107.290756225586,10.82
Georgia,2001,4.80729867243699,0.992344,4014373.0,36.7,111.001670837402,11.16
Georgia,2002,5.47402488700408,1.58788,3978515.0,22.3,112.332733154297,12.59
Georgia,2003,11.0570310020104,2.55882,3951736.0,22.3,111.812088012695,11.51
Georgia,2004,5.79268292682926,3.88622,3927340.0,20.9,112.910789489746,12.62
Georgia,2005,9.59113832853026,6.07946,3902469.0,22.3,109.41764831543,13.81
Georgia,2006,9.42148081189909,7.52688,3880347.0,22.5,109.272163391113,13.57
Georgia,2007,12.5755698246405,8.26,3860158.0,23.9,110.829132080078,13.28
Georgia,2008,2.42161440960641,10.01,3848449.0,21.7,109.99112701416,17.87
Georgia,2009,-3.65075229596822,20.07,3814419.0,21.1,108.244682312012,20.71
Georgia,2010,6.24640865303363,26.9,3786695.0,23.6,107.155245895564,20.203
Georgia,2011,7.9343365253078,31.52,3756441.0,21.6,107.761952206271,19.632
Georgia,2012,6.57883101954195,36.94,3728874.0,18.8,109.651399821348,19.653
Georgia,2013,5.13288531209382,43.3,3717668.0,14.9,110.575228390453,19.416
Georgia,2014,4.09049059581743,49.1025,3719414.0,12.0,109.976680992118,17.439
Georgia,2015,3.35102350265353,47.5698,3725276.0,10.6,107.800106850779,16.506
Georgia,2016,3.45021517996871,58.4593,3727505.0,10.5,104.042509897438,16.604
Georgia,2017,5.15990261658827,59.7055,3728004.0,11.1,102.937767734127,13.939
Georgia,2018,6.062036412677,62.7179,3726549.0,11.0,100.786840229187,12.667
Georgia,2019,5.38071926589951,68.8467,3720161.0,9.7,101.236423646202,11.565
Georgia,2020,-6.2904717853839,72.5316,3722716.0,12.0,100.779530049426,11.73
Georgia,2021,10.6442336580969,76.4427,3708610.0,10.8,101.286441127535,11.791
Georgia,2022,10.9585321385624,78.7113,3712502.0,7.7,102.727831178351,11.647
Georgia,2023,7.83220126555726,81.8843,3715483.0,5.8,100.887260863464,11.537
Georgia,2024,9.42857220157775,,3673850.0,4.2,99.3560206839885,11.48
Germany,2000,2.87724595591061,30.2163,82211508.0,0.0,105.392036437988,7.917
Germany,2001,1.63654099437316,31.6509,82349925.0,0.0,106.650672912598,7.773
Germany,2002,-0.228310223930706,48.82,82488495.0,0.0,104.92115020752,8.482
Germany,2003,-0.529929010433477,55.9,82534176.0,0.2,103.66805267334,9.779
Germany,2004,1.16236825444811,64.73,82516260.0,0.0,103.642723083496,10.727
Germany,2005,0.885697256705441,68.71,82469422.0,0.0,103.440620422363,11.193
Germany,2006,3.85573614635729,72.16,82376451.0,0.0,104.262641906738,10.277
Germany,2007,2.89010717888073,75.16,82266372.0,0.0,104.793502807617,8.732
Germany,2008,0.910403214153277,78.0,82110097.0,0.0,105.103981018066,7.508
Germany,2009,-5.54516454479311,79.0,81902307.0,0.0,104.816513061523,7.88
Germany,2010,4.14676755040489,82.0,81776930.0,0.0,104.337593078613,7.043
Germany,2011,3.75796884487347,81.27,80274983.0,0.0,104.415718078613,5.967
Germany,2012,0.47429132103845,82.35,80425823.0,0.0,104.140548706055,5.372
Germany,2013,0.386224592046474,84.17,80645605.0,0.0,103.638671875,5.316
Germany,2014,2.16949889758517,86.1937,80982500.0,0.0,102.62181854248,4.979
Germany,2015,1.65271978656361,87.5898,81686611.0,0.0,102.702461242676,4.612
Germany,2016,2.29471066413561,84.1652,82348669.0,0.0,101.406066894531,4.104
Germany,2017,2.71602454639843,84.3942,82657002.0,0.2,101.738708496094,3.781
Germany,2018,1.11644310902427,87.0371,82905782.0,0.0,102.645378112793,3.384
Germany,2019,0.987893350164853,88.1345,83092962.0,0.2,102.547470092773,3.163
Germany,2020,-4.09513751682526,89.8129,83160871.0,0.2,101.996658325195,3.881
Germany,2021,3.6699998840452,91.4306,83196078.0,,101.346549987793,3.594
Germany,2022,1.36973104612758,91.6298,83797985.0,,100.218132019043,3.12
Germany,2023,-0.266438401180253,92.4764,83901923.0,,102.190689086914,3.068
Germany,2024,-0.238526858256165,93.5,83510950.0,,,3.406
Ghana,2000,3.70000008164408,0.153615,19637087.0,,79.9403762817383,10.456
Ghana,2001,4.00000012807919,0.200008,20167069.0,,75.4195938110352,9.602
Ghana,2002,4.49999955900331,0.830284,20729388.0,,78.8475799560547,8.695
Ghana,2003,5.200000133101,1.19306,21296705.0,,76.3093490600586,7.72
Ghana,2004,5.59999999077445,1.7168,21868298.0,,80.2254409790039,6.756
Ghana,2005,5.90000381855104,1.8312,22449438.0,60.9,86.7024688720703,5.816
Ghana,2006,6.39991260618034,2.72318,23040702.0,,91.2332763671875,4.897
Ghana,2007,4.34681910440079,3.85,23642279.0,,95.9956512451172,5.092
Ghana,2008,9.14979893831817,4.27,24249946.0,,100.841491699219,5.144
Ghana,2009,4.84448705175076,5.44,24862664.0,,99.0773620605469,5.348
Ghana,2010,7.89971194051621,7.8,25474995.0,,,5.384
Ghana,2011,14.0471235803149,9.0,26095088.0,,99.4130783081055,4.227
Ghana,2012,9.2927894063005,10.6,26734268.0,41.8,102.068698169955,3.141
Ghana,2013,7.31252501678145,15.0,27386193.0,,101.089456129828,2.173
Ghana,2014,2.85624016330883,19.0,28041592.0,,99.5600865756332,4.415
Ghana,2015,2.12075933817334,23.0,28696068.0,,103.213138177351,6.806
Ghana,2016,3.37346574966936,28.0,29356742.0,39.0,101.751107525308,5.232
Ghana,2017,8.12889488100956,37.8842,30008354.0,,100.478896703055,3.369
Ghana,2018,6.20007768127284,43.0,30637585.0,,98.6813906905268,3.253
Ghana,2019,6.5077747939152,22.0732,31258945.0,,99.8750321985622,3.16
Ghana,2020,0.513941670628171,62.5176,31887809.0,,98.4048952723908,3.313
Ghana,2021,5.07646643533542,68.6,32518665.0,,99.4509436572472,3.384
Ghana,2022,3.80484980952164,69.3607,33149152.0,,98.2318953247047,3.084
Ghana,2023,3.14009099763754,69.9445,33787914.0,,,3.063
Ghana,2024,5.68487260389836,,34427414.0,,,3.007
Gibraltar,2000,,19.1316,27709.0,,105.813949584961,
Gibraltar,2001,,21.1711,27657.0,,107.605247497559,
Gibraltar,2002,,23.6702,27831.0,,,
Gibraltar,2003,,28.3258,28274.0,,,
Gibraltar,2004,,32.8861,28715.0,,,
Gibraltar,2005,,39.0701,29163.0,,,
Gibraltar,2006,,45.2986,29594.0,,,
Gibraltar,2007,,51.61,30006.0,,,
Gibraltar,2008,,58.0,30413.0,,149.906631469727,
Gibraltar,2009,,65.07,30823.0,,149.380447387695,
Gibraltar,2010,,65.0,31248.0,,,
Gibraltar,2011,,65.0,31660.0,,,
Gibraltar,2012,,65.017,32029.0,,,
Gibraltar,2013,,,32407.0,,,
Gibraltar,2014,,,32813.0,,,
Gibraltar,2015,,,33193.0,,,
Gibraltar,2016,,94.4445,33658.0,,117.183570829841,
Gibraltar,2017,,,34245.0,,118.478260869565,
Gibraltar,2018,,,34854.0,,,
Gibraltar,2019,,,35494.0,,112.325038880249,
Gibraltar,2020,,,36173.0,,108.720271800679,
Gibraltar,2021,,,36858.0,,108.468335787923,
Gibraltar,2022,,,37609.0,,106.327724945135,
Gibraltar,2023,,,38471.0,,103.557022368904,
Gibraltar,2024,,,39329.0,,101.773180642778,
Greece,2000,4.13782699405849,9.13884,10805808.0,0.2,102.308349609375,11.345
Greece,2001,4.65041459442163,10.935,10862132.0,,101.492576599121,10.764
Greece,2002,4.68313727063017,14.67,10902022.0,0.2,93.6346282958984,10.346
Greece,2003,5.79682274294369,17.8,10928070.0,0.6,96.3618927001953,9.839
Greece,2004,5.37786634595851,21.42,10955141.0,0.9,99.3358383178711,10.628
Greece,2005,1.18350635493289,24.0,10987314.0,0.4,99.719970703125,10.074
Greece,2006,6.44339762487436,32.25,11020362.0,0.7,99.1430435180664,8.906
Greece,2007,3.50686976639459,35.88,11048473.0,0.6,98.7613906860352,8.351
Greece,2008,0.0574740238200775,38.2,11077841.0,0.4,,7.664
Greece,2009,-4.11927606715011,42.4,11107017.0,0.6,,9.546
Greece,2010,-5.6937412158003,44.4,11121341.0,1.1,99.9690399169922,12.719
Greece,2011,-9.87677875300243,51.65,11104899.0,1.5,99.5001678466797,17.973
Greece,2012,-8.33113421099992,55.07,11045011.0,2.1,99.5018005371094,24.731
Greece,2013,-2.27211699888024,59.8663,10965211.0,1.5,98.7325210571289,27.686
Greece,2014,0.792225060962835,63.2073,10892413.0,2.0,97.959342956543,26.708
Greece,2015,-0.228301892172851,66.835,10820883.0,2.0,99.8291091918945,24.981
Greece,2016,-0.0317947678412054,69.0879,10775971.0,1.4,99.3706512451172,23.514
Greece,2017,1.47312472702352,69.893,10754679.0,1.1,98.8267135620117,21.413
Greece,2018,2.06467207892409,72.2384,10732882.0,0.2,97.8011016845703,19.179
Greece,2019,2.27718065334808,75.6712,10721582.0,1.0,97.6437683105469,17.045
Greece,2020,-9.19623149726978,78.1158,10698599.0,1.1,97.2831726074219,15.899
Greece,2021,8.65449786002131,78.4943,10569207.0,0.7,97.3313217163086,14.656
Greece,2022,5.74364902526337,83.1707,10436882.0,0.6,101.192031860352,12.426
Greece,2023,2.33212444945818,85.0102,10405588.0,0.6,102.020217895508,11.066
Greece,2024,2.27173622615105,86.2697,10388805.0,,,10.133
Greenland,2000,7.10159688181619,31.7478,56185.0,,,
Greenland,2001,1.26903507902787,35.4641,56379.0,,,
Greenland,2002,-0.971177310665553,44.1548,56595.0,,,
Greenland,2003,4.43004572118211,54.5343,56751.0,,,
Greenland,2004,6.90658283676629,56.099,56898.0,,,
Greenland,2005,4.98749177090193,57.7034,56935.0,,,
Greenland,2006,5.55569490080012,59.3617,56775.0,,,
Greenland,2007,2.3524379811805,61.07,56555.0,,,
Greenland,2008,6.1661327018619,62.82,56328.0,,,
Greenland,2009,0.865952328886948,62.83,56323.0,,,
Greenland,2010,1.73582505889665,63.0,56534.0,,,
Greenland,2011,-0.496519391959083,64.0,56890.0,,,
Greenland,2012,1.39419335955625,64.896,56810.0,,,
Greenland,2013,-1.29828069335511,65.8,56483.0,,,
Greenland,2014,4.7421356730152,66.7,56295.0,,,
Greenland,2015,-2.52931802394475,67.6004,56114.0,,,
Greenland,2016,4.68195410972302,68.5009,56186.0,,,
Greenland,2017,0.0527281828800312,69.4825,56172.0,,,
Greenland,2018,0.62306542854094,,56023.0,,,
Greenland,2019,2.83217756798683,,56225.0,,,
Greenland,2020,0.250789762104304,,56367.0,,,
Greenland,2021,1.63409410992996,,56653.0,,,
Greenland,2022,2.00455580865604,,56661.0,,,
Greenland,2023,0.865961986998158,,56865.0,,,
Greenland,2024,,,56836.0,,,
Grenada,2000,4.88795213650562,4.06391,107451.0,,94.5418395996094,
Grenada,2001,-2.02390004072058,5.1281,107987.0,,95.5040130615234,
Grenada,2002,3.43732352954147,14.7588,108404.0,,108.388946533203,
Grenada,2003,9.46397343076491,18.6452,108884.0,,107.695297241211,
Grenada,2004,-0.647450316084857,19.5706,109323.0,,106.289047241211,
Grenada,2005,13.2761883306272,20.4878,109734.0,,99.8684768676758,
Grenada,2006,-3.99532824427482,21.396,110135.0,,,
Grenada,2007,6.12345094741467,22.29,110522.0,,101.044807434082,
Grenada,2008,0.947542624907697,23.18,110896.0,,105.570350646973,
Grenada,2009,-6.61328134799545,24.05,111254.0,,111.271469116211,
Grenada,2010,-0.511146187173722,27.0,111586.0,,110.229927062988,
Grenada,2011,0.764773550338731,30.0,112079.0,,109.883287807301,
Grenada,2012,-1.15483816409801,32.0,112775.0,,,
Grenada,2013,2.35109801677905,35.0,113487.0,,109.840515778758,
Grenada,2014,7.34212396037948,51.6,114132.0,,108.844735077129,
Grenada,2015,6.44522314693144,52.5,114676.0,,111.623080116231,
Grenada,2016,3.7396039558691,53.3,115130.0,,108.662712097168,
Grenada,2017,4.43867566948151,54.2,115438.0,,110.180032733224,
Grenada,2018,4.36144039364797,61.4,115691.0,0.8,107.786483839373,
Grenada,2019,0.676511738873756,64.3128,115981.0,,,
Grenada,2020,-13.7566222572107,67.3637,116341.0,,,
Grenada,2021,4.68747816934534,70.5594,116688.0,,99.2608147837043,
Grenada,2022,7.32074061551874,74.2689,116913.0,,,
Grenada,2023,4.67976181593586,74.1201,117081.0,,,
Grenada,2024,3.69305932786197,,117207.0,,110.590518436374,
Guam,2000,,16.1131,160065.0,,,15.32
Guam,2001,,25.3802,161329.0,,,13.213
Guam,2002,,31.1923,162315.0,,,11.39
Guam,2003,0.879314134974734,33.7167,163137.0,,,9.697
Guam,2004,6.49378949662236,36.1618,163810.0,,,7.7
Guam,2005,3.64231634949867,38.5599,164365.0,,,7.0
Guam,2006,-3.65251727541954,43.8514,164839.0,,,7.4
Guam,2007,0.717213114754102,46.1505,165267.0,,,8.3
Guam,2008,2.03458799593082,48.4187,165693.0,,,8.892
Guam,2009,0.438683948155543,50.642,166173.0,,,9.3
Guam,2010,2.26325193567601,54.04,166522.0,,,8.2
Guam,2011,0.0776548243059523,57.7,166543.0,,,13.3
Guam,2012,2.13385063045585,61.5342,166331.0,,,12.2
Guam,2013,1.69040835707501,65.4,165966.0,,,11.5
Guam,2014,1.79305192379529,69.27,165486.0,,,7.6
Guam,2015,0.825688073394488,73.14,164905.0,,,6.9
Guam,2016,0.18198362147406,77.01,164233.0,,,5.4
Guam,2017,0.890099909173486,80.5055,163490.0,,,5.418
Guam,2018,-0.828231904933389,,162679.0,,,5.449
Guam,2019,2.52360203340596,,161808.0,,,5.401
Guam,2020,-10.5188595714539,,162158.0,,,6.248
Guam,2021,2.0581832574708,,163730.0,,,5.991
Guam,2022,5.09986426216793,,165180.0,,,5.454
Guam,2023,,,166506.0,,,5.363
Guam,2024,,,167777.0,,,5.586
Guatemala,2000,3.6088687174876,0.712333,11697592.0,8.8,98.8193283081055,2.606
Guatemala,2001,2.33257486608854,1.7382,11969422.0,,99.7040481567383,2.745
Guatemala,2002,3.83928708556792,3.39175,12246915.0,,102.802780151367,2.747
Guatemala,2003,2.56037766801896,4.54885,12525842.0,,,2.807
Guatemala,2004,3.13791683609193,5.1,12807402.0,,108.796012878418,2.971
Guatemala,2005,3.27602692588886,5.7,13087629.0,,109.972137451172,3.059
Guatemala,2006,5.35139778711536,6.5,13367459.0,10.5,111.043182373047,2.948
Guatemala,2007,6.33771869016203,7.3,13652040.0,,111.587127685547,2.824
Guatemala,2008,3.29352400028485,8.3,13935174.0,,112.624313354492,2.873
Guatemala,2009,0.476898106596394,9.3,14215611.0,,118.536636352539,3.208
Guatemala,2010,2.88417542800377,10.5,14500112.0,,117.27329338311,3.497
Guatemala,2011,4.16390688293349,12.3,14792126.0,,116.099510743236,3.172
Guatemala,2012,2.97470856847661,16.0,15089647.0,,111.646252383001,2.765
Guatemala,2013,3.69481902449162,19.7,15387337.0,,107.864590547525,3.017
Guatemala,2014,4.44397783048704,23.4,15681725.0,8.0,105.231154037687,2.717
Guatemala,2015,4.09217072141163,28.8059,15971743.0,,103.756960177093,2.506
Guatemala,2016,2.67780273264368,34.5093,16268760.0,,101.352012012457,2.583
Guatemala,2017,3.07985127147485,37.9,16567357.0,,101.387446797743,2.462
Guatemala,2018,3.40687346472738,41.5,16845685.0,,102.983138102239,2.283
Guatemala,2019,4.0178979343828,44.401,17103803.0,,101.979363381256,2.193
Guatemala,2020,-1.78555194467604,47.5123,17357325.0,,101.500290013425,2.955
Guatemala,2021,8.0417038372514,50.8416,17598650.0,,103.026494452795,2.174
Guatemala,2022,4.18451808712605,55.4086,17847877.0,,102.998277778394,3.051
Guatemala,2023,3.53315670086947,56.0535,18124838.0,9.7,102.032228557129,2.344
Guatemala,2024,3.65186462898195,,18406359.0,,101.488831252809,2.219
Guinea,2000,2.50306056299607,0.0954249,8428832.0,,58.3812294006348,4.599
Guinea,2001,3.65834646929586,0.175542,8539960.0,,61.1270217895508,4.597
Guinea,2002,5.16460946696631,0.402023,8674066.0,50.3,69.4354019165039,4.549
Guinea,2003,1.24860125923698,0.45096,8870781.0,,72.6687164306641,4.644
Guinea,2004,2.34011731288737,0.508819,9062726.0,,75.5423583984375,4.743
Guinea,2005,2.99727256275818,0.542254,9245844.0,,77.486198425293,4.875
Guinea,2006,1.18960211693242,0.637492,9441171.0,,79.18359375,4.93
Guinea,2007,6.81747111070281,0.780025,9662281.0,44.0,81.362548828125,4.818
Guinea,2008,4.13301615965833,0.92,9898870.0,,82.7527465820312,4.829
Guinea,2009,-1.12264204848687,0.94,10143534.0,,82.9110794067383,4.967
Guinea,2010,4.81336016967553,1.0,10396086.0,,85.6168670654297,5.097
Guinea,2011,5.61211177430975,2.0,10656810.0,,89.3744888305664,5.094
Guinea,2012,5.91528626133322,3.1,10921581.0,21.3,91.4924621582031,4.884
Guinea,2013,3.94568708624053,4.5,11191873.0,,93.5301284790039,4.967
Guinea,2014,3.69655311664086,6.4,11472924.0,,95.1517791748047,5.09
Guinea,2015,3.82591056949435,9.2,11767070.0,,,5.224
Guinea,2016,10.82062719659,13.1,12073030.0,,93.1132583618164,5.013
Guinea,2017,10.3000053427355,18.7,12385659.0,,,4.826
Guinea,2018,6.35849192736715,21.83,12704774.0,11.7,,4.787
Guinea,2019,5.61691446889876,22.6255,13034346.0,,,5.018
Guinea,2020,4.70459096113575,23.4499,13371183.0,,100.474517822266,6.018
Guinea,2021,5.5823328114905,24.3044,13710513.0,,,5.827
Guinea,2022,3.97240784200721,24.6954,14055137.0,,,5.267
Guinea,2023,5.54172668627702,26.5014,14405468.0,,,5.244
Guinea,2024,5.6685239347435,,14754785.0,,,5.23
Guinea-Bissau,2000,1.10027815777423,0.230103,1234741.0,,75.5002975463867,3.557
Guinea-Bissau,2001,4.7859716500482,0.299569,1261273.0,,89.7620162963867,3.154
Guinea-Bissau,2002,3.65393603642713,1.02299,1289307.0,68.2,,3.181
Guinea-Bissau,2003,-0.285931052286514,1.3542,1318806.0,,,3.244
Guinea-Bissau,2004,1.17189152277038,1.80814,1349563.0,,107.977500915527,3.238
Guinea-Bissau,2005,6.55977111846077,1.90137,1381585.0,,114.700538635254,3.174
Guinea-Bissau,2006,2.66650493269572,2.0572,1415303.0,,119.655990600586,3.154
Guinea-Bissau,2007,2.55982647078751,2.2063,1450986.0,,,3.149
Guinea-Bissau,2008,4.52457514610252,2.35489,1488054.0,,,3.164
Guinea-Bissau,2009,2.44795106098685,2.30328,1526377.0,,,3.152
Guinea-Bissau,2010,5.60536311358261,2.45,1566347.0,75.7,113.436782836914,3.137
Guinea-Bissau,2011,8.08504167173554,2.672,1608076.0,,,3.08
Guinea-Bissau,2012,-1.71286958446419,2.89399,1651417.0,,,3.143
Guinea-Bissau,2013,3.25607190852087,3.1,1695973.0,,,3.162
Guinea-Bissau,2014,0.964525745841428,3.32,1741122.0,,,3.254
Guinea-Bissau,2015,6.1340893623123,6.1,1786457.0,,,3.157
Guinea-Bissau,2016,5.4326782650304,13.8,1831893.0,,,3.123
Guinea-Bissau,2017,4.66367943913264,14.8,1877072.0,,,3.066
Guinea-Bissau,2018,3.76145359637003,15.7,1922168.0,37.1,,3.127
Guinea-Bissau,2019,5.56574533585568,17.9215,1967696.0,,,2.413
Guinea-Bissau,2020,2.12811490126288,20.4573,2013255.0,,,2.89
Guinea-Bissau,2021,5.23736640634888,23.3519,2058841.0,39.9,,3.031
Guinea-Bissau,2022,5.58513728011474,27.5672,2105529.0,,,2.666
Guinea-Bissau,2023,4.46369936133392,32.4661,2153339.0,,,2.65
Guinea-Bissau,2024,4.81348595188295,,2201352.0,,,2.622
Guyana,2000,-1.36380390261873,0.6,764832.0,,98.2578506469727,11.93
Guyana,2001,2.2795216592191,1.0,764477.0,,96.9906692504883,11.806
Guyana,2002,1.13262696199476,1.5,763652.0,,,11.81
Guyana,2003,-0.632225388266377,2.4,763101.0,,96.3386611938477,11.529
Guyana,2004,1.56335211034042,3.7,762418.0,,,11.28
Guyana,2005,-1.95095759501714,5.7,760914.0,,101.88932800293,11.08
Guyana,2006,5.12960934773,8.9,758966.0,,,10.7
Guyana,2007,7.19123624057457,13.8,756861.0,,98.7052307128906,10.846
Guyana,2008,1.75522349592019,18.2,754606.0,,100.129516601562,11.027
Guyana,2009,3.61150847218585,23.9,752094.0,,97.6101226806641,11.314
Guyana,2010,4.13844160137342,29.9,749256.0,,100.620507153069,11.636
Guyana,2011,5.19625156051602,30.0,746153.0,,104.945060789465,11.819
Guyana,2012,5.27633062046809,30.5,746288.0,,105.236896620854,12.038
Guyana,2013,3.65338433338232,31.0,750021.0,,,12.303
Guyana,2014,1.68649445019584,32.0,754229.0,,,12.639
Guyana,2015,0.687404590619494,34.0,758781.0,,,13.004
Guyana,2016,3.80745626378814,35.66,763548.0,,,13.257
Guyana,2017,3.73449154571284,42.7,768479.0,,,13.462
Guyana,2018,4.44091288475967,48.5989,791556.0,,,13.627
Guyana,2019,5.35284003535665,55.3127,807665.0,,87.7391790964465,13.172
Guyana,2020,43.479651716849,62.954,807481.0,,96.3569272771871,15.334
Guyana,2021,20.0599975568418,71.6509,815482.0,,96.3971945367294,14.557
Guyana,2022,63.3346343654855,78.3924,821637.0,,,12.013
Guyana,2023,33.795011115873,81.7221,826353.0,,94.4460553841055,12.025
Guyana,2024,43.3720094777132,,831087.0,,97.5535955044616,10.165
Haiti,2000,0.870059259424892,0.231271,8303151.0,,,8.454
Haiti,2001,-0.342747883252144,0.340832,8455918.0,75.1,,9.754
Haiti,2002,1.05182013450109,0.893433,8607641.0,,,11.046
Haiti,2003,3.48077973188326,1.64736,8759912.0,,,12.18
Haiti,2004,-1.3178567596495,5.40126,8910263.0,,,13.453
Haiti,2005,3.07217337664731,6.3762,9061273.0,,,14.587
Haiti,2006,1.76875060288195,6.796,9216562.0,,,15.908
Haiti,2007,4.70652994008303,7.2,9373296.0,,,16.8
Haiti,2008,2.6580323082747,7.6,9530774.0,,,16.195
Haiti,2009,5.89037894844316,8.1,9689581.0,,,15.351
Haiti,2010,-5.65151153448299,8.37,9803294.0,,,15.252
Haiti,2011,5.09821354410036,9.0,9914904.0,,,14.485
Haiti,2012,0.502424403581585,9.8,10069771.0,40.4,,14.1
Haiti,2013,4.32478411472874,10.6,10222362.0,,,13.642
Haiti,2014,2.88877250863379,11.4,10373235.0,,,13.755
Haiti,2015,1.40000000859727,14.2,10523242.0,,,13.724
Haiti,2016,1.81246807847532,22.8,10671457.0,,183.989440244666,13.852
Haiti,2017,2.51027134544685,27.2,10817754.0,,,13.881
Haiti,2018,1.66781095484656,32.4736,10962362.0,,,13.878
Haiti,2019,-1.72309699839232,39.262,11105163.0,,,14.057
Haiti,2020,-3.30550546965893,,11243848.0,,,15.546
Haiti,2021,-1.79823988931486,,11374586.0,,,15.28
Haiti,2022,-1.68198396897978,,11503606.0,,,14.635
Haiti,2023,-1.86388420254838,,11637398.0,,,14.556
Haiti,2024,-4.16963395808132,,11772557.0,,,15.058
Honduras,2000,7.29128815869618,1.20386,6577773.0,,103.204963684082,3.881
Honduras,2001,2.72319327321379,1.41528,6757993.0,26.5,,4.0
Honduras,2002,3.75433786119939,2.5974,6938859.0,29.0,,4.02
Honduras,2003,4.54703805165397,4.8,7119213.0,34.0,108.33374786377,5.3
Honduras,2004,6.23230296069102,5.6,7298994.0,33.3,106.424087524414,5.99
Honduras,2005,6.05059922215973,6.5,7478355.0,31.3,102.47428894043,4.909
Honduras,2006,6.56724355177587,7.8,7656832.0,27.3,105.866416931152,3.574
Honduras,2007,6.18832716678008,9.4,7834798.0,22.0,100.833831787109,3.211
Honduras,2008,4.23160011009342,9.6,8012587.0,20.9,101.453086853027,3.156
Honduras,2009,-2.43162787988011,9.8,8189899.0,18.1,99.5311126708984,3.292
Honduras,2010,3.73114034433009,11.09,8365878.0,19.6,99.4327616233952,4.119
Honduras,2011,3.83569066207505,15.9,8540583.0,20.1,97.6766786028118,4.474
Honduras,2012,4.12868774866939,18.12,8715076.0,24.0,94.1871653490279,3.755
Honduras,2013,2.79155975746801,17.8,8889278.0,20.8,90.5529233749786,5.646
Honduras,2014,3.0580805621437,23.0,9063122.0,20.6,89.4033670410587,7.078
Honduras,2015,3.84007997093951,27.1395,9237305.0,19.9,89.2421539364839,6.147
Honduras,2016,3.89297219726413,29.5282,9412380.0,19.8,88.6465188864987,6.727
Honduras,2017,4.84291391050387,31.7358,9588137.0,19.3,87.1120951772099,5.528
Honduras,2018,3.84499476966735,36.0401,9765210.0,19.8,,5.648
Honduras,2019,2.55963434592314,39.3884,9943633.0,18.8,85.3644845988859,5.698
Honduras,2020,-8.96508223267296,45.2483,10119640.0,,83.6552990388855,10.982
Honduras,2021,12.5652843771279,51.9516,10289877.0,,80.8933611486072,8.506
Honduras,2022,4.14356194013767,56.3896,10463872.0,,82.2937171979577,8.774
Honduras,2023,3.57584760454412,58.2789,10644851.0,17.0,82.5478821305927,6.07
Honduras,2024,3.55397003296669,,10825703.0,15.7,78.9690848390083,6.061
"Hong Kong SAR, China",2000,7.66340826591482,27.8278,6665000.0,,,4.92
"Hong Kong SAR, China",2001,0.560881671938134,38.6714,6714300.0,,100.90641784668,5.09
"Hong Kong SAR, China",2002,1.65670611384188,43.0824,6744100.0,,101.921310424805,7.28
"Hong Kong SAR, China",2003,3.05629368645187,52.2,6730800.0,,102.71070098877,7.86
"Hong Kong SAR, China",2004,8.7000474634014,56.3999,6783500.0,,100.331642150879,6.74
"Hong Kong SAR, China",2005,7.38817631893963,56.9,6813200.0,,100.73030090332,5.58
"Hong Kong SAR, China",2006,7.03262479131372,60.8,6857100.0,,101.055946350098,4.77
"Hong Kong SAR, China",2007,6.46486411909632,64.8,6916300.0,,100.729278564453,4.01
"Hong Kong SAR, China",2008,2.12792093606744,66.7,6957800.0,,102.480163574219,3.56
"Hong Kong SAR, China",2009,-2.4591409859034,69.4,6972800.0,,104.338989257812,5.26
"Hong Kong SAR, China",2010,6.76766581747881,72.0,7024200.0,,105.429219600726,4.329
"Hong Kong SAR, China",2011,4.81468100120659,72.2,7071600.0,,104.602752580544,3.422
"Hong Kong SAR, China",2012,1.70029380269649,72.9,7150100.0,,107.340572556762,3.285
"Hong Kong SAR, China",2013,3.10151696394483,74.2,7178900.0,,106.884666666667,3.4
"Hong Kong SAR, China",2014,2.76243030119892,79.8663,7229500.0,,105.045690213869,3.296
"Hong Kong SAR, China",2015,2.38778339545998,84.9484,7291300.0,,105.131520708188,3.314
"Hong Kong SAR, China",2016,2.17543692765861,87.4794,7336600.0,,104.741013824885,3.392
"Hong Kong SAR, China",2017,3.79611358119647,89.4159,7393200.0,,104.80790960452,3.124
"Hong Kong SAR, China",2018,2.84693457597662,90.5074,7452600.0,,103.430995475113,2.805
"Hong Kong SAR, China",2019,-1.67239516545338,91.7434,7507900.0,,102.202607278653,2.917
"Hong Kong SAR, China",2020,-6.54478320166854,92.4131,7481000.0,,105.128762541806,5.808
"Hong Kong SAR, China",2021,6.4544247325683,93.0872,7413100.0,,106.033688453786,5.174
"Hong Kong SAR, China",2022,-3.68375141698573,95.6136,7346100.0,,103.028312901343,4.318
"Hong Kong SAR, China",2023,3.21448901714471,95.9778,7536100.0,,,2.949
"Hong Kong SAR, China",2024,2.5411975388228,,7524100.0,,103.152955896153,2.793
Hungary,2000,4.40937501806403,6.99968,10210971.0,0.1,101.967720031738,6.563
Hungary,2001,4.06202617226026,14.5286,10187576.0,0.0,101.178359985352,5.671
Hungary,2002,4.73006530805553,16.67,10158608.0,0.1,101.256103515625,5.608
Hungary,2003,3.93877761242727,21.63,10129552.0,0.2,101.329246520996,5.79
Hungary,2004,4.96312536156307,27.74,10107146.0,0.3,100.859748840332,5.832
Hungary,2005,4.30028318461673,38.97,10087065.0,1.0,100.982482910156,7.189
Hungary,2006,3.93393162712054,47.06,10071370.0,0.2,101.501808166504,7.494
Hungary,2007,0.332354337878925,53.3,10055780.0,0.2,101.520332336426,7.406
Hungary,2008,0.993437085479655,61.0,10038188.0,0.1,101.747993469238,7.817
Hungary,2009,-6.7401660845502,62.0,10022650.0,0.1,100.920570373535,10.03
Hungary,2010,1.06795068152046,65.0,10000023.0,0.2,100.467422485352,11.172
Hungary,2011,1.91670916599742,68.02,9971727.0,0.2,100.100288391113,11.029
Hungary,2012,-1.33948446518181,70.58,9920362.0,0.5,101.069969177246,11.003
Hungary,2013,2.03216990678146,72.6439,9872734.0,0.5,100.705917358398,10.177
Hungary,2014,4.33435364113967,75.6532,9833038.0,1.0,101.314437866211,7.725
Hungary,2015,3.65981615406955,72.8347,9797755.0,1.0,100.827682495117,6.813
Hungary,2016,2.43864141309342,79.2594,9759755.0,1.6,99.0286331176758,5.115
Hungary,2017,4.12418389451805,76.7505,9726756.0,0.9,98.431266784668,4.156
Hungary,2018,5.60613813768876,76.0744,9706964.0,,96.7522125244141,3.708
Hungary,2019,5.07718495088933,80.3717,9694824.0,,96.6208801269531,3.419
Hungary,2020,-4.33872540024058,84.7712,9670419.0,,97.1749420166016,4.25
Hungary,2021,7.22291580811137,88.6408,9630932.0,,101.458427429199,4.045
Hungary,2022,4.27034755162904,89.1428,9605074.0,,103.47647857666,3.609
Hungary,2023,-0.842528840639091,91.4501,9592186.0,,103.570762634277,4.107
Hungary,2024,0.512305790657138,93.779,9562314.0,,,4.434
Iceland,2000,4.98504276049793,44.4705,281205.0,,99.1379928588867,1.936
Iceland,2001,4.01349754356876,49.393,284968.0,,99.3250427246094,1.874
Iceland,2002,0.559519096112055,79.12,287523.0,,98.8905715942383,2.988
Iceland,2003,2.14268837412426,83.14,289521.0,0.0,99.0588302612305,3.997
Iceland,2004,7.80239945437535,83.88,292074.0,0.2,99.1075668334961,4.031
Iceland,2005,6.12443905447644,87.0,296734.0,0.0,99.1848678588867,2.547
Iceland,2006,6.31699302169923,89.51,303782.0,0.2,98.8979187011719,2.83
Iceland,2007,8.45486010373536,90.6,311566.0,0.1,98.5585098266602,2.251
Iceland,2008,2.2094964133306,91.0,317414.0,0.1,98.4482421875,2.946
Iceland,2009,-7.66380951993094,93.0,318499.0,0.1,98.4017105102539,7.22
Iceland,2010,-2.83277492276433,93.39,318041.0,0.1,98.8301391601562,7.564
Iceland,2011,1.84577914882841,94.8197,319014.0,0.2,98.7551574707031,7.028
Iceland,2012,1.06363659586417,96.2098,320716.0,0.0,98.8329925537109,6.0
Iceland,2013,4.55246028923359,96.5468,323764.0,0.1,98.7876205444336,5.376
Iceland,2014,1.68721503481333,98.158,327386.0,0.0,98.7708206176758,4.897
Iceland,2015,4.43666373898085,98.2,330815.0,0.0,98.6862182617188,3.979
Iceland,2016,6.30368712479275,98.24,335439.0,0.0,98.9531784057617,2.978
Iceland,2017,4.19494878934674,98.2552,343400.0,0.0,98.8624114990234,2.742
Iceland,2018,4.88917300218223,99.011,352721.0,0.3,98.88671875,2.704
Iceland,2019,1.8611779461166,99.5049,360563.0,0.1,98.8134307861328,3.507
Iceland,2020,-6.94045306829003,99.5328,366463.0,,98.5561218261719,5.478
Iceland,2021,5.03340613127381,99.687,372520.0,,98.5672912597656,6.029
Iceland,2022,8.97897085175497,99.8082,382003.0,,98.5116424560547,3.789
Iceland,2023,5.64646181923563,99.8301,393349.0,,98.2218322753906,3.518
Iceland,2024,0.516863121729386,,404610.0,,,3.107
India,2000,3.84099115659129,0.527532,1057922733.0,,98.808967590332,7.624
India,2001,4.82396626555771,0.660146,1077898575.0,,96.9014892578125,7.653
India,2002,3.80397532112175,1.53788,1097600380.0,,97.4474563598633,7.753
India,2003,7.8603814759073,1.68649,1116803006.0,,105.664947509766,7.68
India,2004,7.92293661199932,1.97614,1135991513.0,46.4,,7.625
India,2005,7.92343062148318,2.38807,1154676322.0,,,7.552
India,2006,8.06073257166651,2.8055,1172878890.0,,,7.552
India,2007,7.6608150670107,3.95,1190676021.0,,113.330406188965,7.561
India,2008,3.08669805921981,4.38,1207930964.0,,113.827751159668,7.656
India,2009,7.86188883286074,5.12,1225524753.0,34.6,112.490791320801,7.664
India,2010,8.49758470221235,7.5,1243481564.0,,112.218696594238,7.652
India,2011,5.24131619937695,10.07,1261224954.0,27.1,110.07893371582,7.616
India,2012,5.45638755166587,11.1,1278674502.0,,112.384407043457,7.666
India,2013,6.38610640094825,12.3,1295829511.0,,114.29369354248,7.711
India,2014,7.41022760508854,13.5,1312277191.0,,112.359672546387,7.674
India,2015,7.99625378571471,14.9,1328024498.0,,113.541786193848,7.631
India,2016,8.25630550179086,16.5,1343944296.0,,119.987350463867,7.601
India,2017,6.79538341897911,18.2,1359657400.0,,118.321411132812,7.618
India,2018,6.45385134497769,20.0813,1374659064.0,,101.438321198289,7.652
India,2019,3.87143694070356,29.5235,1389030312.0,,99.9135279872897,6.51
India,2020,-5.77772470686801,43.4054,1402617695.0,,102.041421630559,7.859
India,2021,9.68959249192875,,1414203896.0,,103.202010704334,6.38
India,2022,7.60936497768895,55.9,1425423212.0,5.3,112.073964742492,4.822
India,2023,9.19075493028345,,1438069596.0,,113.164575709104,4.172
India,2024,6.48422363033757,,1450935791.0,,120.520368565055,4.202
Indonesia,2000,4.9200677470169,0.925564,216077790.0,65.7,108.993591308594,6.077
Indonesia,2001,3.64346644721492,2.01861,219097902.0,62.3,109.43041229248,6.082
Indonesia,2002,4.49947539085764,2.13414,222088495.0,46.8,110.116897583008,6.604
Indonesia,2003,4.78036912167654,2.38702,225048008.0,45.5,110.176658630371,6.657
Indonesia,2004,5.03087394501685,2.60029,227926649.0,45.4,109.678840637207,7.303
Indonesia,2005,5.69257130383384,3.60202,230871650.0,41.1,109.01708984375,7.945
Indonesia,2006,5.50095178520348,4.76481,233951652.0,46.8,107.672538757324,7.551
Indonesia,2007,6.34502222667214,5.78627,237062337.0,41.1,110.421722412109,8.06
Indonesia,2008,6.01370360009123,7.91748,240157903.0,38.0,109.333679199219,7.208
Indonesia,2009,4.62887118256153,6.92,243220028.0,37.9,110.992286682129,6.106
Indonesia,2010,6.22385418062366,10.92,246305322.0,34.1,113.010775075983,5.614
Indonesia,2011,6.16978420771008,12.28,249470032.0,31.2,114.684137554242,5.153
Indonesia,2012,6.03005065305615,14.52,252698525.0,26.6,115.201069565404,4.468
Indonesia,2013,5.5572636889101,14.94,255852467.0,27.2,111.656675108204,4.336
Indonesia,2014,5.006668425755,17.1432,258877399.0,25.7,109.659608599994,4.049
Indonesia,2015,4.87632230022123,22.0627,261799249.0,21.6,107.983525766989,4.514
Indonesia,2016,5.03306918280177,25.4474,264627418.0,18.0,105.922391949136,4.301
Indonesia,2017,5.06978590134916,32.3358,267346658.0,14.8,104.382521256166,3.783
Indonesia,2018,5.17429153955024,39.9046,269951846.0,12.5,103.299542869882,4.387
Indonesia,2019,5.01928768046282,47.6906,272489381.0,10.8,101.264685825869,3.59
Indonesia,2020,-2.06551182934165,53.7265,274814866.0,9.8,100.951933675872,4.255
Indonesia,2021,3.70288562827751,62.1045,276758053.0,8.6,100.309665446849,3.827
Indonesia,2022,5.30719722664799,66.4846,278830529.0,7.9,98.7008730463611,3.462
Indonesia,2023,5.04902331835997,69.2084,281190067.0,6.7,98.1566275726904,3.308
Indonesia,2024,5.03034469419038,72.7808,283487931.0,5.4,100.036318150714,3.3
"Iran, Islamic Rep.",2000,5.84552747587396,0.93419,66418659.0,,97.7706298828125,11.696
"Iran, Islamic Rep.",2001,2.39217271180297,1.48422,67452005.0,,100.710922241211,12.36
"Iran, Islamic Rep.",2002,8.07882927923774,4.62618,68011317.0,,103.43717956543,12.8
"Iran, Islamic Rep.",2003,8.6392983956527,6.93372,68769340.0,,106.779502868652,11.529
"Iran, Islamic Rep.",2004,4.33666598322418,7.49,70256316.0,,108.260078430176,10.3
"Iran, Islamic Rep.",2005,3.18980408131023,8.1,71828455.0,4.5,105.198722839355,11.813
"Iran, Islamic Rep.",2006,4.99979526935969,8.76,73392747.0,4.5,102.88353729248,11.519
"Iran, Islamic Rep.",2007,8.15577351843464,9.47,74602648.0,,99.7476577758789,10.772
"Iran, Islamic Rep.",2008,0.250856552511053,12.02,75514204.0,,99.2127914428711,10.63
"Iran, Islamic Rep.",2009,1.00738546285622,13.8,76457825.0,4.9,99.2889633178711,12.113
"Iran, Islamic Rep.",2010,5.79793829590261,15.9,77420842.0,,98.408576965332,13.679
"Iran, Islamic Rep.",2011,2.64571792008958,19.0,78383598.0,2.3,99.0494384765625,12.491
"Iran, Islamic Rep.",2012,-3.7471713986414,22.73,79370580.0,1.8,99.128791809082,12.275
"Iran, Islamic Rep.",2013,-1.52197920494163,29.95,80414686.0,1.9,111.42115020752,10.595
"Iran, Islamic Rep.",2014,4.98477506709494,39.3536,81502045.0,3.3,103.500160217285,10.68
"Iran, Islamic Rep.",2015,-1.42488493937491,45.335,82619362.0,3.0,104.115409851074,11.166
"Iran, Islamic Rep.",2016,8.8150866425182,53.2268,83812228.0,3.0,105.821022033691,12.618
"Iran, Islamic Rep.",2017,2.75850524578875,64.044,85026754.0,2.7,105.369766235352,12.232
"Iran, Islamic Rep.",2018,-1.83800757093036,70.2006,86117998.0,3.2,,12.195
"Iran, Islamic Rep.",2019,-3.0705879849703,72.4509,87051648.0,4.3,105.451843261719,10.74
"Iran, Islamic Rep.",2020,3.33028845926594,75.5699,87723443.0,4.6,104.680130004883,9.687
"Iran, Islamic Rep.",2021,4.71977773157164,78.5957,88455488.0,3.7,,9.282
"Iran, Islamic Rep.",2022,3.77663140152906,79.061,89524246.0,2.8,,9.085
"Iran, Islamic Rep.",2023,5.04489019512138,79.6309,90608707.0,2.5,,9.041
"Iran, Islamic Rep.",2024,3.0400003094751,,91567738.0,,,9.192
Iraq,2000,16.7961344440251,,24424056.0,,89.9259414672852,8.058
Iraq,2001,1.76660876568174,0.1,25197840.0,,,8.261
Iraq,2002,-8.20370481187175,0.5,26006559.0,,,8.621
Iraq,2003,-36.6567804383165,0.6,26802659.0,,96.4831237792969,8.955
Iraq,2004,53.3855472887501,0.9,27577878.0,,95.6360015869141,8.719
Iraq,2005,1.67522863586828,0.9,28407448.0,,,8.578
Iraq,2006,5.63829915220637,0.952344,28616515.0,0.6,,8.42
Iraq,2007,1.88853936243953,0.93,28391607.0,,104.57022857666,8.646
Iraq,2008,8.22810710383277,1.0,28971036.0,,,8.467
Iraq,2009,3.37929909442771,1.06,30058206.0,,,8.414
Iraq,2010,6.40256484471193,2.5,31045366.0,,,8.267
Iraq,2011,7.546471200426,5.0,32161424.0,,,8.191
Iraq,2012,13.9364301737537,7.1,33654842.0,0.6,,7.965
Iraq,2013,7.62828592298754,9.2,35281989.0,,,9.205
Iraq,2014,2.26368817563613,11.6453,36550059.0,,,10.59
Iraq,2015,2.60676642939541,15.2,37560535.0,,,10.842
Iraq,2016,13.7873730187089,19.9,38469627.0,,,10.82
Iraq,2017,-1.81975035118309,49.36,39337353.0,,,13.02
Iraq,2018,2.63385099105624,33.9,40265624.0,,,13.49
Iraq,2019,5.51379057542323,44.3263,41192171.0,,,14.109
Iraq,2020,-12.0367930931152,53.6778,42116605.0,,,15.778
Iraq,2021,1.50218070952037,65.0022,43071211.0,,,16.173
Iraq,2022,7.95904804992662,78.7156,44070551.0,,,15.511
Iraq,2023,0.517705525131191,81.7291,45074049.0,0.5,,15.447
Iraq,2024,-1.54525198318304,,46042015.0,,,15.524
Ireland,2000,9.40352464290197,17.8505,3805174.0,0.2,102.282279968262,4.318
Ireland,2001,5.30582177251378,23.1388,3866243.0,,102.022430419922,3.684
Ireland,2002,5.89936644855928,25.85,3931947.0,0.2,102.821228027344,4.216
Ireland,2003,3.01383792883469,34.31,3996521.0,0.2,102.718627929688,4.478
Ireland,2004,6.78813894175178,36.99,4070262.0,0.1,102.96354675293,4.491
Ireland,2005,5.73978266558288,41.61,4159914.0,0.1,103.077850341797,4.237
Ireland,2006,4.98785480513406,54.82,4273591.0,0.5,102.999237060547,4.355
Ireland,2007,5.31011673012934,61.1583,4398942.0,0.1,103.308532714844,4.98
Ireland,2008,-4.48406956719268,65.34,4489544.0,0.2,102.475601196289,6.774
Ireland,2009,-5.09578178826901,67.38,4535375.0,0.6,102.795967102051,12.609
Ireland,2010,1.68297227062031,69.85,4560155.0,0.7,103.235488891602,14.534
Ireland,2011,1.64877400406158,74.89,4580084.0,0.7,103.378677368164,15.354
Ireland,2012,-0.398960481731095,76.92,4599533.0,0.5,102.118339538574,15.451
Ireland,2013,2.19217619489058,78.2477,4623816.0,0.7,101.958343505859,13.735
Ireland,2014,9.33603375045837,83.4917,4657740.0,0.4,101.542236328125,11.858
Ireland,2015,24.6155698980205,83.4948,4701957.0,0.4,101.184638977051,9.908
Ireland,2016,1.2226384923421,83.5,4762722.0,0.3,101.341491699219,8.374
Ireland,2017,10.0496284821662,84.114,4827445.0,0.3,100.852783203125,6.713
Ireland,2018,7.5443421414267,87.0001,4898022.0,0.1,101.03288269043,5.741
Ireland,2019,5.04054996161159,87.0001,4976456.0,0.1,100.980857849121,4.95
Ireland,2020,7.1578988000836,91.9999,5039747.0,0.2,101.368812561035,5.623
Ireland,2021,16.2556135233358,96.4235,5110585.0,0.1,99.9838485717773,6.364
Ireland,2022,8.61950345618772,96.6206,5212836.0,0.2,99.6199417114258,4.501
Ireland,2023,-5.5300073886596,96.4974,5307600.0,0.1,,4.288
Ireland,2024,1.22133429898928,,5380257.0,,,4.369
Isle of Man,2000,5.30000152552805,,75659.0,,,
Isle of Man,2001,5.39999903126116,,76476.0,,,
Isle of Man,2002,6.19999819490684,,77275.0,,,
Isle of Man,2003,5.99999968812641,,78049.0,,,
Isle of Man,2004,5.20000310402496,,78792.0,,,
Isle of Man,2005,5.89999933576675,,79516.0,,,
Isle of Man,2006,7.69999871253432,,80294.0,,,
Isle of Man,2007,7.50000022988817,,81147.0,,,
Isle of Man,2008,4.90000100081545,,82029.0,,,
Isle of Man,2009,2.10000027181374,,82939.0,,,
Isle of Man,2010,3.39999842395957,,83873.0,,,
Isle of Man,2011,1.99999938207415,,84382.0,,,
Isle of Man,2012,7.30389108511717,,84335.0,,,
Isle of Man,2013,4.14186158753493,,84141.0,,,
Isle of Man,2014,5.15509983748599,,83892.0,,,
Isle of Man,2015,-0.385866882198087,,83593.0,,,
Isle of Man,2016,6.95230284899407,,83466.0,,,
Isle of Man,2017,2.83775807093689,,83609.0,,,
Isle of Man,2018,2.2133975392251,,83805.0,,,
Isle of Man,2019,0.254877847398262,,83957.0,,,
Isle of Man,2020,-8.83681697473475,,84064.0,,,
Isle of Man,2021,3.83783632334639,,84106.0,,,
Isle of Man,2022,-4.16539345213232,,84132.0,,,
Isle of Man,2023,,,84165.0,,,
Isle of Man,2024,,,84160.0,,,
Israel,2000,8.58208942390802,20.8738,6289000.0,,98.2204437255859,11.102
Israel,2001,0.277927326527333,17.3786,6439000.0,0.2,97.6406097412109,11.812
Israel,2002,-0.134072634658438,17.7646,6570000.0,0.7,97.0616989135742,12.888
Israel,2003,1.4490576944626,19.5934,6689700.0,0.9,96.5818710327148,13.505
Israel,2004,4.64789744397389,22.7705,6809000.0,1.0,96.4518280029297,13.029
Israel,2005,4.38778887041551,25.194,6930100.0,1.0,95.5045318603516,11.342
Israel,2006,5.60162698158004,27.8811,7053700.0,0.5,95.3834075927734,10.707
Israel,2007,6.32334950499747,48.1281,7180100.0,0.5,95.8412399291992,9.379
Israel,2008,3.22209599987266,59.39,7308800.0,0.7,95.4030075073242,7.704
Israel,2009,1.23773159721814,63.12,7485600.0,0.7,97.3412704467773,9.534
Israel,2010,5.53434033902194,67.5,7623600.0,0.5,97.6586303710938,8.48
Israel,2011,5.51879621371651,68.8739,7765800.0,0.3,97.6346130371094,7.139
Israel,2012,2.44716836741318,70.8,7910500.0,0.7,98.5221862792969,6.762
Israel,2013,4.08570918638205,70.2503,8059500.0,0.5,97.6897811889648,6.137
Israel,2014,3.77582843213109,75.0178,8215700.0,0.7,97.2882995605469,5.789
Israel,2015,2.23760317482488,77.3521,8380100.0,0.5,97.7587738037109,5.176
Israel,2016,4.45978271860821,79.6531,8546000.0,0.5,97.1344833374023,4.723
Israel,2017,4.3469311670646,81.5812,8713300.0,0.7,96.9318695068359,4.14
Israel,2018,4.00389862187025,83.7332,8882800.0,0.7,96.4932327270508,3.917
Israel,2019,3.71049632750405,86.7879,9054000.0,1.0,96.2709274291992,3.731
Israel,2020,-2.02161548237589,90.1273,9215100.0,0.7,96.3747634887695,4.169
Israel,2021,9.38837403354628,90.2969,9371400.0,0.7,96.2489776611328,4.812
Israel,2022,6.26326343841286,91.8508,9557500.0,,96.3125686645508,3.695
Israel,2023,1.82652049482384,87.0384,9849000.0,,96.4853820800781,3.596
Israel,2024,0.871968424377442,88.1824,9974400.0,,,3.15
Italy,2000,3.88209885062652,23.1109,56942108.0,1.2,102.28849029541,10.834
Italy,2001,2.00643329837733,27.2221,56976981.0,,101.998977661133,9.599
Italy,2002,0.26992966378873,28.04,57089824.0,1.7,102.743858337402,9.211
Italy,2003,0.0665538088732092,29.04,57399184.0,0.9,103.36434173584,8.869
Italy,2004,1.4740217064723,33.24,57828179.0,0.8,103.984909057617,7.866
Italy,2005,0.762410677306491,35.0,58166682.0,0.8,103.975212097168,7.73
Italy,2006,1.79947992234244,37.99,58399861.0,0.8,103.77815246582,6.777
Italy,2007,1.46229205289291,40.79,58756247.0,0.8,103.754417419434,6.076
Italy,2008,-1.02313851177097,44.53,59211181.0,0.9,102.942947387695,6.723
Italy,2009,-5.30515401233991,48.83,59555454.0,1.1,101.482978820801,7.749
Italy,2010,1.52910573247101,53.68,59819407.0,1.4,100.804321289062,8.363
Italy,2011,0.695463154440176,54.39,60026841.0,1.3,100.302833557129,8.359
Italy,2012,-3.12523877282996,55.83,60191247.0,1.4,100.028991699219,10.655
Italy,2013,-1.81802510749792,58.4593,60311613.0,1.6,101.111892700195,12.149
Italy,2014,-0.00138761730454462,55.6385,60320707.0,1.4,100.752258300781,12.683
Italy,2015,0.885667635240807,58.1417,60229605.0,2.1,100.37190246582,11.896
Italy,2016,1.23622108511661,61.3243,60115223.0,1.8,99.8127670288086,11.688
Italy,2017,1.60369995294101,63.0773,60002252.0,1.5,102.803092956543,11.211
Italy,2018,0.826646712344115,74.3872,60148658.0,1.7,102.894989013672,10.61
Italy,2019,0.429162533780342,67.8507,59729081.0,1.0,102.959373474121,9.951
Italy,2020,-8.86822122185345,70.4834,59438851.0,0.9,102.636672973633,9.164
Italy,2021,8.93106210800055,74.8623,59133173.0,0.9,101.089881896973,9.497
Italy,2022,4.82117669913565,85.0607,59013667.0,0.7,101.56453704834,8.069
Italy,2023,0.715372500867531,87.0278,58993475.0,0.9,103.566017150879,7.627
Italy,2024,0.725792380234424,89.2207,58986023.0,,,6.778
Jamaica,2000,0.87870354796236,3.11578,2607826.0,,92.0542831420898,6.762
Jamaica,2001,1.34492956396697,3.86302,2624403.0,,91.743278503418,6.646
Jamaica,2002,1.99729094407155,6.1,2640572.0,6.4,91.628547668457,6.619
Jamaica,2003,3.66631759279021,7.8,2656623.0,,90.5682067871094,6.535
Jamaica,2004,1.32372509977827,10.0,2672225.0,4.5,93.2493362426758,6.539
Jamaica,2005,0.893797935945003,12.8,2687066.0,,93.7356567382812,6.577
Jamaica,2006,2.89912534958872,16.4,2700968.0,,,6.605
Jamaica,2007,1.43195403665118,21.1,2713800.0,,94.1794891357422,6.606
Jamaica,2008,-0.811736703280815,23.6,2725635.0,,98.6940078735352,6.666
Jamaica,2009,-4.3453018579464,24.3,2736995.0,,100.603439331055,7.314
Jamaica,2010,-1.45714720947502,27.67,2748568.0,,97.1699421507251,7.63
Jamaica,2011,1.73037626746921,37.4386,2760494.0,,97.673273504187,8.034
Jamaica,2012,-0.613636039869121,33.79,2772430.0,,97.340224725271,8.695
Jamaica,2013,0.5176860128024,37.1,2783687.0,,95.0332335110657,9.698
Jamaica,2014,0.689822357374339,40.4027,2793749.0,,93.9670022450334,9.046
Jamaica,2015,0.92148712538031,42.2212,2802534.0,,92.1031527692369,8.825
Jamaica,2016,1.37522306445538,44.3669,2809915.0,,93.1394980981879,8.634
Jamaica,2017,0.997123062335191,55.0721,2815764.0,,91.3626103171547,7.399
Jamaica,2018,1.88992368121086,68.2145,2820097.0,0.4,94.9112697345669,5.47
Jamaica,2019,0.892291653822227,70.841,2823271.0,,93.2289962768555,4.987
Jamaica,2020,-9.92032245054413,76.384,2830739.0,,90.9494400024414,6.501
Jamaica,2021,4.60142450033383,82.3607,2837682.0,1.4,92.3761226287061,5.188
Jamaica,2022,5.22151985159613,82.4453,2839144.0,,93.2681834287689,4.083
Jamaica,2023,2.60466305532201,89.473,2839786.0,,87.7375451717876,4.4
Jamaica,2024,-0.718806911772319,,2839175.0,,,4.885
Japan,2000,2.76464755136783,29.9907,126843000.0,,,4.748
Japan,2001,0.386103426142029,38.5321,127149000.0,,,5.02
Japan,2002,0.0419624992862282,46.5942,127445000.0,,,5.386
Japan,2003,1.53512549946694,48.4353,127718000.0,,,5.251
Japan,2004,2.18611569439318,62.3939,127761000.0,,,4.734
Japan,2005,1.80390087215821,66.9211,127773000.0,,,4.446
Japan,2006,1.3723501275831,68.6853,127854000.0,,,4.192
Japan,2007,1.48396941157472,74.3,128001000.0,,,3.888
Japan,2008,-1.22428900061713,75.4,128063000.0,1.0,,4.002
Japan,2009,-5.69323635892741,78.0,128047000.0,0.9,,5.068
Japan,2010,4.09791791943181,78.21,128070000.0,0.7,,5.102
Japan,2011,0.0238095237995424,79.0541,127833000.0,0.5,,4.55
Japan,2012,1.37475099905274,79.4964,127629000.0,1.5,,4.358
Japan,2013,2.00510017681211,88.2194,127445000.0,1.0,102.255889892578,4.038
Japan,2014,0.296205514141889,89.1068,127276000.0,0.7,102.415283203125,3.589
Japan,2015,1.56062669680782,91.058,127141000.0,0.4,102.41911315918,3.385
Japan,2016,0.753826745789127,93.1827,127076000.0,0.7,102.216911315918,3.132
Japan,2017,1.67533175173359,91.7265,126972000.0,0.6,102.254829406738,2.822
Japan,2018,0.643391023533141,88.7464,126811000.0,1.0,102.099906921387,2.467
Japan,2019,-0.402169200894946,92.7304,126633000.0,1.2,102.652282714844,2.351
Japan,2020,-4.16876457146743,90.2195,126261000.0,1.2,102.736831665039,2.809
Japan,2021,2.69657404187188,82.9141,125681593.0,,102.218322753906,2.828
Japan,2022,0.941998775483285,84.9234,125124989.0,,102.158706665039,2.6
Japan,2023,1.47503481053384,86.9815,124516650.0,,102.496421813965,2.6
Japan,2024,0.0836985643852159,,123975371.0,,,2.563
Jordan,2000,4.24571192079179,2.62328,5386945.0,,,13.7
Jordan,2001,5.26995757513571,4.70572,5498894.0,,,14.7
Jordan,2002,5.78380792679296,6.02553,5616066.0,1.0,93.9076538085938,15.3
Jordan,2003,4.16166755544407,8.46601,5741828.0,,95.4888534545898,14.5
Jordan,2004,8.56721424236899,11.6587,5882061.0,,96.6252517700195,14.628
Jordan,2005,8.14659481079931,12.9329,6029587.0,,96.5220336914062,14.8
Jordan,2006,8.09297527811933,13.8671,6427371.0,0.3,95.7085113525391,14.0
Jordan,2007,8.17616995204646,20.0,6827227.0,,93.8907775878906,13.1
Jordan,2008,7.22038637280139,23.0,6989866.0,0.1,91.7442932128906,12.7
Jordan,2009,5.02371007272669,26.0,7141753.0,,,12.9
Jordan,2010,2.31483422063046,27.2,7297043.0,0.1,89.6905264770576,12.5
Jordan,2011,2.73717988632104,34.9,7480424.0,,90.3732005628315,12.9
Jordan,2012,2.42935800100238,37.0,7587127.0,,90.9311831042006,12.2
Jordan,2013,2.60994737548631,41.4,7991809.0,,93.7163727553549,12.6
Jordan,2014,3.38407809933472,46.2,8791710.0,,97.6110112655065,11.9
Jordan,2015,2.49652879315188,54.22,9544729.0,,,13.075
Jordan,2016,1.9941808493012,56.15,10006367.0,,98.4272996476146,15.275
Jordan,2017,2.47359815449045,64.5,10234226.0,,98.5589481924953,18.12
Jordan,2018,1.91907091341564,65.2,10462306.0,,98.8939228109343,18.257
Jordan,2019,1.75124077866225,70.0847,10671891.0,,98.8603333083425,16.801
Jordan,2020,-1.10275188309046,78.4178,10865228.0,,98.960533668868,19.213
Jordan,2021,3.65564358999147,86.0,11066356.0,,98.0017496363734,19.837
Jordan,2022,2.64743514912058,90.5,11256263.0,,98.541267066326,18.2
Jordan,2023,2.88408339281683,92.5344,11439213.0,,98.2994873290949,17.969
Jordan,2024,2.48889409603647,,11552876.0,,98.5516247069238,17.996
Kazakhstan,2000,9.80000000214156,0.668594,15501103.0,,98.0066375732422,12.75
Kazakhstan,2001,13.4999999984358,1.00612,15575550.0,20.7,99.715446472168,10.43
Kazakhstan,2002,9.79999999960842,1.67477,15656677.0,16.2,100.211357116699,9.33
Kazakhstan,2003,9.30000000033759,2.00041,15747380.0,12.3,100.594848632812,8.78
Kazakhstan,2004,9.60000000136854,2.65039,15850159.0,7.6,101.440238952637,8.4
Kazakhstan,2005,9.69999999922682,2.96171,15968117.0,14.6,100.948692321777,8.13
Kazakhstan,2006,10.7,3.26837,16103716.0,2.4,99.8527221679688,7.79
Kazakhstan,2007,8.89999999999405,4.02,16257214.0,1.1,99.7916412353516,7.26
Kazakhstan,2008,3.30000000021091,11.0,16426525.0,0.8,101.085159301758,6.63
Kazakhstan,2009,1.19999999942873,18.2,16619846.0,0.8,99.4884185791016,6.55
Kazakhstan,2010,7.30000000329814,31.6,16836810.0,0.5,98.6651271682671,5.77
Kazakhstan,2011,7.40000000144188,50.6,17066002.0,0.2,98.200290536057,5.39
Kazakhstan,2012,4.79999999528297,61.9066,17306106.0,0.1,95.6735941529056,5.29
Kazakhstan,2013,5.99999999671084,63.3042,17556502.0,0.1,94.8001054814475,5.2
Kazakhstan,2014,4.20000000566705,66.0,17816285.0,0.1,94.6582153565871,5.06
Kazakhstan,2015,1.20000000053288,70.8299,18084169.0,0.1,95.0759557064159,4.93
Kazakhstan,2016,1.09999999910173,74.5877,18363600.0,0.2,95.5584446566675,4.96
Kazakhstan,2017,4.10000000257358,76.4267,18651931.0,0.1,97.3418813354746,4.9
Kazakhstan,2018,4.09999999309841,78.9039,18932727.0,0.1,97.418791535514,4.85
Kazakhstan,2019,4.50000000091883,81.8776,19209555.0,0.1,99.0552309326299,4.8
Kazakhstan,2020,-2.49999999628,85.9426,19482117.0,0.0,98.9588592775913,4.89
Kazakhstan,2021,4.29999999729456,90.924,19743603.0,0.0,98.2733886173645,5.546
Kazakhstan,2022,3.19999999970734,92.2969,20034609.0,,99.223902183157,4.86
Kazakhstan,2023,5.09999999999999,92.8785,20330104.0,,98.9804493873135,4.821
Kazakhstan,2024,4.80000000000022,93.3917,20592571.0,,97.5368516005886,4.794
Kenya,2000,0.599695390807426,0.31806,30642890.0,,94.2572402954102,2.889
Kenya,2001,3.77990649795343,0.619782,31619170.0,,95.1509170532227,2.881
Kenya,2002,0.546859530175595,1.20777,32629808.0,,89.2491912841797,2.919
Kenya,2003,2.93247554570904,2.9419,33652223.0,,103.90389251709,2.873
Kenya,2004,5.10429977629738,3.02353,34713455.0,,103.729431152344,2.848
Kenya,2005,5.90666607980057,3.1019,35796484.0,44.6,103.62956237793,2.745
Kenya,2006,6.47249430015484,3.6,36904008.0,,101.201988220215,2.68
Kenya,2007,6.85072976998784,4.4,38036349.0,,107.582710266113,2.65
Kenya,2008,0.232282744812977,5.2,39206351.0,,107.076469421387,2.756
Kenya,2009,3.30693981631089,6.1,40408891.0,,107.945739746094,2.818
Kenya,2010,8.05847360290906,7.2,41598567.0,,,2.796
Kenya,2011,5.1211061197056,8.8,42758461.0,,,2.704
Kenya,2012,4.56867961444982,10.5,43888303.0,,111.422226680456,2.682
Kenya,2013,3.7978483925754,13.0,44986791.0,,,2.764
Kenya,2014,5.02011100232484,16.5,46051440.0,,107.141220092773,2.768
Kenya,2015,4.96772112759767,16.5879,47088526.0,37.7,104.780090332031,2.762
Kenya,2016,4.21351706814744,16.6,48139687.0,,104.114852905273,2.757
Kenya,2017,3.83795817364721,17.8271,49197766.0,,101.957891317521,3.541
Kenya,2018,5.64794640709219,19.5,50207107.0,,99.770420205161,4.284
Kenya,2019,5.11415885767801,22.6688,51202827.0,,77.5132254988803,5.014
Kenya,2020,-0.272766327438816,,52217334.0,44.4,91.9542486020668,5.619
Kenya,2021,7.59048947333467,,53219166.0,46.4,93.7669067632864,5.693
Kenya,2022,4.85998104287999,,54252461.0,46.9,98.551967362001,5.707
Kenya,2023,5.55587301319866,35.0,55339003.0,,98.2483475806861,5.567
Kenya,2024,4.49649828461209,34.9762,56432944.0,,,5.434
Kiribati,2000,6.74266531257052,1.78523,88613.0,,105.911437988281,
Kiribati,2001,-3.14412917759699,2.33746,90335.0,,112.923652648926,
Kiribati,2002,1.44715494184476,2.5,92264.0,,105.259788513184,
Kiribati,2003,-1.57546689217141,3.0,94175.0,,110.661247253418,
Kiribati,2004,-0.608967597152244,3.5,96085.0,,107.773559570312,
Kiribati,2005,1.29243029465849,4.0,98035.0,,109.628982543945,
Kiribati,2006,5.77693449836185,4.5,100017.0,21.3,107.576568603516,
Kiribati,2007,3.05507981566669,6.0,102068.0,,104.204116821289,
Kiribati,2008,-2.98473121631831,7.0,104222.0,,105.912109375,
Kiribati,2009,0.536801194648319,8.97,106467.0,,102.407890319824,
Kiribati,2010,1.2259519892488,9.07,108704.0,,,
Kiribati,2011,3.26372719532225,10.0,110647.0,,,
Kiribati,2012,5.80365974645258,10.7468,112284.0,,,
Kiribati,2013,7.73092188699647,11.5,113838.0,,,
Kiribati,2014,1.26366268044595,12.25,115326.0,,109.117865085248,
Kiribati,2015,11.2653209431294,14.9,116815.0,,105.430103966625,
Kiribati,2016,7.08803465778669,19.4194,118478.0,,108.727858293076,
Kiribati,2017,3.74911782642376,25.3096,120275.0,,103.304250974568,
Kiribati,2018,3.47943972105872,32.9864,122084.0,,,
Kiribati,2019,3.26428756458257,39.5737,123921.0,6.1,,
Kiribati,2020,-1.46806718078108,,126099.0,,105.717202654416,
Kiribati,2021,8.47973787138213,,128377.0,,103.688433251616,
Kiribati,2022,4.56632593100372,,130469.0,,102.156527494347,
Kiribati,2023,2.65201087489879,88.0,132530.0,,97.3655383941286,
Kiribati,2024,5.26689926385046,,134518.0,,95.2685003274394,
"Korea, Dem. People's Rep.",2000,,0.0,23665910.0,,,3.05
"Korea, Dem. People's Rep.",2001,,0.0,23815358.0,,,3.07
"Korea, Dem. People's Rep.",2002,,0.0,23943973.0,,,3.043
"Korea, Dem. People's Rep.",2003,,0.0,24090380.0,,,3.059
"Korea, Dem. People's Rep.",2004,,0.0,24254943.0,,,3.016
"Korea, Dem. People's Rep.",2005,,0.0,24396433.0,,,2.972
"Korea, Dem. People's Rep.",2006,,0.0,24524507.0,,,2.944
"Korea, Dem. People's Rep.",2007,,0.0,24646383.0,,,2.936
"Korea, Dem. People's Rep.",2008,,0.0,24764618.0,,,2.873
"Korea, Dem. People's Rep.",2009,,0.0,24878332.0,,101.156799316406,2.871
"Korea, Dem. People's Rep.",2010,,0.0,24987258.0,,,2.81
"Korea, Dem. People's Rep.",2011,,0.0,25097874.0,,,2.894
"Korea, Dem. People's Rep.",2012,,0.0,25211728.0,,,2.916
"Korea, Dem. People's Rep.",2013,,,25329451.0,,,2.928
"Korea, Dem. People's Rep.",2014,,,25451262.0,,,2.883
"Korea, Dem. People's Rep.",2015,,,25575350.0,,,2.896
"Korea, Dem. People's Rep.",2016,,,25698326.0,,,2.931
"Korea, Dem. People's Rep.",2017,,,25817709.0,,,2.846
"Korea, Dem. People's Rep.",2018,,,25931147.0,,92.0648422241211,2.757
"Korea, Dem. People's Rep.",2019,,,26037632.0,,,2.782
"Korea, Dem. People's Rep.",2020,,,26136312.0,,,2.948
"Korea, Dem. People's Rep.",2021,,,26232534.0,,,3.0
"Korea, Dem. People's Rep.",2022,,,26328845.0,,,2.805
"Korea, Dem. People's Rep.",2023,,,26418204.0,,,2.831
"Korea, Dem. People's Rep.",2024,,,26498823.0,,,2.859
"Korea, Rep.",2000,9.06083332508534,44.7,47008111.0,,98.9645385742188,4.063
"Korea, Rep.",2001,4.85239957151281,56.6,47370164.0,,98.7921524047852,3.699
"Korea, Rep.",2002,7.72514267547173,59.4,47644736.0,,98.9580383300781,3.046
"Korea, Rep.",2003,3.14729119373409,65.5,47892330.0,,99.9939575195312,3.348
"Korea, Rep.",2004,5.19739136324382,72.7,48082519.0,,100.176528930664,3.42
"Korea, Rep.",2005,4.30854271411236,73.5,48184561.0,,100.344917297363,3.482
"Korea, Rep.",2006,5.26432659466724,78.1,48438292.0,0.5,100.363288879395,3.254
"Korea, Rep.",2007,5.79954841503216,78.8,48683638.0,,100.793983459473,3.013
"Korea, Rep.",2008,3.01298487281167,81.0,49054708.0,0.5,101.344970703125,2.959
"Korea, Rep.",2009,0.792698989518186,81.6,49307835.0,,101.050827026367,3.363
"Korea, Rep.",2010,6.80482491783671,83.7,49554112.0,0.5,100.80436706543,3.324
"Korea, Rep.",2011,3.68566778212526,83.7591,49936638.0,,100.998878479004,2.992
"Korea, Rep.",2012,2.40253099246186,84.07,50199853.0,0.5,101.147590637207,2.812
"Korea, Rep.",2013,3.16470863647184,84.77,50428893.0,,100.268768310547,2.747
"Korea, Rep.",2014,3.2024537945736,87.5568,50746659.0,0.2,99.4568099975586,3.082
"Korea, Rep.",2015,2.80910326824133,89.8963,51014947.0,,100.062088012695,3.546
"Korea, Rep.",2016,2.94688171508626,92.843,51217803.0,0.2,99.7160110473633,3.65
"Korea, Rep.",2017,3.15963574012777,95.0694,51361911.0,0.2,98.6247100830078,3.653
"Korea, Rep.",2018,2.90740377377135,96.0229,51585058.0,0.2,98.6656723022461,3.824
"Korea, Rep.",2019,2.24397786011012,96.1576,51764822.0,0.2,99.6388168334961,3.746
"Korea, Rep.",2020,-0.709415359397681,96.5051,51836239.0,0.0,99.217903137207,3.931
"Korea, Rep.",2021,4.30473481906969,97.5713,51769539.0,0.2,98.6079330444336,3.639
"Korea, Rep.",2022,2.61267219187226,97.1686,51672569.0,,99.0050201416016,2.857
"Korea, Rep.",2023,1.35673324311098,97.416,51712619.0,,100.301467895508,2.675
"Korea, Rep.",2024,,97.8956,51751065.0,,,2.604
Kosovo,2000,,,1802493.0,,,
Kosovo,2001,,,1820009.0,,,
Kosovo,2002,,,1829462.0,,,
Kosovo,2003,,,1826434.0,11.7,,
Kosovo,2004,,,1822773.0,,,
Kosovo,2005,,,1818354.0,14.3,,
Kosovo,2006,,,1813079.0,13.5,,
Kosovo,2007,,,1807094.0,,,
Kosovo,2008,,,1800858.0,,,
Kosovo,2009,5.03485413839893,,1794681.0,10.5,,
Kosovo,2010,4.93995095961395,,1788743.0,10.6,,
Kosovo,2011,6.31981022896761,,1791949.0,6.6,,
Kosovo,2012,1.71219595890548,,1807126.0,3.9,,
Kosovo,2013,5.34079911900278,,1818119.0,2.2,,
Kosovo,2014,3.34880478431623,,1812788.0,3.3,,
Kosovo,2015,5.91623128345211,,1788274.0,2.4,,
Kosovo,2016,5.57177504731632,,1777568.0,2.0,,
Kosovo,2017,4.82565565298054,83.8936,1791019.0,15.2,,
Kosovo,2018,3.40663227056285,89.443,1797086.0,20.7,,
Kosovo,2019,4.75680057007834,,1788891.0,11.3,,
Kosovo,2020,-5.34027547826166,,1790151.0,16.8,,
Kosovo,2021,10.7456560819583,,1786079.0,25.0,,
Kosovo,2022,4.27849895827543,,1768096.0,10.0,,
Kosovo,2023,4.06762701436438,,1682668.0,,,
Kosovo,2024,4.41273828755084,,1527324.0,,,
Kuwait,2000,4.69458187079211,6.7314,1954709.0,,91.778190612793,0.8
Kuwait,2001,0.213332576499354,8.55179,2008121.0,,94.3881912231445,0.8
Kuwait,2002,3.01428315192251,10.249,2059974.0,,100.232528686523,1.1
Kuwait,2003,17.3260204175143,22.4029,2109881.0,,103.916358947754,1.3
Kuwait,2004,10.2402980586354,22.9271,2157320.0,,106.364921569824,1.7
Kuwait,2005,10.6090449840228,25.9261,2236788.0,,109.952461242676,1.456
Kuwait,2006,7.51477300024021,28.7912,2364733.0,,107.883522033691,1.3
Kuwait,2007,5.99157551059315,34.8,2507887.0,,109.510246276855,1.5
Kuwait,2008,2.47975694278544,42.0,2651421.0,,105.871963500977,1.75
Kuwait,2009,-7.07605643073411,50.8,2795484.0,,104.793342590332,1.64
Kuwait,2010,-2.37054804702014,61.4,2943372.0,,103.456070631628,1.82
Kuwait,2011,9.6286341294699,65.7691,3132814.0,,104.034639765968,2.053
Kuwait,2012,6.62587503701585,70.45,3337109.0,,101.201070548063,2.231
Kuwait,2013,1.14946534308449,75.46,3507844.0,,100.76174143249,2.471
Kuwait,2014,0.500914739235171,78.7,3665876.0,,100.81140841023,2.9
Kuwait,2015,0.592770733341254,82.0,3834574.0,,101.798934825921,2.2
Kuwait,2016,2.92607587738732,85.6,4004096.0,,95.082504528762,2.16
Kuwait,2017,-4.71222270116762,98.0,4154812.0,,91.091846001843,2.227
Kuwait,2018,2.74333053861294,99.5988,4323515.0,,88.3663601926408,2.204
Kuwait,2019,2.26381690553512,99.5427,4442316.0,,83.058405539644,2.251
Kuwait,2020,-4.81778982257279,99.1059,4400267.0,,81.3867938642424,3.557
Kuwait,2021,1.67263689630211,99.7,4360865.0,,82.3634126791806,3.002
Kuwait,2022,6.75866704650672,99.7237,4589643.0,,,2.174
Kuwait,2023,-1.66720589738431,99.7473,4853420.0,,,2.127
Kuwait,2024,-2.56011113294544,,4973861.0,,,2.144
Kyrgyz Republic,2000,5.44333663288322,1.0414,4898362.0,66.2,94.7018585205078,1.858
Kyrgyz Republic,2001,5.32162141190466,3.00294,4945073.0,61.5,93.9270782470703,1.95
Kyrgyz Republic,2002,-0.0173246130360667,2.99927,4990704.0,58.1,93.4230804443359,2.065
Kyrgyz Republic,2003,7.03029319731168,3.90877,5043308.0,56.6,93.4400482177734,2.162
Kyrgyz Republic,2004,7.02681242497607,5.09039,5104713.0,32.5,94.6500473022461,2.259
Kyrgyz Republic,2005,-0.175515404044219,10.5338,5162640.0,36.6,95.2993011474609,2.362
Kyrgyz Republic,2006,3.10289874199981,12.3069,5218373.0,26.0,96.6627578735352,2.48
Kyrgyz Republic,2007,8.54287477507607,14.03,5268385.0,23.3,95.5742263793945,2.577
Kyrgyz Republic,2008,8.40161604861429,15.7,5318729.0,13.8,96.2590179443359,2.642
Kyrgyz Republic,2009,2.88629457537731,16.0,5389643.0,9.8,97.0543823242188,2.744
Kyrgyz Republic,2010,-0.471566596791618,16.3,5467059.0,12.6,98.1180547707839,2.887
Kyrgyz Republic,2011,5.95627429693504,17.5,5546587.0,9.3,97.7979618076575,2.999
Kyrgyz Republic,2012,-0.0881501998439376,19.8,5652076.0,10.5,98.702532107947,3.114
Kyrgyz Republic,2013,10.9154694528045,23.0,5777150.0,13.5,98.5657231831631,3.153
Kyrgyz Republic,2014,4.02403863083252,28.3,5905848.0,8.1,98.8074237078529,3.262
Kyrgyz Republic,2015,3.87582544512439,30.247,6040036.0,11.0,98.0889255070076,3.338
Kyrgyz Republic,2016,4.33585592190116,40.5,6175338.0,8.0,99.7782949950732,3.474
Kyrgyz Republic,2017,4.73993722377884,50.8,6306696.0,8.2,100.800957688671,3.57
Kyrgyz Republic,2018,3.75791013557165,62.8,6444079.0,5.9,99.826455114381,3.67
Kyrgyz Republic,2019,4.60062565707598,64.1,6590211.0,4.9,98.9384768920384,4.295
Kyrgyz Republic,2020,-7.14897757727955,72.0,6726596.0,9.4,96.2103354796137,4.63
Kyrgyz Republic,2021,5.50700762671923,77.1177,6851224.0,5.6,96.3743766346118,4.096
Kyrgyz Republic,2022,8.96750520041391,82.5991,6975220.0,4.5,96.7442875061351,4.043
Kyrgyz Republic,2023,9.0132928339342,88.4701,7099750.0,2.7,98.0963360523919,3.991
Kyrgyz Republic,2024,9.04013556120012,,7224614.0,,98.5949565397186,3.289
Lao PDR,2000,5.79878232861959,0.111044,5431212.0,,105.722198486328,2.046
Lao PDR,2001,5.75141287983195,0.181664,5521482.0,,103.310859680176,1.88
Lao PDR,2002,5.91874368370564,0.267899,5610889.0,43.1,105.233688354492,1.775
Lao PDR,2003,6.06700230344272,0.333912,5697945.0,,107.481590270996,1.639
Lao PDR,2004,6.35769548008234,0.361434,5781626.0,,108.649421691895,1.498
Lao PDR,2005,7.10756836811267,0.850357,5869523.0,,110.026527404785,1.35
Lao PDR,2006,8.61926620832807,1.16989,5963200.0,,110.817306518555,1.198
Lao PDR,2007,7.59682880054878,1.64,6056236.0,36.0,112.471809387207,1.067
Lao PDR,2008,7.82490276337012,3.55,6148969.0,,114.984016418457,0.943
Lao PDR,2009,7.50177491225853,6.0,6241642.0,,117.407089233398,0.834
Lao PDR,2010,8.52690551739717,7.0,6334194.0,,119.705680847168,0.708
Lao PDR,2011,8.03865268023725,9.0,6426590.0,,119.074599302583,1.055
Lao PDR,2012,8.02609843461283,10.7477,6518978.0,21.7,118.414315740965,1.399
Lao PDR,2013,8.02630022699017,12.5,6611385.0,,118.408152699995,1.757
Lao PDR,2014,7.61196343979319,14.26,6703172.0,,117.425464096562,2.119
Lao PDR,2015,7.27006584373785,18.2,6801645.0,,114.302879123065,2.494
Lao PDR,2016,7.02283625501138,21.87,6908802.0,,110.502812681423,2.881
Lao PDR,2017,6.8925308726989,25.5104,7018147.0,,107.444972491228,3.268
Lao PDR,2018,6.24796000755872,36.3,7128045.0,15.7,104.275413158198,2.9
Lao PDR,2019,5.4577350924848,47.0323,7237636.0,,101.978544594664,2.537
Lao PDR,2020,0.503031829018681,54.0,7346533.0,,100.27766790602,2.361
Lao PDR,2021,2.52835100486102,62.0,7453194.0,,99.1101994809825,2.066
Lao PDR,2022,2.70742652643155,62.7001,7559007.0,,95.6988495024876,1.209
Lao PDR,2023,3.74568140158232,63.6255,7664993.0,,95.0382534939216,1.188
Lao PDR,2024,4.25825724651581,,7769819.0,,93.8514019047136,1.218
Latvia,2000,5.84102642353959,6.31906,2367550.0,,101.699783325195,14.211
Latvia,2001,6.46057826727287,7.21935,2337170.0,,103.411827087402,13.821
Latvia,2002,7.66548778586991,21.94,2310173.0,1.5,104.02027130127,13.829
Latvia,2003,8.42913257059108,26.98,2287955.0,1.5,105.016151428223,12.061
Latvia,2004,8.72514341727928,38.58,2263122.0,3.7,105.490577697754,11.708
Latvia,2005,11.6153178557457,46.0,2238799.0,3.1,104.843978881836,10.033
Latvia,2006,12.825017846905,53.63,2218357.0,1.9,104.261993408203,7.03
Latvia,2007,10.4145372792714,59.17,2200325.0,0.8,104.213363647461,6.052
Latvia,2008,-3.38871665849958,63.41,2177322.0,1.6,103.548599243164,7.739
Latvia,2009,-16.0400195313042,66.84,2141669.0,2.6,102.918098449707,17.515
Latvia,2010,-3.66125859554762,68.42,2097555.0,2.6,102.958602905273,19.482
Latvia,2011,3.03634482668815,69.75,2059709.0,1.7,102.285652160645,16.206
Latvia,2012,7.30524057200897,73.1199,2034319.0,1.4,101.048713684082,15.047
Latvia,2013,2.09609028156248,75.2344,2012647.0,1.5,100.386268615723,11.867
Latvia,2014,2.0949597710559,75.8261,1993782.0,1.1,99.8528213500977,10.846
Latvia,2015,3.78336712084972,79.2006,1977527.0,1.0,99.3933181762695,9.873
Latvia,2016,2.55168601974034,79.8421,1959537.0,1.0,99.1985473632812,9.643
Latvia,2017,3.39894872623931,80.1141,1942248.0,1.0,99.3678436279297,8.715
Latvia,2018,4.30971286294503,83.5772,1927174.0,0.6,99.614387512207,7.412
Latvia,2019,0.675372771884227,86.1355,1913822.0,0.3,99.9834365844727,6.312
Latvia,2020,-3.46922750780554,88.898,1900449.0,0.5,99.8328475952148,8.098
Latvia,2021,6.94254173062592,91.1796,1884490.0,0.5,99.7407684326172,7.513
Latvia,2022,1.80677198008065,91.0301,1879383.0,0.4,99.41796875,6.815
Latvia,2023,2.85421800106587,92.1879,1877445.0,0.4,98.4666366577148,6.465
Latvia,2024,-0.44249112634327,92.7076,1862441.0,,,6.72
Lebanon,2000,1.34187161970405,7.95274,4329340.0,,85.1220779418945,8.603
Lebanon,2001,3.83966927702973,6.78322,4401918.0,,84.4280319213867,8.464
Lebanon,2002,3.42314982843781,7.0,4463504.0,,85.5243682861328,8.229
Lebanon,2003,3.22709826879041,8.0,4525508.0,,86.7726821899414,8.05
Lebanon,2004,6.67944461641103,9.0,4599279.0,,88.6836776733398,7.85
Lebanon,2005,2.68577931016345,10.14,4671102.0,,89.1887664794922,8.247
Lebanon,2006,1.54951500083213,15.0,4751136.0,,88.5270919799805,8.671
Lebanon,2007,9.31062252641144,18.74,4844118.0,,88.3269729614258,8.98
Lebanon,2008,9.06912826789082,22.53,4925354.0,,86.235969543457,7.666
Lebanon,2009,10.232155577776,30.14,4992287.0,,85.3689270019531,6.355
Lebanon,2010,7.97513555844932,43.68,5041288.0,,84.7973450726083,6.775
Lebanon,2011,0.86733987855277,52.0,5096020.0,0.1,84.8372167281463,7.349
Lebanon,2012,2.56479133680038,61.2498,5235742.0,,85.2793225598415,7.937
Lebanon,2013,3.8278734986016,70.5,5743436.0,,86.8028638212504,8.458
Lebanon,2014,2.48406010500743,73.0,6346990.0,,78.51893817562,8.833
Lebanon,2015,0.462320792597581,74.0,6472469.0,,77.1609396441008,9.306
Lebanon,2016,1.55454940856943,76.11,6323060.0,,76.5474649245479,9.786
Lebanon,2017,0.903028464073813,78.1808,6160128.0,,78.1223765134602,10.251
Lebanon,2018,-1.88470575631651,80.9,5984119.0,,77.5757280340719,10.745
Lebanon,2019,-6.91492472851026,81.4812,5794594.0,,77.0927924297378,11.301
Lebanon,2020,-21.3998996914321,82.0665,5702398.0,,76.1016961624784,13.284
Lebanon,2021,-7.00123862514116,82.656,5718122.0,,74.7292217654682,12.669
Lebanon,2022,-0.621678970663112,82.798,5744489.0,5.9,76.4541233193651,11.6
Lebanon,2023,-0.760584470257314,83.4933,5773493.0,,78.2026874196176,11.543
Lebanon,2024,,,5805962.0,,81.7691124093498,
Lesotho,2000,3.87554677576694,0.211806,2003913.0,,108.976371765137,16.227
Lesotho,2001,3.56158183392093,0.26115,2000853.0,,112.828216552734,16.141
Lesotho,2002,0.723836067167127,1.08394,1994679.0,74.9,116.67520904541,16.137
Lesotho,2003,4.55977716384528,1.5325,1985059.0,,122.545356750488,16.113
Lesotho,2004,1.69237417358596,2.17552,1971129.0,,124.347053527832,16.206
Lesotho,2005,3.46612222755311,2.58025,1953076.0,,125.938102722168,16.086
Lesotho,2006,4.23009522805209,2.97971,1945063.0,,129.976348876953,16.107
Lesotho,2007,4.18791409957151,3.44543,1953268.0,,124.028053283691,15.997
Lesotho,2008,5.52341966978646,3.58,1966541.0,,122.513938903809,15.907
Lesotho,2009,-1.25375779920832,3.72,1980883.0,,119.620330810547,16.16
Lesotho,2010,5.26967078056286,3.86,1996251.0,,118.573860412332,16.113
Lesotho,2011,4.61641394528752,7.0,2014009.0,,117.181528807654,16.157
Lesotho,2012,6.33408374679448,10.0,2034354.0,,115.307928873959,15.813
Lesotho,2013,1.79252555575545,15.0,2056504.0,,110.493088742815,15.97
Lesotho,2014,1.71054990545476,22.0,2080089.0,,107.843876685208,16.104
Lesotho,2015,3.12406678044546,25.0,2104611.0,,105.217264805575,16.254
Lesotho,2016,3.60890731687714,32.4539,2130422.0,,104.249373647237,16.17
Lesotho,2017,-3.13817493733471,39.0,2157110.0,41.9,105.559253372505,16.401
Lesotho,2018,-1.48063315848241,40.8,2183603.0,,96.0052004309251,16.625
Lesotho,2019,-1.41799383085205,42.3017,2209405.0,,91.2787382569656,16.876
Lesotho,2020,-8.15595879914267,43.6575,2235727.0,,87.7447358699667,18.399
Lesotho,2021,2.26671067006538,45.0567,2261542.0,,85.0366186011239,18.23
Lesotho,2022,2.38778020186284,46.5007,2286110.0,,83.6343022439557,16.688
Lesotho,2023,1.82662525852363,47.991,2311472.0,,81.6412239707352,16.457
Lesotho,2024,2.76223818532688,,2337423.0,,80.1830208282055,16.147
Liberia,2000,28.6159342546183,0.0177027,2928117.0,,108.483879089355,2.231
Liberia,2001,2.92027476569781,0.0338122,3015338.0,,,2.294
Liberia,2002,3.76301761700071,0.0327133,3094782.0,,,2.318
Liberia,2003,-30.145132727942,0.0318689,3119532.0,,,2.586
Liberia,2004,2.61984689477413,0.0310112,3156892.0,,,2.589
Liberia,2005,5.28121245309295,,3301015.0,,,2.577
Liberia,2006,8.04390997190059,,3490787.0,,89.2062301635742,2.283
Liberia,2007,9.53527536282282,0.551377,3669050.0,61.1,,2.235
Liberia,2008,7.14569112811476,0.53,3821003.0,,88.4250335693359,2.222
Liberia,2009,5.30054050291531,2.0,3943028.0,,95.9832763671875,2.242
Liberia,2010,6.09982524004147,2.3,4058890.0,,,2.266
Liberia,2011,8.20076822497064,2.5,4221178.0,,100.745734764563,2.211
Liberia,2012,7.99381444555367,2.6,4373043.0,,,2.146
Liberia,2013,8.68728781639683,3.2,4470239.0,,52.1977055032725,2.08
Liberia,2014,0.701393100287518,5.41,4564293.0,31.7,92.5530201850852,2.079
Liberia,2015,-0.0185649695590939,10.0,4659431.0,,89.990046454263,2.557
Liberia,2016,-1.5549586174878,15.7,4755608.0,33.6,83.8891158492465,3.081
Liberia,2017,2.45515592012239,16.3,4848925.0,,79.5952338903314,3.066
Liberia,2018,1.15757512207355,17.2777,4944726.0,,,3.056
Liberia,2019,-2.46729763532686,18.3141,5043721.0,,,3.068
Liberia,2020,-2.98249127649473,19.4126,5149463.0,,72.4228278801865,4.109
Liberia,2021,4.98671283481617,20.5771,5259323.0,,67.4627150781073,3.845
Liberia,2022,4.80810517290655,21.8966,5373294.0,,66.5939255094706,2.977
Liberia,2023,4.68375688761311,23.4979,5493031.0,,,2.933
Liberia,2024,4.79291482156812,,5612817.0,,,2.882
Libya,2000,3.6792704082,0.187043,5305021.0,,,19.201
Libya,2001,-1.76283887062603,0.366533,5403639.0,,112.976516723633,19.228
Libya,2002,-0.958897332849631,2.24442,5508410.0,,110.523216247559,19.247
Libya,2003,13.0160372478013,2.81452,5619398.0,,108.359649658203,19.045
Libya,2004,4.46163899648637,3.53284,5736693.0,,108.333869934082,18.911
Libya,2005,11.8707565226151,3.91779,5858798.0,,102.512176513672,18.639
Libya,2006,6.50052541959279,4.30105,5980211.0,,106.998237609863,18.779
Libya,2007,6.22998278561838,4.722,6104380.0,,,18.745
Libya,2008,-0.162048238799883,9.0,6235430.0,,,19.006
Libya,2009,-4.4001817631021,10.8,6366686.0,,,19.247
Libya,2010,5.0272476723775,14.0,6497839.0,,,19.276
Libya,2011,-50.3385151384986,14.0,6343203.0,,,19.478
Libya,2012,86.8267484395784,15.2,6179328.0,,,19.03
Libya,2013,-17.9979615745681,16.5,6304628.0,,,19.327
Libya,2014,-23.0428058282215,17.76,6427252.0,,,19.308
Libya,2015,-0.842656252118843,,6531819.0,,,19.676
Libya,2016,-1.4909411172622,,6632126.0,,,19.522
Libya,2017,32.4918021862688,,6738770.0,,,19.02
Libya,2018,7.9413678529104,,6849055.0,,,18.836
Libya,2019,-11.1960828853386,,6951033.0,,,19.05
Libya,2020,-29.4552967282824,87.5754,7045399.0,,,19.613
Libya,2021,28.3334624622298,88.5598,7135175.0,,,19.641
Libya,2022,-8.25163004105288,88.6412,7223805.0,,,19.282
Libya,2023,10.1558181770326,88.4989,7305659.0,,,18.753
Libya,2024,-0.605832526910618,,7381023.0,,,18.615
Liechtenstein,2000,3.22019308239609,36.5152,32645.0,,,
Liechtenstein,2001,-0.733092455297992,45.1169,33194.0,,,
Liechtenstein,2002,-0.993919947159299,59.4707,33694.0,,,
Liechtenstein,2003,-1.93756534125014,58.8097,34079.0,,106.175201416016,
Liechtenstein,2004,3.03917210306501,64.0074,34447.0,,109.152221679688,
Liechtenstein,2005,4.82807677743524,63.3714,34753.0,,105.754722595215,
Liechtenstein,2006,8.64496857267281,64.2142,35037.0,,107.511962890625,
Liechtenstein,2007,3.325963509369,65.0802,35262.0,,107.265769958496,
Liechtenstein,2008,1.79808847836411,70.0,35473.0,,105.525672912598,
Liechtenstein,2009,-1.15748291975636,75.0,35742.0,,105.751121520996,
Liechtenstein,2010,,80.0,36022.0,,105.459182739258,
Liechtenstein,2011,,85.0,36312.0,,104.950500488281,
Liechtenstein,2012,,89.4077,36657.0,,103.828002929688,
Liechtenstein,2013,,93.8,36984.0,,,
Liechtenstein,2014,,95.21,37248.0,,102.660987854004,
Liechtenstein,2015,,96.6412,37494.0,,105.665420532227,
Liechtenstein,2016,,98.0939,37716.0,,105.491020202637,
Liechtenstein,2017,,99.5466,37962.0,,104.699737548828,
Liechtenstein,2018,,,38246.0,,106.329788208008,
Liechtenstein,2019,,93.1461,38563.0,,103.830009460449,
Liechtenstein,2020,,94.3499,38901.0,,102.913627624512,
Liechtenstein,2021,,95.5694,39182.0,,102.110137939453,
Liechtenstein,2022,,96.4528,39493.0,,,
Liechtenstein,2023,,97.3444,39850.0,,,
Liechtenstein,2024,,,40197.0,,,
Lithuania,2000,3.41862206571636,6.42707,3499536.0,1.2,103.144233703613,15.931
Lithuania,2001,6.48412665187908,7.17936,3470818.0,1.6,103.148803710938,16.84
Lithuania,2002,6.71983945103626,17.69,3443067.0,1.4,103.104148864746,13.008
Lithuania,2003,10.5518959629574,25.91,3415213.0,0.4,102.963088989258,12.874
Lithuania,2004,6.50203536075556,31.23,3377075.0,4.0,103.970291137695,10.684
Lithuania,2005,7.7314467577492,36.22,3322528.0,2.7,102.84455871582,8.325
Lithuania,2006,7.39548122468629,43.9,3269909.0,1.8,102.028747558594,5.78
Lithuania,2007,11.0779282578673,49.9,3231294.0,1.6,101.104446411133,4.25
Lithuania,2008,2.59946154605602,55.22,3198231.0,1.8,99.499267578125,5.826
Lithuania,2009,-14.8386117894848,59.76,3162916.0,2.7,99.9498291015625,13.785
Lithuania,2010,0.427199566550769,62.12,3097282.0,2.0,100.421501159668,17.814
Lithuania,2011,6.32363664821298,63.64,3028115.0,0.9,101.251838684082,15.39
Lithuania,2012,4.38290584355157,67.23,2989139.0,1.1,101.85440826416,13.365
Lithuania,2013,4.04691318575325,68.4529,2961250.0,1.2,101.754577636719,11.77
Lithuania,2014,3.7725437958099,72.1335,2937253.0,1.7,100.977882385254,10.698
Lithuania,2015,2.83280643343234,71.3781,2911109.0,1.0,101.542343139648,9.12
Lithuania,2016,2.67192215053329,74.3766,2877325.0,1.5,104.223098754883,7.862
Lithuania,2017,4.61224310312809,77.6153,2842639.0,1.2,106.410949707031,7.073
Lithuania,2018,4.91836780106811,79.7226,2819200.0,1.0,106.05738067627,6.147
Lithuania,2019,4.67735183530451,81.5819,2811089.0,0.6,104.706062316895,6.255
Lithuania,2020,0.0428158336981426,83.0555,2810369.0,0.5,103.468246459961,8.487
Lithuania,2021,6.38001606179873,86.9305,2808380.0,0.3,101.152992248535,7.112
Lithuania,2022,2.53752574011534,87.7242,2831639.0,0.8,101.905830383301,5.955
Lithuania,2023,0.342262716277261,88.5029,2871585.0,1.1,102.679946899414,6.841
Lithuania,2024,2.77263124530285,,2888055.0,,,7.504
Luxembourg,2000,6.93812976136098,22.8873,436300.0,0.0,98.2414703369141,2.345
Luxembourg,2001,3.07435550952719,36.1634,441525.0,0.0,99.3786163330078,1.805
Luxembourg,2002,3.22541782301025,39.84,446175.0,0.0,99.7913970947266,2.621
Luxembourg,2003,2.61937861354482,54.55,451630.0,0.1,99.1101303100586,3.675
Luxembourg,2004,4.23188928835465,65.88,458095.0,0.0,99.0978927612305,5.113
Luxembourg,2005,2.48287498468387,70.0,465158.0,0.0,99.8659591674805,4.488
Luxembourg,2006,6.0167154014547,72.51,472637.0,0.0,99.6400299072266,4.731
Luxembourg,2007,8.09866723048083,78.92,479993.0,0.0,99.5173110961914,4.065
Luxembourg,2008,-0.300175624936841,82.23,488650.0,0.0,99.1816101074219,5.06
Luxembourg,2009,-3.23895409147492,87.31,497783.0,0.0,,5.194
Luxembourg,2010,3.76041454320028,90.62,506953.0,0.0,98.0030136108398,4.423
Luxembourg,2011,1.04429855323325,90.0299,518347.0,0.1,96.2988433837891,5.122
Luxembourg,2012,1.64990212764553,91.9499,530946.0,0.0,98.7363967895508,5.03
Luxembourg,2013,3.17178989968683,93.7765,543360.0,0.1,97.7293472290039,6.045
Luxembourg,2014,2.62308679154881,94.6702,556319.0,0.2,97.3061294555664,6.044
Luxembourg,2015,2.26978423302835,96.3767,569604.0,0.3,97.4022521972656,6.796
Luxembourg,2016,4.97819011520116,98.1367,582014.0,0.1,97.4095687866211,6.669
Luxembourg,2017,1.31718713754285,97.363,596336.0,0.3,96.7351989746094,5.523
Luxembourg,2018,1.61129561338169,97.0613,607950.0,0.3,97.3428497314453,5.589
Luxembourg,2019,2.74931929072659,97.1206,620001.0,0.1,98.3345489501953,5.592
Luxembourg,2020,-0.510051634039826,98.4596,630419.0,0.0,98.6442489624023,6.766
Luxembourg,2021,6.9297342584233,98.6609,640064.0,0.1,98.4758377075195,5.571
Luxembourg,2022,-1.09505351160836,98.242,653103.0,0.1,99.484260559082,4.588
Luxembourg,2023,-0.693632727692318,99.3479,666430.0,0.1,99.0644607543945,5.184
Luxembourg,2024,1.03161671348924,98.7606,677717.0,,,5.935
"Macao SAR, China",2000,5.74659100533582,13.6086,430600.0,,,6.874
"Macao SAR, China",2001,2.88815025429498,22.5212,433900.0,,103.473831176758,6.393
"Macao SAR, China",2002,8.91087567432918,25.1719,438400.0,,106.838760375977,6.267
"Macao SAR, China",2003,11.6405066186351,25.7421,443600.0,,105.168479919434,5.995
"Macao SAR, China",2004,26.6309845448609,31.4841,454700.0,,105.103332519531,4.904
"Macao SAR, China",2005,8.07523130593053,34.8629,473500.0,,102.854553222656,4.158
"Macao SAR, China",2006,13.3905932766348,46.4,498900.0,,100.32633972168,3.822
"Macao SAR, China",2007,14.4764961672704,47.327,520900.0,,101.569869995117,3.269
"Macao SAR, China",2008,3.39129651319938,49.24,540700.0,,102.432548522949,2.999
"Macao SAR, China",2009,1.27437823518135,54.0,535000.0,,101.260093688965,3.58
"Macao SAR, China",2010,25.1227881779164,55.198,537000.0,,101.166413677399,2.84
"Macao SAR, China",2011,21.6164694814501,60.2037,549600.0,,102.676451543276,2.56
"Macao SAR, China",2012,9.242144595536,61.31,567900.0,,99.3245614035088,1.97
"Macao SAR, China",2013,10.7528929949045,65.8,591900.0,,99.6905829596413,1.82
"Macao SAR, China",2014,-2.04837814141044,69.7809,621700.0,,100.713656387665,1.67
"Macao SAR, China",2015,-21.5142932394829,77.6001,642900.0,,99.8024691358025,1.81
"Macao SAR, China",2016,-0.679183617886864,81.643,652500.0,,101.287356321839,1.939
"Macao SAR, China",2017,9.86005151357863,83.1741,648400.0,,105.325925925926,1.987
"Macao SAR, China",2018,6.40527915704645,83.7941,658900.0,,101.238255033557,1.834
"Macao SAR, China",2019,-2.5634151500998,86.4679,672000.0,,96.2426035502959,1.749
"Macao SAR, China",2020,-54.3361062745857,87.4623,685400.0,,92.7896174863388,2.566
"Macao SAR, China",2021,23.5358913163209,88.4681,682500.0,,89.070351758794,2.229
"Macao SAR, China",2022,-19.6093449325728,87.9696,677300.0,,84.9676674364896,2.482
"Macao SAR, China",2023,75.0618571360857,89.1806,678800.0,,86.4246575342466,2.235
"Macao SAR, China",2024,8.80815968461638,,687000.0,,89.8103044496487,2.437
Madagascar,2000,4.45685893956946,0.196395,16516338.0,,95.8474273681641,5.8
Madagascar,2001,5.98023576982733,0.222512,17032939.0,57.5,96.3494110107422,5.35
Madagascar,2002,-12.4079711055149,0.33972,17549913.0,,96.6876831054688,5.502
Madagascar,2003,9.78489212474175,0.423252,18071854.0,,110.26619720459,5.01
Madagascar,2004,5.25700362208742,0.525354,18606608.0,,124.89672088623,3.946
Madagascar,2005,4.75584509499119,0.567722,19159707.0,55.3,128.547912597656,2.62
Madagascar,2006,5.3985084485368,0.607552,19730909.0,,127.919273376465,2.946
Madagascar,2007,5.71056419885052,0.65,20318583.0,,129.294372558594,3.205
Madagascar,2008,6.71263253913001,1.65,20923840.0,,132.619201660156,3.438
Madagascar,2009,-3.9787086116544,1.63,21547280.0,,140.266357421875,3.887
Madagascar,2010,0.619239744622121,1.7,22183340.0,65.3,135.673193203157,4.28
Madagascar,2011,1.57842705366555,1.9,22822300.0,,135.663024043331,2.512
Madagascar,2012,3.01114811621208,2.3,23462438.0,67.3,136.435592632075,0.599
Madagascar,2013,2.30037622800727,3.0,24109290.0,,136.436484265628,0.996
Madagascar,2014,3.33920311195367,3.7,24764348.0,,137.445786724101,1.386
Madagascar,2015,3.13229807490305,4.17397,25426702.0,,138.833200771878,1.785
Madagascar,2016,3.99314606199499,4.71366,26099952.0,,134.676592456536,1.947
Madagascar,2017,3.93330759462793,6.4,26788375.0,,139.186670285989,2.119
Madagascar,2018,3.19435651744398,7.7478,27494926.0,,132.689298160896,2.297
Madagascar,2019,4.41123212909589,9.37944,28219554.0,,124.946579330031,2.469
Madagascar,2020,-7.13767162064489,11.3547,28953556.0,,126.585803806645,3.284
Madagascar,2021,4.65068343193992,13.7459,29691083.0,69.2,140.2656625108,3.487
Madagascar,2022,4.15609778380812,18.5532,30437261.0,,132.887817840118,3.186
Madagascar,2023,4.20304615803977,20.3671,31195932.0,,130.599039642521,3.069
Madagascar,2024,4.19999999998224,,31964956.0,,132.73958355273,3.012
Malawi,2000,1.57607762616895,0.126781,11315942.0,,139.182037353516,5.048
Malawi,2001,-4.97496361892476,0.164021,11593058.0,,143.611740112305,5.209
Malawi,2002,1.70000003078317,0.215095,11880440.0,,140.272842407227,5.233
Malawi,2003,5.70563940467414,0.278815,12181574.0,,,5.157
Malawi,2004,5.42049754993828,0.347505,12500737.0,74.4,133.789779663086,4.971
Malawi,2005,3.26872602317066,0.384489,12840031.0,,131.803100585938,4.944
Malawi,2006,4.69999976404691,0.425137,13198701.0,,131.494323730469,4.96
Malawi,2007,9.59999987683469,0.965865,13576343.0,,128.682327270508,4.888
Malawi,2008,7.63973639944591,0.7,13976417.0,,136.033767700195,4.814
Malawi,2009,8.3281098524038,1.07,14395788.0,,133.763076782227,4.754
Malawi,2010,6.87406585416142,2.26,14826463.0,72.9,135.953379497131,4.798
Malawi,2011,4.93266999813729,3.33,15265022.0,,136.570114875395,4.842
Malawi,2012,1.90000000072909,4.3506,15709577.0,,136.603950137451,4.952
Malawi,2013,5.41034999817167,5.05,16161816.0,,140.88915082399,4.978
Malawi,2014,5.62527000105139,5.83,16621538.0,,140.734554498983,4.967
Malawi,2015,2.80000000003355,6.0,17085587.0,,139.547593190997,4.954
Malawi,2016,2.49999999914311,6.3,17557739.0,71.7,137.823026920131,5.007
Malawi,2017,4.00000000089172,7.0,18039715.0,,139.233233518644,5.039
Malawi,2018,4.35356471619211,8.79829,18528081.0,,136.723876953125,5.014
Malawi,2019,5.71682519194337,11.0586,19025752.0,75.4,139.274520404398,4.966
Malawi,2020,0.793596429787286,13.8995,19533888.0,,136.43618677975,5.728
Malawi,2021,4.55829212016083,17.4703,20047258.0,,127.042360318779,5.662
Malawi,2022,0.921115069005936,17.0457,20568728.0,,126.587758962955,5.037
Malawi,2023,1.89245798756383,17.9881,21104482.0,,135.974440781822,5.033
Malawi,2024,1.82685000010194,,21655286.0,,139.016258677384,5.045
Malaysia,2000,8.85886816969386,21.3847,22967816.0,,97.4562911987305,3.0
Malaysia,2001,0.517675319192861,26.696,23526538.0,,95.4063110351562,3.53
Malaysia,2002,5.39098830692797,32.3382,24102477.0,,92.926628112793,3.48
Malaysia,2003,5.7884992858875,34.9712,24679602.0,3.2,93.3964691162109,3.61
Malaysia,2004,6.78343772370305,42.2523,25256772.0,,96.0182037353516,3.54
Malaysia,2005,5.33213916141486,48.6292,25836071.0,,97.1333618164062,3.53
Malaysia,2006,5.5848470671515,51.638,26417909.0,1.7,97.8367385864258,3.32
Malaysia,2007,6.29878592740947,55.7,26998389.0,,98.3626403808594,3.23
Malaysia,2008,4.83176988913097,55.8,27570059.0,1.5,98.6990509033203,3.32
Malaysia,2009,-1.51352871598714,55.9,28124778.0,,98.7940902709961,3.66
Malaysia,2010,7.42484738326097,56.3,28655776.0,,98.8697814941406,3.39
Malaysia,2011,5.29391283414003,61.0,29162039.0,0.4,98.855643801119,3.05
Malaysia,2012,5.47345419253853,65.8,29662831.0,,98.7042528833624,3.1
Malaysia,2013,4.69372252557893,57.0575,30174265.0,0.1,98.9066848845224,3.16
Malaysia,2014,6.00672194558203,63.6654,30696137.0,,97.15563448844,2.88
Malaysia,2015,5.09153242155011,71.0641,31232798.0,0.1,95.6311535513474,3.1
Malaysia,2016,4.44978139761541,78.7883,31789685.0,,96.2219697129545,3.44
Malaysia,2017,5.81272240983328,80.1405,32355644.0,,96.2574604579347,3.41
Malaysia,2018,4.84308697634881,81.201,32910967.0,0.0,95.7761544783431,3.3
Malaysia,2019,4.41318742129586,84.1871,33440596.0,,94.3275054202176,3.26
Malaysia,2020,-5.45684658426701,89.555,33889558.0,,93.1800129351047,4.54
Malaysia,2021,3.31534954399166,96.7514,34282399.0,0.0,92.5769881927004,4.64
Malaysia,2022,8.86182187578046,97.3986,34695493.0,,89.7872630978958,3.93
Malaysia,2023,3.55548715410509,97.6927,35126298.0,,91.5021106685076,3.869
Malaysia,2024,5.11415547829091,98.0206,35557673.0,,90.3595586965317,3.826
Maldives,2000,3.84581023205111,2.20387,282019.0,,126.989768981934,1.97
Maldives,2001,-3.94363428947094,3.61729,286767.0,,124.485786437988,3.083
Maldives,2002,7.26838641001535,5.34777,291616.0,18.8,121.841133117676,4.148
Maldives,2003,13.7500496588258,5.97659,296491.0,,121.19751739502,5.134
Maldives,2004,5.92489258318732,6.58825,301413.0,,119.83869934082,6.1
Maldives,2005,-11.1773097720384,6.86961,306429.0,,113.929962158203,7.328
Maldives,2006,23.6302720981243,11.0364,313851.0,,112.385597229004,8.392
Maldives,2007,7.13338023371357,16.3,324479.0,,107.563919067383,9.447
Maldives,2008,8.97645460526985,23.2,336170.0,,105.335929870605,10.242
Maldives,2009,-8.3406987604298,24.8,348275.0,13.1,104.559181213379,11.697
Maldives,2010,6.78546790940871,26.53,360792.0,,102.100165482332,10.881
Maldives,2011,8.84342594522782,34.0,373674.0,,100.38204155014,10.06
Maldives,2012,2.38928812559254,38.9301,386818.0,,97.4747092509902,9.14
Maldives,2013,6.97496226830464,44.1,400070.0,,95.7687484324053,8.3
Maldives,2014,7.86068637180522,49.28,413617.0,,96.8073394495413,7.477
Maldives,2015,3.8681353357138,54.462,428154.0,,99.0061090225564,6.604
Maldives,2016,6.37528303066401,59.5,443308.0,0.1,98.2565323867083,5.771
Maldives,2017,7.07442871706306,65.0,458287.0,,97.1472662194312,5.401
Maldives,2018,8.56895559709454,70.9,473099.0,,96.6406154097958,4.95
Maldives,2019,6.92305980832566,77.4697,487731.0,0.0,96.8629835988386,4.562
Maldives,2020,-32.9088287284425,79.0978,502118.0,,97.1784452967759,5.434
Maldives,2021,37.5078700047075,81.9576,516154.0,,,5.024
Maldives,2022,13.8260895306814,83.9119,524106.0,,96.0147426502285,4.419
Maldives,2023,4.72639195043021,84.6851,525994.0,,100.477973568282,4.241
Maldives,2024,5.13396223082093,,527799.0,,99.7145381635289,4.636
Mali,2000,-0.0608349718130512,0.142546,11559290.0,,52.9354515075684,1.414
Mali,2001,15.3762394579174,0.185897,11912158.0,68.6,57.4527702331543,1.338
Mali,2002,3.10630825205685,0.227046,12288050.0,,61.1667289733887,1.364
Mali,2003,9.11904199532418,0.310364,12684955.0,,63.1191711425781,1.281
Mali,2004,1.55999866053497,0.43282,13102409.0,,66.4467468261719,1.412
Mali,2005,7.50468463500187,0.507063,13538647.0,,69.7963180541992,1.379
Mali,2006,6.65426112172752,0.729627,13990139.0,64.0,72.4690475463867,1.425
Mali,2007,3.87502816312752,0.81,14457775.0,,74.726676940918,1.405
Mali,2008,6.53735395175701,1.57,14940782.0,,76.5747985839844,1.424
Mali,2009,4.63350984780976,1.8,15435539.0,63.3,77.8208770751953,1.423
Mali,2010,6.92172188561173,2.0,15945198.0,,78.2843194478002,1.405
Mali,2011,4.01913525456487,2.2,16469049.0,,78.6656430079497,1.422
Mali,2012,-0.570588588901344,2.8,16957033.0,,75.3898048541622,1.482
Mali,2013,2.38212595410261,3.5,17459615.0,,70.8734283447266,1.516
Mali,2014,7.60253468971403,7.0,18020267.0,,71.8215759998762,1.474
Mali,2015,5.97471610121079,10.33,18593022.0,,70.5209747052129,1.401
Mali,2016,6.00506308559498,14.0,19191289.0,,71.8693090094813,1.367
Mali,2017,5.37554769647939,18.9,19813011.0,,74.6733759399248,1.494
Mali,2018,4.86784999935264,21.4,20442030.0,29.4,70.3689604909815,1.62
Mali,2019,4.99999911699705,24.9603,21068405.0,,,3.29
Mali,2020,-1.16907500952713,29.113,21713836.0,,,3.528
Mali,2021,3.1009412441845,33.9565,22388630.0,36.1,,3.966
Mali,2022,3.5082827896139,34.3797,23072640.0,,,2.387
Mali,2023,4.71716103989503,35.0921,23769127.0,,72.7972336510107,2.956
Mali,2024,5.00454593743036,,24478595.0,,,3.06
Malta,2000,19.6812692571544,13.1137,390087.0,,106.36759185791,6.324
Malta,2001,-0.75667262732631,17.8778,393028.0,,105.503288269043,7.107
Malta,2002,2.74112013880779,28.92,395969.0,,105.043991088867,6.902
Malta,2003,3.6942613101231,31.64,398582.0,,104.113998413086,7.488
Malta,2004,0.407159747560954,34.62,401268.0,,105.063079833984,7.317
Malta,2005,2.88067127282936,41.24,403834.0,,102.89608001709,6.923
Malta,2006,2.33612273361229,40.41,405308.0,0.5,102.830116271973,6.798
Malta,2007,5.03666395081845,46.9,406724.0,0.5,103.004371643066,6.472
Malta,2008,4.41012622523094,50.08,409379.0,0.2,103.135833740234,5.977
Malta,2009,-1.395342554571,58.86,412477.0,0.5,98.1346664428711,6.889
Malta,2010,6.1973451691119,63.0,414508.0,0.3,102.578308105469,6.847
Malta,2011,0.991963675296375,68.0198,416268.0,0.2,100.981498718262,6.378
Malta,2012,4.10259030296838,68.1999,420028.0,0.2,100.937980651855,6.197
Malta,2013,6.29171574401258,68.9138,424810.0,0.0,101.232513427734,6.106
Malta,2014,7.63112937482686,73.1141,433481.0,0.0,100.673332214355,5.725
Malta,2015,9.62109756228348,75.96,444220.0,0.1,100.305511474609,5.389
Malta,2016,4.07771929481284,78.0751,454505.0,0.1,99.9404602050781,4.687
Malta,2017,12.972119343498,81.0119,467106.0,0.2,99.609992980957,4.002
Malta,2018,7.18909653691901,81.658,483903.0,0.2,99.5983276367188,3.658
Malta,2019,4.08470602847339,85.7786,503912.0,0.3,98.1748886108398,3.616
Malta,2020,-3.35834253154739,86.8588,515490.0,0.4,96.802490234375,4.347
Malta,2021,13.2997893209653,87.4698,518150.0,0.1,95.4136581420898,3.394
Malta,2022,4.26931853012293,91.5406,531113.0,0.1,93.5346603393555,2.921
Malta,2023,6.79631311118804,92.0727,552747.0,,97.7078399658203,3.11
Malta,2024,5.96928196125685,,574346.0,,,2.703
Marshall Islands,2000,2.45443006851272,1.53427,50706.0,,,
Marshall Islands,2001,6.93004446202892,1.70661,51123.0,,,
Marshall Islands,2002,3.63579015049041,2.33544,51425.0,,117.119171142578,
Marshall Islands,2003,-1.56167510462087,2.56975,51639.0,,102.813087463379,
Marshall Islands,2004,-0.408355471416314,3.59978,51791.0,,110.887100219727,
Marshall Islands,2005,1.79104477611941,3.8787,51906.0,,105.958961486816,
Marshall Islands,2006,0.175953079178882,3.79559,51992.0,,105.283256530762,
Marshall Islands,2007,3.68852459016394,3.95,52035.0,,101.758949279785,
Marshall Islands,2008,-7.56634669678148,4.6,52030.0,,102.192817687988,
Marshall Islands,2009,3.66524129505193,5.6,52019.0,,102.752967834473,
Marshall Islands,2010,5.53918680023571,7.0,52044.0,,,
Marshall Islands,2011,-0.502512562814076,10.0,51907.0,,105.389074289953,
Marshall Islands,2012,-1.29068462401796,12.5,51419.0,,,
Marshall Islands,2013,3.80898237635019,14.0,50681.0,,,
Marshall Islands,2014,-1.25958378970427,16.8,49796.0,,,
Marshall Islands,2015,1.88574597892401,19.2824,48800.0,,106.642495754433,
Marshall Islands,2016,2.5040827436037,29.7878,47709.0,,104.845524148404,
Marshall Islands,2017,3.55815188528943,38.7012,46529.0,,,
Marshall Islands,2018,5.48717948717949,43.8825,45285.0,,,
Marshall Islands,2019,10.4521147301896,49.7575,44007.0,2.1,109.175972668005,
Marshall Islands,2020,-2.77288732394366,56.4191,42706.0,,108.448888114364,
Marshall Islands,2021,1.22227252150293,63.9726,41367.0,,111.781011494743,
Marshall Islands,2022,-1.11806797853311,64.8023,40077.0,,108.975506359207,
Marshall Islands,2023,-3.93487109905021,65.7177,38827.0,,107.109965783596,
Marshall Islands,2024,2.77096802231969,,37548.0,,101.801288405129,
Mauritania,2000,-3.91802585208993,0.192031,2613441.0,30.7,81.9958877563477,10.033
Mauritania,2001,-0.799493830035985,0.261449,2678760.0,,80.3173294067383,10.125
Mauritania,2002,1.38148396045266,0.363229,2738655.0,,81.0384368896484,10.185
Mauritania,2003,6.92826957568474,0.424005,2802046.0,,82.6807022094727,9.921
Mauritania,2004,4.73275787510946,0.48147,2868664.0,28.5,88.9611282348633,9.791
Mauritania,2005,8.56628732009419,0.669966,2939059.0,,89.0759201049805,9.626
Mauritania,2006,18.3331986932345,0.979661,3013660.0,,92.2504577636719,9.37
Mauritania,2007,-1.96942274988409,1.43361,3093059.0,,94.5087280273438,9.524
Mauritania,2008,-0.331079223430805,1.87,3183269.0,19.2,91.1832809448242,9.735
Mauritania,2009,0.0978759143320076,2.28,3284448.0,,97.033561706543,10.186
Mauritania,2010,2.62022948104543,4.0,3390965.0,,97.8571652188966,10.075
Mauritania,2011,4.17278327815399,4.5,3502811.0,,95.4359624506773,9.968
Mauritania,2012,4.47001319170479,5.0,3619034.0,,94.9017954032329,9.864
Mauritania,2013,4.1508131898954,6.2,3734318.0,,93.6377057031555,9.929
Mauritania,2014,4.27482328814457,11.8,3848514.0,11.7,93.9026961891851,10.028
Mauritania,2015,5.37633924099251,17.6,3965959.0,,96.699365333097,10.108
Mauritania,2016,1.26090923067225,19.2328,4086657.0,,88.6641926490124,10.283
Mauritania,2017,6.27054566937677,21.0172,4210600.0,,87.8173094861384,10.336
Mauritania,2018,4.77217365692621,22.967,4337685.0,,90.2193039220816,10.407
Mauritania,2019,3.14100489306969,25.0978,4467708.0,10.2,90.2671941351334,10.416
Mauritania,2020,-0.360657384151068,27.4262,4600131.0,,93.8044664780786,11.054
Mauritania,2021,0.742715395138262,29.9707,4734874.0,,,11.144
Mauritania,2022,6.79600510182286,34.3001,4875637.0,,,10.531
Mauritania,2023,6.50718719858594,37.3809,5022441.0,,104.015072968957,10.446
Mauritania,2024,5.2,,5169395.0,,105.434763333022,10.373
Mauritius,2000,8.20279174865273,7.28154,1186873.0,,,9.138
Mauritius,2001,3.34754072731407,8.7809,1196287.0,,102.975166320801,9.14
Mauritius,2002,1.61491865862433,10.2526,1204621.0,,102.728149414062,8.205
Mauritius,2003,5.92544548947731,12.1871,1213370.0,,102.185363769531,8.311
Mauritius,2004,4.33001985464357,13.6891,1221003.0,,101.855949401855,8.337
Mauritius,2005,1.77754302034454,15.1722,1228254.0,,102.094566345215,9.524
Mauritius,2006,4.8655446077553,16.7,1233996.0,1.1,101.59693145752,9.04
Mauritius,2007,5.72701615981669,20.22,1239630.0,,100.83757019043,8.475
Mauritius,2008,5.38696254207251,21.81,1244121.0,,101.194557189941,7.17
Mauritius,2009,3.31507699790781,22.51,1247429.0,,100.478866577148,7.257
Mauritius,2010,4.37720322344293,28.33,1250400.0,,100.593631948192,7.654
Mauritius,2011,4.07753806610333,34.95,1252404.0,,100.025853822488,7.447
Mauritius,2012,3.49611836470866,35.42,1255882.0,1.1,99.3669004354746,7.472
Mauritius,2013,3.36040609974133,40.1168,1258927.0,,97.8401164880995,7.322
Mauritius,2014,3.82696982009337,44.8033,1261208.0,,97.151872457029,7.467
Mauritius,2015,3.69055690369433,50.1393,1262879.0,,97.1186716587986,7.41
Mauritius,2016,3.8624682634,52.1913,1263747.0,,96.7216048032764,6.814
Mauritius,2017,3.93798380632353,55.4032,1264887.0,0.5,96.4786321239223,6.752
Mauritius,2018,4.00674057198549,58.5962,1265577.0,,96.4493985496331,6.426
Mauritius,2019,2.89128499346516,61.73,1265985.0,,95.423076066873,6.331
Mauritius,2020,-14.5465381490166,67.7329,1266014.0,,95.0063902545739,8.626
Mauritius,2021,3.40379866177662,71.6,1266334.0,,99.8860195903829,7.719
Mauritius,2022,8.69306675264066,75.5,1262523.0,,,6.322
Mauritius,2023,5.00781381755621,79.5,1261041.0,,110.911583276217,5.571
Mauritius,2024,4.69390318398504,,1259509.0,,107.347861424363,5.476
Mexico,2000,5.02928399378261,5.08138,98625552.0,16.3,109.118301391602,2.646
Mexico,2001,-0.450845253215945,7.03802,100099099.0,,109.028007507324,2.627
Mexico,2002,-0.236588001922641,11.9,101548624.0,12.8,109.220031738281,3.003
Mexico,2003,1.18554486709559,12.9,102978515.0,,109.264152526855,3.455
Mexico,2004,3.56544102622887,14.1,104394131.0,11.0,108.834548950195,3.937
Mexico,2005,2.11324711473297,17.21,105811504.0,11.7,108.534042358398,3.558
Mexico,2006,4.80501351664901,19.52,107253666.0,9.0,108.129272460938,3.566
Mexico,2007,2.0778639395329,20.81,108774360.0,,108.726860046387,3.628
Mexico,2008,0.943331872912935,21.71,110374288.0,10.1,109.446380615234,3.874
Mexico,2009,-6.29525056697287,26.34,111999721.0,,110.722198486328,5.356
Mexico,2010,4.97133457799899,31.05,113623895.0,8.4,110.995216369629,5.303
Mexico,2011,3.44404506308874,37.1763,115243504.0,,111.058860778809,5.175
Mexico,2012,3.55321075512755,39.75,116818208.0,7.3,111.073516845703,4.892
Mexico,2013,0.852101550164704,43.46,118343573.0,,110.109268188477,4.921
Mexico,2014,2.50376349862891,44.3857,119784261.0,7.2,108.573143005371,4.819
Mexico,2015,2.70232344844723,57.431,121072306.0,,106.963432312012,4.311
Mexico,2016,1.77249323400358,59.5404,122251351.0,4.4,106.391220092773,3.853
Mexico,2017,1.87172854186539,53.0318,123400057.0,,105.797607421875,3.419
Mexico,2018,1.97208207701884,56.6596,124573711.0,3.9,105.188163757324,3.275
Mexico,2019,-0.392690505099296,69.6321,125762982.0,,105.095039367676,3.477
Mexico,2020,-8.35403456576364,71.4902,126799054.0,4.3,104.517730712891,4.44
Mexico,2021,6.04848345704632,75.6265,127648148.0,,103.358810424805,4.019
Mexico,2022,3.71098893117183,78.6322,128613117.0,2.3,102.004783630371,3.256
Mexico,2023,3.2953909570288,81.1832,129739759.0,,101.420753479004,2.765
Mexico,2024,1.4540624784799,,130861007.0,,,2.711
"Micronesia, Fed. Sts.",2000,4.83390378617111,3.73486,112044.0,,,
"Micronesia, Fed. Sts.",2001,2.16760244050491,4.66053,112365.0,,,
"Micronesia, Fed. Sts.",2002,0.546997672499344,5.5701,112448.0,,,
"Micronesia, Fed. Sts.",2003,1.57211506743108,9.2325,112285.0,,,
"Micronesia, Fed. Sts.",2004,-3.08015304747474,11.0179,111925.0,,111.908386230469,
"Micronesia, Fed. Sts.",2005,2.04186716395544,11.8814,111412.0,15.8,110.222869873047,
"Micronesia, Fed. Sts.",2006,-0.0810552934164832,12.7503,110729.0,,,
"Micronesia, Fed. Sts.",2007,-1.83618529402398,13.6211,109880.0,,109.700736999512,
"Micronesia, Fed. Sts.",2008,-2.40849258666222,14.49,108936.0,,,
"Micronesia, Fed. Sts.",2009,1.09309924105246,15.35,107957.0,,,
"Micronesia, Fed. Sts.",2010,2.25938995585932,20.0,107540.0,,,
"Micronesia, Fed. Sts.",2011,3.18857475473928,22.8,107698.0,,,
"Micronesia, Fed. Sts.",2012,-1.86681975475544,25.9744,107890.0,,,
"Micronesia, Fed. Sts.",2013,-3.67976779073483,27.8,108121.0,26.1,95.0318576353091,
"Micronesia, Fed. Sts.",2014,-2.30577574529325,29.65,108396.0,,97.3142040069009,
"Micronesia, Fed. Sts.",2015,4.62188400404939,31.5011,108716.0,,93.5670535707402,
"Micronesia, Fed. Sts.",2016,0.484101802387045,33.3522,109075.0,,94.0772018432617,
"Micronesia, Fed. Sts.",2017,0.823045267489704,35.3041,109481.0,,94.2192600897319,
"Micronesia, Fed. Sts.",2018,0.0,36.6,109909.0,,96.2881950207594,
"Micronesia, Fed. Sts.",2019,4.08163265306123,38.0,110282.0,,94.3598499009745,
"Micronesia, Fed. Sts.",2020,-1.67295417145529,39.3833,110916.0,,87.4240454357085,
"Micronesia, Fed. Sts.",2021,3.09970457292135,,111624.0,,87.3990953957602,
"Micronesia, Fed. Sts.",2022,-2.90586580595669,,112114.0,,87.1063321877434,
"Micronesia, Fed. Sts.",2023,0.482147762457146,,112630.0,,82.1547657350301,
"Micronesia, Fed. Sts.",2024,0.719083511742554,,113160.0,,82.1598198983817,
Moldova,2000,2.10771608200733,1.28285,2924668.0,41.0,,8.539
Moldova,2001,6.10000039929173,1.48781,2918135.0,32.2,,7.366
Moldova,2002,7.79999965773833,3.78724,2911385.0,19.9,,6.845
Moldova,2003,6.59999995777716,7.40754,2903198.0,10.0,,6.378
Moldova,2004,7.39999973358189,10.6294,2896023.0,11.6,,6.374
Moldova,2005,7.5000001493726,14.6303,2888985.0,16.6,,5.633
Moldova,2006,4.79999983670831,19.6206,2880967.0,3.4,,4.2
Moldova,2007,3.00000022585525,20.45,2874299.0,1.6,,2.723
Moldova,2008,7.80000014541523,23.39,2868833.0,1.7,,2.073
Moldova,2009,-6.00000026352828,27.5,2865213.0,1.5,,2.987
Moldova,2010,7.10000010705836,29.68,2862354.0,0.8,93.5407792138963,2.937
Moldova,2011,5.81816614684824,32.07,2860699.0,0.5,93.6029804526123,2.648
Moldova,2012,-0.589733954762579,34.65,2860324.0,0.5,93.7979704671729,2.151
Moldova,2013,9.0438656074181,37.44,2859558.0,0.1,93.7649180861452,1.873
Moldova,2014,4.99962585407656,67.0,2857815.0,0.0,107.431409833521,1.425
Moldova,2015,-0.338235622387202,69.0,2835978.0,0.1,105.727652234967,1.742
Moldova,2016,4.64601436259409,71.0,2803186.0,0.2,104.469976581506,1.557
Moldova,2017,4.17561205106279,49.9,2755189.0,0.1,103.685761485913,1.586
Moldova,2018,4.07559546585034,50.3,2707203.0,0.0,103.337388931903,1.196
Moldova,2019,3.5523140853476,57.7605,2664224.0,0.0,105.074923420813,1.466
Moldova,2020,-8.27597831976949,58.2153,2635130.0,0.0,106.519975508955,1.186
Moldova,2021,13.9299997889786,74.495,2595809.0,0.2,106.778422255742,0.785
Moldova,2022,-4.60000000000001,76.7412,2528654.0,0.0,106.97324544397,0.897
Moldova,2023,1.2,80.2126,2457783.0,0.1,106.673559179739,1.555
Moldova,2024,0.103059412450989,,2389275.0,,107.605837807201,1.434
Monaco,2000,3.91022992758094,42.1849,32455.0,,132.716461181641,
Monaco,2001,2.18773369040099,46.6461,32447.0,,,
Monaco,2002,1.02649757327522,48.0471,32422.0,,,
Monaco,2003,1.08753654746801,49.4912,32374.0,,,
Monaco,2004,2.47048260499609,52.4902,32307.0,,,
Monaco,2005,1.89541410859198,55.4648,32210.0,,,
Monaco,2006,5.81764849670007,61.476,32057.0,,,
Monaco,2007,14.4375144375144,64.3777,31837.0,,,
Monaco,2008,0.746871215179652,67.25,31836.0,,124.211936950684,
Monaco,2009,-11.3369865758365,70.1,32364.0,,,
Monaco,2010,2.06521962654098,75.0,33163.0,,,
Monaco,2011,7.02235694617619,80.3,33946.0,,,
Monaco,2012,1.01221841230461,87.0,34711.0,,,
Monaco,2013,9.57709832354816,90.7,35447.0,,,
Monaco,2014,7.18702777537968,92.4,36128.0,,,
Monaco,2015,4.91037176536236,93.3633,36757.0,,,
Monaco,2016,3.00844358752744,95.2082,37276.0,,142.419937133789,
Monaco,2017,-3.20618323813213,97.053,37678.0,,,
Monaco,2018,5.69790121192926,,38154.0,,,
Monaco,2019,7.12088951975396,83.3397,38109.0,,,
Monaco,2020,-13.2391048292108,98.5709,38050.0,,,
Monaco,2021,22.2322155851208,99.0776,38527.0,,,
Monaco,2022,11.0469394271752,99.1497,38931.0,,,
Monaco,2023,5.04338259195359,99.1497,38956.0,,,
Monaco,2024,,,38631.0,,120.58309173584,
Mongolia,2000,1.14606213709108,1.25565,2388299.0,,99.7920989990234,5.993
Mongolia,2001,2.95271054338117,1.65324,2417751.0,,102.232551574707,6.111
Mongolia,2002,4.73297846590111,2.03957,2449027.0,18.7,102.581352233887,6.2
Mongolia,2003,7.00463457384886,,2480374.0,,105.648582458496,6.768
Mongolia,2004,10.6254059599309,,2508412.0,,108.216423034668,6.854
Mongolia,2005,7.25366543796015,,2536407.0,,96.1072006225586,7.017
Mongolia,2006,8.55623481664365,,2567168.0,,98.0709686279297,7.193
Mongolia,2007,10.2480163590057,9.0,2601850.0,4.0,96.4715576171875,7.2
Mongolia,2008,8.90036794067551,9.8,2643201.0,,98.8945388793945,5.565
Mongolia,2009,-1.26859893608282,10.0,2691115.0,,109.426750183105,5.86
Mongolia,2010,6.3651616786311,10.2,2738622.0,3.5,121.840103149414,6.549
Mongolia,2011,17.2907775869555,12.5,2786317.0,2.2,120.545547485352,4.769
Mongolia,2012,12.3198198494032,16.4,2839705.0,1.1,115.839420097405,3.905
Mongolia,2013,11.6489161878925,17.7,2899011.0,,107.682179792169,4.231
Mongolia,2014,7.88522548204762,19.9424,2963113.0,0.8,99.8473218349628,4.798
Mongolia,2015,2.37983580731722,22.5,3026864.0,,97.8139824176106,4.861
Mongolia,2016,1.48978448679577,22.2658,3088856.0,1.9,97.2863818674059,7.235
Mongolia,2017,5.63687638694772,23.7143,3148917.0,,94.4515595966861,6.359
Mongolia,2018,7.74488062024881,47.13,3208189.0,1.7,95.085682296023,5.377
Mongolia,2019,5.60224422064255,51.08,3267673.0,,94.1334790567196,9.269
Mongolia,2020,-4.55775197583431,62.5,3327204.0,,92.3464601580662,6.594
Mongolia,2021,1.63676957736662,81.6068,3383741.0,,92.024228960725,7.747
Mongolia,2022,5.0327096366527,82.1725,3433748.0,0.4,93.3473848373298,6.211
Mongolia,2023,7.4221127615025,83.0162,3481145.0,,93.0654411114222,5.503
Mongolia,2024,4.86400143355705,,3524788.0,,92.3400789423552,5.424
Montenegro,2000,3.10000005928039,,604950.0,,,30.609
Montenegro,2001,1.09983870937067,,607389.0,,,30.741
Montenegro,2002,1.9039367333292,,609828.0,,,30.423
Montenegro,2003,2.48265922878484,,612267.0,,105.827690124512,30.458
Montenegro,2004,4.42605071745102,25.3501,613353.0,,104.632583618164,30.37
Montenegro,2005,4.18060450885476,27.1,614261.0,0.4,108.755180358887,30.31
Montenegro,2006,8.56641802964207,28.9,615025.0,0.4,112.498550415039,24.79
Montenegro,2007,6.81015012526991,30.8,615875.0,0.4,116.795532226562,19.4
Montenegro,2008,7.22275259212526,32.9,616969.0,0.3,120.292976379395,17.15
Montenegro,2009,-5.79509699477244,35.1,618294.0,0.0,113.767211914062,19.09
Montenegro,2010,2.73433108233829,37.5,619428.0,0.0,108.25479888916,19.649
Montenegro,2011,3.22845102061061,35.6115,620345.0,0.4,98.0292282104492,19.759
Montenegro,2012,-2.72379077130623,56.8388,621418.0,5.6,99.0702972412109,19.808
Montenegro,2013,3.54897991245058,60.31,622587.0,5.2,,19.585
Montenegro,2014,1.78369858106701,63.8869,623744.0,3.9,,18.054
Montenegro,2015,3.39038139712073,68.1198,624651.0,3.6,101.203620910645,17.555
Montenegro,2016,2.94928032097511,69.8816,625353.0,3.3,100.174591064453,17.732
Montenegro,2017,4.71646527572034,71.2723,625982.0,4.6,100.943252563477,16.082
Montenegro,2018,5.0778888113381,71.5171,626438.0,3.9,103.264472961426,15.19
Montenegro,2019,4.06294499167197,73.4767,626753.0,2.5,103.651741027832,15.128
Montenegro,2020,-15.3068937570407,77.6088,626590.0,2.2,103.846572875977,17.878
Montenegro,2021,13.0434642521552,82.2197,625053.0,2.5,104.399673461914,16.543
Montenegro,2022,6.40668032879275,88.2219,623591.0,,105.621368408203,14.851
Montenegro,2023,6.33769754243548,89.8052,623529.0,,106.109619140625,14.621
Montenegro,2024,3.04031579750065,88.8826,623831.0,,,14.1
Morocco,2000,2.58218091499747,0.693791,28423435.0,16.8,93.7790679931641,13.58
Morocco,2001,7.72182519577728,1.37144,28814643.0,,98.2673492431641,12.46
Morocco,2002,3.73019737485745,2.37325,29198142.0,,103.363227844238,11.59
Morocco,2003,6.17110214953244,3.35337,29571415.0,,105.974342346191,11.92
Morocco,2004,4.57138016516208,11.6079,29953018.0,,106.015579223633,10.83
Morocco,2005,3.19224973015831,15.0844,30358144.0,,105.914749145508,11.01
Morocco,2006,7.7908200104027,19.7712,30771178.0,9.4,104.963706970215,9.67
Morocco,2007,3.44106776690418,21.5,31186468.0,,105.59765625,9.56
Morocco,2008,5.68453936284732,33.1,31606767.0,,104.362167358398,9.57
Morocco,2009,3.74576940136258,41.3,32030778.0,,104.07991027832,8.96
Morocco,2010,3.49955709403216,52.0,32467016.0,,107.166739963715,9.09
Morocco,2011,5.52464523319847,46.1075,32912588.0,,108.872184910968,8.91
Morocco,2012,3.06234368502997,55.4161,33355241.0,,108.773776884177,8.99
Morocco,2013,4.12221286860944,56.0,33787571.0,3.7,108.130874044354,9.23
Morocco,2014,2.7192440802029,56.7746,34204780.0,,107.319519161584,9.7
Morocco,2015,4.34458297635238,57.08,34607588.0,,106.046255203021,9.46
Morocco,2016,0.52118550608968,58.2712,35023457.0,,105.897808666144,9.3
Morocco,2017,5.05789816173446,61.7622,35446392.0,,106.856009139924,9.223
Morocco,2018,3.06564133025955,64.8039,35839760.0,,108.263128143079,9.271
Morocco,2019,2.89097476137077,84.1204,36210898.0,,110.072941907486,9.194
Morocco,2020,-7.17820744246774,84.1204,36584208.0,,112.354037460932,11.223
Morocco,2021,8.15473889823681,88.1303,36954442.0,,112.940882286764,10.576
Morocco,2022,1.52720357976111,89.9,37329064.0,,116.554648725847,9.494
Morocco,2023,3.40334130078834,91.0,37712505.0,,117.598816130003,9.044
Morocco,2024,3.23651373521014,,38081173.0,,116.588650279809,8.943
Mozambique,2000,0.766234955773442,0.109593,18129653.0,,73.2299194335938,2.833
Mozambique,2001,12.8516820207736,0.160032,18537729.0,,79.6124725341797,2.839
Mozambique,2002,9.66850534669427,0.259613,18958338.0,87.6,83.0477981567383,2.903
Mozambique,2003,7.21770086569656,0.419539,19392475.0,,,2.859
Mozambique,2004,8.20470494788577,0.679448,19840313.0,,93.0763931274414,2.955
Mozambique,2005,6.31202378023193,0.854357,20304569.0,,100.058006286621,3.037
Mozambique,2006,9.91067756782915,0.842954,20787087.0,,102.737716674805,3.039
Mozambique,2007,7.64935393795867,0.91,21287635.0,,109.321502685547,3.084
Mozambique,2008,6.87802942560995,1.56,21819036.0,81.1,114.194580078125,3.114
Mozambique,2009,5.92897187460815,2.68,22391745.0,,115.103843688965,3.208
Mozambique,2010,6.67972935662864,4.17,22999235.0,,116.867207366317,3.261
Mozambique,2011,7.13405842300445,4.6,23649039.0,,113.599054478212,3.296
Mozambique,2012,7.9945031610722,5.0,24337846.0,,113.200785284243,3.305
Mozambique,2013,6.57141389665537,5.5,25051611.0,,114.118825775581,3.346
Mozambique,2014,7.70256844839309,6.0,25788475.0,74.4,114.277516463599,3.377
Mozambique,2015,7.3930936986377,6.5,26547572.0,,114.82837357539,3.426
Mozambique,2016,4.69699024225795,7.0,27337105.0,,113.687876415561,3.457
Mozambique,2017,2.63820737310658,7.79633,28166393.0,,111.566194762496,3.539
Mozambique,2018,3.48493202422782,10.9,29018644.0,,115.270990181058,3.604
Mozambique,2019,2.31781394821475,12.4793,29884380.0,81.6,117.86067127577,3.646
Mozambique,2020,-1.21952250011192,14.2874,30783688.0,,118.980061431837,3.921
Mozambique,2021,2.37743572761507,16.3576,31707800.0,,,4.053
Mozambique,2022,4.36445074432608,18.7913,32656246.0,81.4,119.162225223393,3.596
Mozambique,2023,5.4368591229252,19.8434,33635160.0,,,3.519
Mozambique,2024,1.85177502474457,,34631766.0,,,3.527
Myanmar,2000,13.7459305561226,,45290841.0,,101.413139343262,0.717
Myanmar,2001,11.3439970699605,0.000289277,45771139.0,,99.7626495361328,0.694
Myanmar,2002,12.0255134340315,0.000426494,46232653.0,,99.8293304443359,0.69
Myanmar,2003,13.8439968903798,0.0240641,46667192.0,,102.38102722168,0.691
Myanmar,2004,13.5646616163416,0.0243374,47068772.0,,103.697303771973,0.682
Myanmar,2005,13.5689500216456,0.0652389,47438365.0,,104.437133789062,0.676
Myanmar,2006,13.0761013792372,0.182048,47785135.0,,105.169502258301,0.68
Myanmar,2007,11.9914352402146,0.217128,48125043.0,,106.169532775879,0.687
Myanmar,2008,10.2553053929808,0.22,48390793.0,,108.062278747559,0.703
Myanmar,2009,10.5500090961932,0.22,48660459.0,,108.319793701172,0.715
Myanmar,2010,9.6344394520444,0.25,49024382.0,,109.490142822266,0.727
Myanmar,2011,5.59148237823661,0.98,49419820.0,,,0.75
Myanmar,2012,7.33267044704149,1.4,49837446.0,,,0.767
Myanmar,2013,8.42600102501767,1.8,50262658.0,,,0.775
Myanmar,2014,8.16990745558277,7.4,50681634.0,,115.448463439941,0.763
Myanmar,2015,6.99284029026121,10.9,51089056.0,18.2,,0.766
Myanmar,2016,5.86247291518572,16.0,51495696.0,,119.916152954102,1.058
Myanmar,2017,6.13610824360305,23.6211,51894938.0,10.3,121.799392700195,1.356
Myanmar,2018,6.26886221471075,29.379,52272247.0,,120.214569091797,0.767
Myanmar,2019,6.57911006765414,36.5405,52640713.0,,,0.407
Myanmar,2020,-9.04834717984643,45.4477,53016522.0,,,1.476
Myanmar,2021,-12.0163724829177,56.5261,53387102.0,,,4.34
Myanmar,2022,4.0374934360085,58.0112,53756787.0,,,3.057
Myanmar,2023,0.958446625126115,58.5357,54133798.0,,,3.032
Myanmar,2024,-0.97204641363362,,54500091.0,,,3.032
Namibia,2000,3.49218336365178,1.64474,1818647.0,,113.866256713867,20.3
Namibia,2001,1.17794869467917,2.41698,1857048.0,,112.325736999512,20.98
Namibia,2002,4.7886612188211,2.6337,1889970.0,,111.884033203125,21.5
Namibia,2003,4.23979429582137,3.35984,1917464.0,47.6,112.014106750488,22.052
Namibia,2004,12.2695481036769,3.80472,1942082.0,,110.676361083984,22.09
Namibia,2005,2.52926265819022,4.01005,1966582.0,,112.362739562988,22.107
Namibia,2006,7.07317531845825,4.39887,1991888.0,,113.178672790527,21.876
Namibia,2007,5.37404415167634,4.83561,2018600.0,,116.05362701416,22.119
Namibia,2008,2.64981203780268,5.329,2047056.0,,116.289268493652,22.017
Namibia,2009,0.295970914001089,6.5,2077394.0,38.6,116.96800994873,22.254
Namibia,2010,6.03924947955858,11.6,2109811.0,,118.109136341535,22.12
Namibia,2011,5.09133813864338,12.0,2146325.0,,119.055637083219,19.476
Namibia,2012,5.0616820696264,12.9414,2194654.0,,121.103692738221,16.771
Namibia,2013,5.61471962254485,13.9,2252508.0,,122.732813532372,19.028
Namibia,2014,6.09251915977956,14.84,2312139.0,,122.71193654589,18.521
Namibia,2015,4.26417453763675,25.6879,2374300.0,22.9,124.629282782131,20.808
Namibia,2016,0.0337944502063294,31.0333,2439213.0,,124.182705227995,23.352
Namibia,2017,-1.02724808856709,36.8374,2506853.0,,125.87493234498,21.733
Namibia,2018,1.05993949860752,42.8,2577327.0,,124.591680749168,19.877
Namibia,2019,-0.839152163419357,49.8,2650494.0,,124.155345932542,19.921
Namibia,2020,-8.10140201443319,57.8608,2728762.0,,122.345254349927,21.004
Namibia,2021,3.60382919248703,60.26,2810548.0,,121.824196673464,20.922
Namibia,2022,5.39872476224093,61.1485,2889662.0,,120.341925617623,19.695
Namibia,2023,4.44280603819576,64.4061,2963095.0,,119.460955801452,19.365
Namibia,2024,3.71154497416239,,3030131.0,,120.719328687086,19.148
Nauru,2000,-6.85619346501758,,10168.0,,98.5731964111328,
Nauru,2001,-6.76108886951006,2.98716,10130.0,,101.251556396484,
Nauru,2002,-9.97138355338154,,10082.0,,97.8138732910156,
Nauru,2003,0.284656862311166,,10059.0,,86.4779891967773,
Nauru,2004,-4.31482650492131,,10060.0,,98.900390625,
Nauru,2005,-0.355648874471498,,10049.0,,121.36637878418,
Nauru,2006,8.32876080572269,,10034.0,,96.9380722045898,
Nauru,2007,-22.1853049779967,,10020.0,,88.7212600708008,
Nauru,2008,20.3809075924478,,10009.0,,92.8888931274414,
Nauru,2009,-5.65193279967315,,10016.0,,,
Nauru,2010,-0.159976911238559,,10043.0,,,
Nauru,2011,14.3946334157295,54.0,10098.0,,,
Nauru,2012,25.2793205022189,,10267.0,9.7,98.7878799438477,
Nauru,2013,3.64774041663625,,10517.0,,,
Nauru,2014,16.4233356386109,,10742.0,,109.659492492676,
Nauru,2015,2.69801727367511,,10954.0,,99.080157695014,
Nauru,2016,4.36324053905588,,11150.0,,112.507781982422,
Nauru,2017,-6.01122998653516,62.3851,11324.0,,,
Nauru,2018,-1.21912201456978,,11477.0,,,
Nauru,2019,8.48673659193109,74.7379,11587.0,,104.79955291748,
Nauru,2020,1.98181949377276,81.6554,11643.0,,102.257713317871,
Nauru,2021,7.20659466591439,,11709.0,,,
Nauru,2022,2.9515183463878,,11801.0,,101.39037322998,
Nauru,2023,0.64641033466782,,11875.0,,109.898342073993,
Nauru,2024,1.76025162233491,,11947.0,,99.5668650325592,
Nepal,2000,6.19999998192236,0.204652,24546509.0,,114.346168518066,10.551
Nepal,2001,4.79989214255407,0.240015,24946748.0,,106.702140808105,10.504
Nepal,2002,0.120143177369414,0.312956,25328981.0,,110.702140808105,10.632
Nepal,2003,3.94503776051116,0.382811,25688758.0,55.7,109.978630065918,10.702
Nepal,2004,4.68260325152944,0.449844,26016656.0,,112.833976745605,10.71
Nepal,2005,3.47918104829496,0.826551,26309458.0,,113.656700134277,10.617
Nepal,2006,3.36461478056277,1.14139,26565425.0,,128.364685058594,10.639
Nepal,2007,3.41156027980276,1.41,26788492.0,,130.224639892578,10.683
Nepal,2008,6.10463914373472,1.73,26990037.0,,128.883773803711,10.613
Nepal,2009,4.5330787246486,1.97,27173035.0,,141.323684692383,10.587
Nepal,2010,4.81641464694573,7.93,27341952.0,21.5,147.086534908967,10.554
Nepal,2011,3.42180870116162,9.0,27464494.0,,151.550483561125,10.64
Nepal,2012,4.67014192446953,11.1493,27534915.0,,149.360557184797,10.643
Nepal,2013,3.52515317129149,13.3,27589996.0,,145.726105062929,10.687
Nepal,2014,6.01148284250441,15.44,27672370.0,,143.002222135589,10.617
Nepal,2015,3.97605327162971,17.5816,27823629.0,,143.572010949657,10.644
Nepal,2016,0.433113719381524,20.7,27955462.0,,139.177686890567,10.742
Nepal,2017,8.97727935643466,24.3,28011258.0,,135.346176281377,10.66
Nepal,2018,7.62237610397933,28.6,28079689.0,,,10.559
Nepal,2019,6.65705543110468,33.3366,28414064.0,,137.43376159668,10.389
Nepal,2020,-2.3696206292072,38.8576,28966574.0,,121.90357208252,12.975
Nepal,2021,4.838149614115,45.293,29475010.0,,119.976329501746,12.186
Nepal,2022,5.6313145568451,53.8878,29715436.0,2.4,121.234804321367,10.844
Nepal,2023,1.98254843628392,55.7716,29694614.0,,126.553677663081,10.628
Nepal,2024,3.66537430744968,,29651054.0,,124.621898762462,10.706
Netherlands,2000,4.2197537762102,43.9844,15925513.0,,107.383682250977,2.725
Netherlands,2001,2.32357570819386,49.3731,16046180.0,,106.740676879883,2.119
Netherlands,2002,0.245785659129112,61.29,16148929.0,,106.958320617676,2.554
Netherlands,2003,0.097832364227159,64.35,16225302.0,,108.030838012695,3.593
Netherlands,2004,2.01630996216733,68.52,16281779.0,0.3,108.201370239258,4.646
Netherlands,2005,2.03396336199143,81.0,16319868.0,0.1,107.940986633301,5.872
Netherlands,2006,3.53737509680782,83.7,16346101.0,0.0,107.839912414551,5.007
Netherlands,2007,3.88530644801823,85.82,16381696.0,0.0,107.652893066406,4.153
Netherlands,2008,2.11681593642137,87.42,16445593.0,0.2,107.348289489746,3.658
Netherlands,2009,-3.66529049145096,89.63,16530388.0,0.2,107.019401550293,4.352
Netherlands,2010,1.31932032302214,90.72,16615394.0,0.0,106.750358581543,4.991
Netherlands,2011,1.77334516269423,91.42,16693074.0,0.1,107.072776794434,4.977
Netherlands,2012,-0.977876877747732,92.86,16754962.0,0.1,107.048240661621,5.821
Netherlands,2013,-0.0302325600539604,93.9564,16804432.0,0.1,,7.241
Netherlands,2014,1.61261001294011,91.6667,16865008.0,0.1,,7.419
Netherlands,2015,2.12060523860846,91.7241,16939923.0,0.1,106.059417724609,6.872
Netherlands,2016,2.42428572955482,90.411,17030314.0,0.1,105.680366516113,6.007
Netherlands,2017,2.78154619309936,93.1973,17131296.0,0.2,105.039421081543,4.837
Netherlands,2018,2.2587403735731,91.8919,17231624.0,0.1,104.561111450195,3.832
Netherlands,2019,2.30009157916757,93.2886,17344874.0,0.1,104.578910827637,3.379
Netherlands,2020,-3.86795333823223,91.3333,17441500.0,0.0,104.338813781738,3.82
Netherlands,2021,6.2768306708326,92.053,17533044.0,0.1,104.378402709961,4.209
Netherlands,2022,5.00723455159611,92.5197,17700982.0,,104.215446472168,3.526
Netherlands,2023,0.0745608349011775,97.0068,17877117.0,,104.15657043457,3.537
Netherlands,2024,0.979674921515965,,17994237.0,,,3.599
New Caledonia,2000,2.10010882688805,13.9395,223098.0,,,17.984
New Caledonia,2001,,18.2371,227707.0,,,17.441
New Caledonia,2002,,22.3898,232236.0,,,17.074
New Caledonia,2003,,26.4083,236678.0,,,16.716
New Caledonia,2004,,30.298,240852.0,,,16.31
New Caledonia,2005,,32.359,244381.0,,,15.769
New Caledonia,2006,,33.5157,247547.0,,,15.236
New Caledonia,2007,,35.05,250725.0,,,14.757
New Caledonia,2008,,34.51,253825.0,,,14.367
New Caledonia,2009,,33.99,257250.0,,,13.97
New Caledonia,2010,,42.0,261582.0,,,13.95
New Caledonia,2011,,50.0,266543.0,,,13.935
New Caledonia,2012,,58.0,271633.0,,,14.051
New Caledonia,2013,,66.0,276822.0,,,14.347
New Caledonia,2014,,70.0,281224.0,,,14.59
New Caledonia,2015,,74.0018,283168.0,,,13.637
New Caledonia,2016,,,283423.0,,,12.714
New Caledonia,2017,,82.0058,283546.0,,,11.676
New Caledonia,2018,3.99570728203879,,283541.0,,,11.702
New Caledonia,2019,-1.40000000198451,,283606.0,,,10.88
New Caledonia,2020,-2.40000000064407,,284176.0,,,13.558
New Caledonia,2021,-2.09999999762849,,285214.0,,,11.54
New Caledonia,2022,3.49999999631376,,287123.0,,,10.71
New Caledonia,2023,,,289870.0,,,10.939
New Caledonia,2024,,,292639.0,,,11.15
New Zealand,2000,2.87005108790095,47.3796,3857700.0,,98.7734222412109,6.13
New Zealand,2001,3.41099312247906,53.241,3880500.0,,99.1831665039062,5.433
New Zealand,2002,4.71347767117496,59.0808,3948500.0,,99.5061492919922,5.282
New Zealand,2003,4.72804204913962,60.9625,4027200.0,,99.9528884887695,4.745
New Zealand,2004,4.08796484025709,61.8476,4087500.0,,99.6674575805664,4.005
New Zealand,2005,3.35292760405062,62.7202,4133900.0,,99.8288269042969,3.807
New Zealand,2006,2.77978059105617,69.0,4184600.0,,99.5968475341797,3.857
New Zealand,2007,3.05641638984955,69.76,4223800.0,,99.4614868164062,3.661
New Zealand,2008,-1.01703846933975,72.03,4259800.0,,99.3267135620117,4.167
New Zealand,2009,-0.0374661120713,79.7,4302600.0,,99.0637130737305,6.121
New Zealand,2010,1.45863634911349,80.46,4350700.0,,99.0315399169922,6.557
New Zealand,2011,2.09349621669912,81.23,4384000.0,,99.0727310180664,6.491
New Zealand,2012,2.36630664656174,81.6445,4408100.0,,98.8831405639648,6.931
New Zealand,2013,2.58954199031598,82.78,4442100.0,,98.8762893676758,5.839
New Zealand,2014,3.82638491760299,84.0,4516500.0,,98.6514434814453,5.428
New Zealand,2015,3.69036908387233,85.2,4609400.0,,98.5381393432617,5.415
New Zealand,2016,3.77911068354334,86.5,4714100.0,,98.5837478637695,5.147
New Zealand,2017,3.37873219470765,87.7,4813600.0,,98.4804382324219,4.736
New Zealand,2018,3.47058203866328,89.0,4900600.0,,98.5529708862305,4.335
New Zealand,2019,2.31747144034802,89.8637,4979200.0,,98.2542037963867,4.109
New Zealand,2020,-0.307246896026541,95.2342,5090200.0,,97.5365295410156,4.595
New Zealand,2021,4.53540565716095,96.1151,5111300.0,,97.9169464111328,3.776
New Zealand,2022,3.49638686458842,96.1942,5117100.0,,96.5572509765625,3.297
New Zealand,2023,1.39425181563566,96.1638,5245000.0,,96.8670501708984,3.729
New Zealand,2024,-0.126462418567272,,5338500.0,,,4.869
Nicaragua,2000,4.10159025073438,0.980216,5022633.0,,103.338760375977,7.162
Nicaragua,2001,2.96084349057273,1.4488,5087825.0,26.3,107.027893066406,7.203
Nicaragua,2002,0.753938876079573,1.71473,5149909.0,,114.217742919922,7.513
Nicaragua,2003,2.52073289551447,1.88041,5210963.0,,115.29280090332,7.6
Nicaragua,2004,5.31217056950739,2.32066,5272912.0,,117.809127807617,6.41
Nicaragua,2005,4.28239833770654,2.56635,5342105.0,16.5,119.177742004395,5.37
Nicaragua,2006,4.15294559846254,2.80557,5418855.0,,123.00740814209,5.31
Nicaragua,2007,5.0763520180987,3.9,5497243.0,,121.699150085449,4.89
Nicaragua,2008,3.43571693608081,5.3,5576593.0,,121.101028442383,6.2
Nicaragua,2009,-3.2926651586197,7.3,5656601.0,13.9,,8.16
Nicaragua,2010,4.41009911716546,10.0,5737450.0,,119.666778564453,7.83
Nicaragua,2011,6.31668553491842,10.6,5819051.0,,,6.618
Nicaragua,2012,6.4961364710876,13.5,5901287.0,,,5.208
Nicaragua,2013,4.92709413447304,15.5,5983845.0,,,5.28
Nicaragua,2014,4.78546013589983,17.6,6066492.0,6.6,,4.52
Nicaragua,2015,4.79226768332697,19.7043,6149417.0,,,4.7
Nicaragua,2016,4.56314739524967,24.5718,6232666.0,,,3.9
Nicaragua,2017,4.63120757580209,30.4,6316231.0,,,3.3
Nicaragua,2018,-3.3633566598573,33.913,6400080.0,,,5.2
Nicaragua,2019,-2.89686986728901,37.8319,6483657.0,,,5.472
Nicaragua,2020,-2.23654176262323,42.2037,6565267.0,,,6.201
Nicaragua,2021,10.454389484408,47.0806,6644741.0,,,6.118
Nicaragua,2022,3.55029945613975,49.1307,6730654.0,,,4.961
Nicaragua,2023,4.42774384760374,58.2314,6823613.0,,109.536392211914,4.716
Nicaragua,2024,3.5878302292345,,6916140.0,,,4.574
Niger,2000,-1.20847774100575,0.0362613,11509630.0,,32.1440010070801,1.431
Niger,2001,7.26813490213235,0.105185,11920647.0,,35.0507202148438,1.47
Niger,2002,4.91847057594622,0.127152,12349144.0,,39.0056304931641,1.813
Niger,2003,2.1706103837418,0.155699,12796984.0,,42.1091117858887,2.156
Niger,2004,0.363801578722132,0.189934,13265836.0,,46.0418281555176,2.747
Niger,2005,7.33186884258517,0.221341,13756192.0,83.8,47.7686805725098,3.1
Niger,2006,5.93104997350342,0.294034,14268581.0,,48.2523002624512,2.536
Niger,2007,3.14272408386731,0.390391,14803610.0,82.9,50.5029983520508,2.032
Niger,2008,7.73141422777337,0.7,15361915.0,,54.2272987365723,1.592
Niger,2009,1.96260090694645,0.76,15943675.0,,57.9658889770508,1.209
Niger,2010,8.57816674262253,0.83,16548835.0,,61.5986113613618,0.722
Niger,2011,2.35775693603874,0.9,17176283.0,68.8,65.2535100604653,0.316
Niger,2012,10.5489445763446,1.05,17836769.0,,67.1548957778323,2.177
Niger,2013,5.31513063394726,1.15,18519898.0,,68.050738334559,1.397
Niger,2014,6.64213665495603,1.24868,19215909.0,60.3,68.6922497937291,0.524
Niger,2015,4.39264883207291,2.47622,19939498.0,,70.8931423850977,0.553
Niger,2016,5.74089315058157,4.32276,20685753.0,,72.8476843361488,0.548
Niger,2017,5.00536078615544,10.2243,21435446.0,,74.3787719289761,0.554
Niger,2018,7.21141802762897,,22188069.0,59.0,,0.535
Niger,2019,5.93985257123522,16.6119,22947757.0,,66.7727319163256,0.531
Niger,2020,3.55064109436891,17.0375,23717613.0,,,0.594
Niger,2021,1.38359636198477,17.474,24502140.0,60.5,65.864245185741,0.78
Niger,2022,11.9000000000277,23.2982,25311973.0,,66.2539719118599,0.418
Niger,2023,1.66763406484279,23.1879,26159867.0,,66.8804779933272,0.425
Niger,2024,8.42159789525454,,27032412.0,,64.6534815281519,0.355
Nigeria,2000,5.01593475931159,0.0640808,126382494.0,,95.5101623535156,3.963
Nigeria,2001,5.91768464920368,0.0899014,129862595.0,,92.52490234375,3.91
Nigeria,2002,15.3291557409559,0.320462,133471989.0,,93.6976165771484,3.681
Nigeria,2003,7.34719496799485,0.558576,137202644.0,51.1,94.8095932006836,3.648
Nigeria,2004,9.25055822917993,1.28614,141057045.0,,95.7809066772461,3.601
Nigeria,2005,6.43851652538319,3.54916,145017253.0,,96.3063507080078,3.734
Nigeria,2006,6.05942803202912,5.54504,149077334.0,,96.6624374389648,3.756
Nigeria,2007,6.59113036068734,6.77,153267261.0,,88.06884765625,3.799
Nigeria,2008,6.7644727778017,8.0,157595014.0,,79.2687530517578,3.795
Nigeria,2009,8.03692510099067,9.3,162049464.0,,80.3091735839844,3.766
Nigeria,2010,8.00565591628646,11.5,166642886.0,38.5,79.8300399780273,3.746
Nigeria,2011,5.30792420289512,13.8,171379598.0,,84.6805572509766,3.77
Nigeria,2012,4.23006117493168,16.1,176200625.0,37.4,85.9125900268555,3.76
Nigeria,2013,6.67133539306172,19.1,181049443.0,,87.8349702257826,3.711
Nigeria,2014,6.30971865525467,21.0,185896915.0,,84.1216580144923,3.902
Nigeria,2015,2.65269329543003,22.5,190671878.0,35.8,25.5657563073792,4.135
Nigeria,2016,-1.61686894906529,24.1,195443700.0,,78.8780517578125,4.499
Nigeria,2017,0.80588661910221,25.9,200254579.0,,,4.828
Nigeria,2018,1.92275734200651,27.7,204938755.0,34.2,81.6278513667331,5.067
Nigeria,2019,2.20842927714881,29.7,209485641.0,,,5.206
Nigeria,2020,-1.79425308274458,31.8888,213996181.0,,84.371583976485,5.742
Nigeria,2021,3.64718654072446,35.5098,218529286.0,,83.8092555956779,5.45
Nigeria,2022,3.25168140827093,37.6975,223150896.0,41.8,,3.821
Nigeria,2023,2.86021499108364,39.2136,227882945.0,,89.5871124267578,3.074
Nigeria,2024,3.42643947135149,,232679478.0,,,2.989
North Macedonia,2000,4.54913578288874,2.48557,2026350.0,11.7,101.575706481934,32.2
North Macedonia,2001,-3.06725662451662,3.46818,2034882.0,,101.231201171875,30.52
North Macedonia,2002,1.49366547202928,17.33,2020157.0,3.0,99.6265335083008,31.94
North Macedonia,2003,2.22260165732409,19.07,2022725.0,2.8,97.4190902709961,36.69
North Macedonia,2004,4.67408957960916,24.44,2016186.0,1.4,97.4486389160156,37.161
North Macedonia,2005,4.72408864201974,26.45,2005330.0,3.1,98.1046905517578,37.32
North Macedonia,2006,5.13702516153505,28.62,1994287.0,4.6,97.4777984619141,36.392
North Macedonia,2007,6.47348685752347,36.3,1982933.0,,97.6788101196289,35.231
North Macedonia,2008,5.47200139015595,46.04,1971493.0,1.4,91.8012084960938,33.93
North Macedonia,2009,-0.358614856979671,51.77,1958782.0,12.1,91.9132537841797,32.351
North Macedonia,2010,3.35875085773812,51.9,1946298.0,12.8,92.3337936401367,33.135
North Macedonia,2011,2.33988604520331,56.7,1937398.0,10.9,,31.502
North Macedonia,2012,-0.456183223607937,57.4499,1929821.0,9.1,92.9667129516602,31.096
North Macedonia,2013,2.92525766450484,65.24,1922716.0,7.4,96.9780578613281,29.017
North Macedonia,2014,3.62912351276373,68.0585,1917557.0,6.4,95.9001388549805,28.215
North Macedonia,2015,3.85586514041738,70.3802,1912430.0,7.0,96.8858184814453,26.395
North Macedonia,2016,2.84820519363306,72.1568,1906313.0,5.7,,24.312
North Macedonia,2017,1.08177273813243,74.5168,1898657.0,5.6,95.2024078369141,22.857
North Macedonia,2018,2.88059670964267,79.1678,1889051.0,4.3,95.5603866577148,21.208
North Macedonia,2019,3.91041953840173,81.4129,1876262.0,3.9,93.6538467407227,17.414
North Macedonia,2020,-4.68845000956652,81.4055,1856124.0,,93.4353332519531,16.575
North Macedonia,2021,4.51067949038222,81.8737,1837114.0,,93.2624588012695,15.801
North Macedonia,2022,2.75888415332967,85.008,1831712.0,,97.4866561889648,14.476
North Macedonia,2023,2.07254208845117,87.1819,1827816.0,,96.3131713867188,13.174
North Macedonia,2024,2.75624917338976,,1792179.0,,,13.417
Northern Mariana Islands,2000,,,68356.0,,,
Northern Mariana Islands,2001,,,67984.0,,,
Northern Mariana Islands,2002,,,66778.0,,,
Northern Mariana Islands,2003,0.343170899107761,,65421.0,,,
Northern Mariana Islands,2004,-3.07797537619699,,63938.0,,,
Northern Mariana Islands,2005,-12.7028934368384,,62354.0,,,
Northern Mariana Islands,2006,-6.87146321746161,,60682.0,,,
Northern Mariana Islands,2007,-6.68402777777779,,58941.0,,,
Northern Mariana Islands,2008,-11.0697674418605,,57150.0,,,
Northern Mariana Islands,2009,-17.5732217573222,,55325.0,,,
Northern Mariana Islands,2010,1.3959390862944,,54091.0,,,
Northern Mariana Islands,2011,-7.38423028785982,,53608.0,,,
Northern Mariana Islands,2012,0.810810810810807,,53234.0,,,
Northern Mariana Islands,2013,2.68096514745308,,52758.0,,,
Northern Mariana Islands,2014,4.177545691906,,52178.0,,,
Northern Mariana Islands,2015,3.38345864661653,,51514.0,,,
Northern Mariana Islands,2016,29.2121212121212,,50773.0,,,
Northern Mariana Islands,2017,23.1707317073171,,49959.0,,,
Northern Mariana Islands,2018,-19.4973343488195,,49077.0,,,
Northern Mariana Islands,2019,-11.4474929044465,,48129.0,,,
Northern Mariana Islands,2020,-29.0598290598291,,47528.0,,,
Northern Mariana Islands,2021,4.96987951807229,,46979.0,,,
Northern Mariana Islands,2022,16.6427546628408,,46078.0,,,
Northern Mariana Islands,2023,,,45143.0,,,
Northern Mariana Islands,2024,,,44278.0,,,
Norway,2000,3.31894570142394,52.0,4490967.0,0.2,99.1401519775391,3.458
Norway,2001,2.06713043546189,64.0,4513751.0,,99.3257598876953,3.738
Norway,2002,1.37755702173065,72.84,4538159.0,,99.3154602050781,4.022
Norway,2003,0.944909363247831,78.13,4564855.0,0.2,99.2785110473633,4.221
Norway,2004,4.01458802387079,77.69,4591910.0,0.3,99.3458099365234,4.256
Norway,2005,2.68512290339085,81.99,4623291.0,0.2,99.2598037719727,4.381
Norway,2006,2.46147311635166,82.55,4660677.0,0.2,99.3583068847656,3.397
Norway,2007,2.91404000653228,86.93,4709153.0,0.2,99.5711975097656,2.493
Norway,2008,0.481919549757933,90.57,4768212.0,0.2,99.708251953125,2.521
Norway,2009,-1.94036472596633,92.08,4828726.0,0.1,99.7100524902344,3.1
Norway,2010,0.787051861494078,93.39,4889252.0,0.2,99.6255111694336,3.527
Norway,2011,1.10565603382983,93.49,4953088.0,0.1,99.6926803588867,3.196
Norway,2012,2.71795924894734,94.65,5018573.0,0.1,99.6305236816406,3.129
Norway,2013,1.01619084044641,95.0534,5079623.0,0.2,99.6445617675781,3.425
Norway,2014,2.04813200438943,96.3005,5137232.0,0.1,99.4921569824219,3.486
Norway,2015,1.85733971623901,96.8103,5188607.0,0.2,99.3740463256836,4.296
Norway,2016,1.16472423928819,97.2982,5234519.0,0.3,99.2261276245117,4.68
Norway,2017,2.46374626574153,96.3576,5276968.0,0.3,99.2714920043945,4.164
Norway,2018,0.828931500516902,96.4917,5311916.0,0.3,99.1744232177734,3.801
Norway,2019,1.12374694968757,98.0,5347896.0,0.2,99.0806503295898,3.684
Norway,2020,-1.27817177234034,94.6076,5379475.0,0.3,98.8857498168945,4.424
Norway,2021,3.90868676830634,99.0,5408320.0,0.2,98.9731903076172,4.359
Norway,2022,3.24622860260932,99.0,5457127.0,0.3,98.9667587280273,3.231
Norway,2023,0.0721204806030329,99.0,5519594.0,0.2,98.6104431152344,3.572
Norway,2024,2.10045327837291,,5572272.0,,,3.97
Oman,2000,6.19241063695442,3.52042,2282131.0,,92.6224670410156,4.331
Oman,2001,4.61316649389876,5.89384,2310217.0,,93.1300582885742,4.281
Oman,2002,-0.784165786429256,6.8734,2337140.0,,92.9911499023438,4.328
Oman,2003,-2.19466567976842,7.25574,2363796.0,,96.4981994628906,4.62
Oman,2004,1.99251510973346,6.75885,2404821.0,,,4.734
Oman,2005,2.77944360306151,6.68358,2459802.0,,96.953971862793,4.626
Oman,2006,4.66981481939328,8.29972,2514795.0,,95.9230117797852,4.383
Oman,2007,4.98065467051528,16.68,2570174.0,,93.5471420288086,4.298
Oman,2008,8.95005895005896,20.0,2626529.0,,91.8159637451172,4.142
Oman,2009,5.98196694904402,26.8,2684659.0,,100.969787597656,3.993
Oman,2010,2.47199856582773,35.8278,2757446.0,,,3.935
Oman,2011,2.89460973541192,48.0,3076763.0,,111.140314266055,3.958
Oman,2012,8.86312225557018,60.0,3547106.0,,103.370301718633,3.765
Oman,2013,5.22770408145942,66.45,3833913.0,,105.94441986084,3.547
Oman,2014,1.29225229411081,70.22,4002439.0,,105.678726196289,3.449
Oman,2015,5.01705799719045,73.53,4184895.0,,104.035346984863,3.401
Oman,2016,5.04642394571691,76.8454,4390877.0,,103.313171386719,3.266
Oman,2017,0.304057565922449,80.1856,4537396.0,,101.832942186837,2.522
Oman,2018,1.28710391543288,85.5,4597877.0,,101.079902648926,1.8
Oman,2019,-1.12863801728058,90.2594,4591241.0,,97.7350515463917,2.04
Oman,2020,-3.37972052697999,95.2323,4522497.0,,90.636727982112,2.94
Oman,2021,2.5821749892893,95.2388,4500424.0,,89.1980294207256,1.9
Oman,2022,7.98570728354278,95.2453,4730226.0,,89.2455714414171,3.3
Oman,2023,1.18713489558853,95.2517,5049269.0,,,3.176
Oman,2024,1.67407663008134,95.2517,5281538.0,,,3.161
Pakistan,2000,4.2600880111325,,154879127.0,,62.7693099975586,0.634
Pakistan,2001,3.65135017083765,1.31855,159270907.0,56.2,62.63623046875,0.629
Pakistan,2002,2.59481668445784,2.57743,163222549.0,,62.9242095947266,0.635
Pakistan,2003,5.40131087314342,5.04116,167110248.0,,64.7272720336914,0.63
Pakistan,2004,7.83125556961251,6.16432,171286000.0,40.9,68.6156463623047,0.608
Pakistan,2005,7.2765744364722,6.33233,175453212.0,40.8,71.9533462524414,0.585
Pakistan,2006,6.05163767569996,6.5,179682690.0,,68.5336532592773,0.582
Pakistan,2007,4.4448143398844,6.8,184493231.0,34.9,72.8158721923828,0.398
Pakistan,2008,2.1204410433083,7.0,189499113.0,,72.6429901123047,0.423
Pakistan,2009,3.47255059567348,7.5,194376534.0,,72.9343795776367,0.535
Pakistan,2010,1.50171752152883,8.0,199239047.0,26.7,73.6427366739346,0.653
Pakistan,2011,2.68011685421705,8.0,203746065.0,25.9,70.4406693319938,0.796
Pakistan,2012,3.02758391088629,8.1,207667125.0,,69.90386379122,3.667
Pakistan,2013,4.36686504978387,9.0,211073978.0,21.2,68.8875716330274,2.954
Pakistan,2014,4.11642817161422,10.0,214264647.0,,72.1897974318755,1.827
Pakistan,2015,4.21794209572506,11.0,217290883.0,16.9,71.7399191116414,3.566
Pakistan,2016,6.57383828511043,12.3854,220138869.0,,75.7336415786478,2.285
Pakistan,2017,4.43262590683975,13.78,223273967.0,,74.497149935232,3.215
Pakistan,2018,6.15170261099519,15.34,226928892.0,16.5,77.3862722679522,4.083
Pakistan,2019,2.49763692943365,17.0709,230800899.0,,78.702552622727,4.83
Pakistan,2020,-1.27408744338709,18.9348,235001746.0,,,6.127
Pakistan,2021,6.51388575852702,21.4107,239477801.0,,80.3165790075685,6.338
Pakistan,2022,4.7781068690358,24.2103,243700667.0,,78.9400248844352,5.485
Pakistan,2023,-0.0398389716673506,27.3759,247504495.0,,81.3796346128751,5.408
Pakistan,2024,3.23478443210148,,251269164.0,,83.726068200404,5.472
Palau,2000,-2.60390246523619,,19178.0,,114.16813659668,
Palau,2001,6.50043519039269,,19352.0,,,
Palau,2002,5.01614795032756,20.2439,19503.0,,,
Palau,2003,-3.2232770676826,21.6015,19659.0,,113.169898986816,
Palau,2004,3.93902392635704,26.9703,19820.0,,108.352798461914,
Palau,2005,3.4139654003198,,19819.0,,109.526702880859,
Palau,2006,-0.12371989193619,,19593.0,,107.807418823242,
Palau,2007,1.75403101505825,,19302.0,,107.821228027344,
Palau,2008,-5.49397665879108,,19009.0,,,
Palau,2009,-7.260576011838,,18709.0,,,
Palau,2010,-0.895895860102129,,18396.0,,,
Palau,2011,5.11828022513072,,18078.0,,,
Palau,2012,1.25341241673473,,17765.0,,,
Palau,2013,-3.03622688101693,,17648.0,,116.396896362305,
Palau,2014,4.7699994328551,,17715.0,,112.723518371582,
Palau,2015,8.19997983012814,,17770.0,,,
Palau,2016,-0.43998926755151,,17797.0,,,
Palau,2017,-3.26001845520757,,17812.0,,,
Palau,2018,0.110008339571394,,17814.0,,,
Palau,2019,0.200015068654793,,17798.0,,,
Palau,2020,-5.99943392532354,,17792.0,,105.470909118652,
Palau,2021,-13.7938932190606,,17783.0,,108.989547729492,
Palau,2022,-1.31842716655024,,17759.0,,92.0141342756184,
Palau,2023,1.87703198392599,,17727.0,,100.718907260963,
Palau,2024,,,17695.0,,,
Panama,2000,4.20900547865375,6.5548,3010369.0,16.3,104.723449707031,6.264
Panama,2001,0.949908149985234,7.2684,3069537.0,20.8,105.984466552734,6.372
Panama,2002,2.50884372716125,8.51808,3129344.0,17.2,108.213760375977,6.362
Panama,2003,5.09686030493801,9.98742,3189807.0,16.8,107.406356811523,6.346
Panama,2004,8.17565333965649,11.1409,3251155.0,15.5,108.947196960449,6.127
Panama,2005,8.27618334503531,11.484,3313026.0,14.5,107.977203369141,6.002
Panama,2006,9.85723870564752,17.3496,3375024.0,15.7,108.620910644531,5.822
Panama,2007,13.1530653782933,22.29,3437490.0,13.0,109.872016906738,5.694
Panama,2008,10.1974325907958,33.82,3500648.0,9.0,108.608779907227,5.647
Panama,2009,1.61186405976055,39.08,3564381.0,6.6,106.596946716309,5.864
Panama,2010,6.07339353106087,40.1,3628535.0,7.7,105.504772050038,5.845
Panama,2011,11.9088772249531,42.7,3693505.0,6.1,104.523012045042,4.03
Panama,2012,9.62729346439019,40.3019,3759256.0,7.4,103.146450660238,3.691
Panama,2013,6.32435388662846,44.03,3825329.0,5.9,102.088016559889,3.674
Panama,2014,4.62581375565551,44.9238,3892101.0,6.4,99.132606826684,4.391
Panama,2015,5.26691719595516,51.2054,3960035.0,4.8,96.205074799494,4.335
Panama,2016,4.57196707937275,54.0,4029086.0,4.8,93.4375028559417,4.717
Panama,2017,5.7440594635578,59.9506,4098707.0,4.3,94.7657015347774,5.338
Panama,2018,3.91819807389903,61.8055,4167860.0,3.7,,5.161
Panama,2019,3.10306788630359,63.6284,4234700.0,2.9,93.3286426450155,6.256
Panama,2020,-17.8212299695008,70.0097,4293261.0,,95.2048771264878,14.663
Panama,2021,16.4671249191559,77.031,4345405.0,3.3,100.88841591996,10.177
Panama,2022,10.769665870619,77.7041,4400773.0,,101.563230633345,8.086
Panama,2023,7.39930155626219,68.5485,4458759.0,3.7,95.2033935877376,6.544
Panama,2024,2.86166663523247,,4515577.0,3.1,,6.518
Papua New Guinea,2000,-2.49484199260023,0.835249,5537064.0,,68.3852920532227,2.92
Papua New Guinea,2001,-0.121288605564772,0.904104,5728435.0,,61.9906387329102,2.801
Papua New Guinea,2002,-0.158900533082658,1.32166,5924003.0,,59.6682815551758,2.755
Papua New Guinea,2003,2.16410250222083,1.3744,6123997.0,,56.1848297119141,2.628
Papua New Guinea,2004,2.72117574098235,1.50791,6328041.0,,56.0239791870117,2.526
Papua New Guinea,2005,6.34479592309654,1.71619,6535905.0,,57.029369354248,2.387
Papua New Guinea,2006,5.40994409107307,1.75449,6747720.0,,55.561408996582,2.287
Papua New Guinea,2007,7.81518922862388,1.79056,6963345.0,,,2.172
Papua New Guinea,2008,-0.296457845880582,1.15,7183002.0,,59.4429588317871,2.169
Papua New Guinea,2009,6.80042148322096,1.61,7406438.0,52.2,,2.089
Papua New Guinea,2010,10.1284540720232,1.28,7633523.0,,,2.002
Papua New Guinea,2011,1.10754362619616,2.0,7859346.0,,,2.62
Papua New Guinea,2012,4.65711959686239,3.5,8081390.0,,100.860790212899,2.631
Papua New Guinea,2013,3.82494632800675,5.1,8302698.0,,,2.692
Papua New Guinea,2014,13.5437706216546,6.5,8523441.0,,101.784196531861,2.536
Papua New Guinea,2015,6.57835632304275,7.9,8743246.0,,,2.503
Papua New Guinea,2016,5.48957315278187,9.60154,8961718.0,,104.505056068347,2.472
Papua New Guinea,2017,3.53461081750459,11.2092,9178714.0,,,2.569
Papua New Guinea,2018,-0.279252284959952,,9394513.0,,110.133799712778,2.635
Papua New Guinea,2019,4.48051456942582,19.9783,9609010.0,,105.318008718042,2.634
Papua New Guinea,2020,-3.16743204434815,24.3969,9815746.0,,102.053543720153,2.883
Papua New Guinea,2021,-0.511353418578196,23.2437,10012896.0,,101.941113862706,3.003
Papua New Guinea,2022,5.70758404238197,23.7315,10203169.0,,111.086149294969,2.689
Papua New Guinea,2023,3.81088622906051,24.0667,10389635.0,,121.090488343548,2.661
Papua New Guinea,2024,4.09502900203009,,10576502.0,,,2.741
Paraguay,2000,-2.31414056819045,0.747631,5100868.0,,121.569923400879,7.61
Paraguay,2001,-0.834054716746095,1.09879,5187689.0,13.5,120.682579040527,6.206
Paraguay,2002,-0.0214043949985694,1.79497,5261328.0,19.6,119.554328918457,9.393
Paraguay,2003,4.32074548551591,2.11194,5326436.0,13.8,115.775802612305,6.814
Paraguay,2004,4.05741836363771,3.45244,5388175.0,10.7,115.572067260742,6.513
Paraguay,2005,2.13349066459601,7.90701,5448097.0,10.1,116.596778869629,4.825
Paraguay,2006,4.80711719268376,7.96207,5505148.0,14.1,114.910606384277,5.277
Paraguay,2007,5.42162287218235,11.21,5559386.0,12.6,113.681617736816,4.713
Paraguay,2008,6.4962921197091,14.27,5613574.0,7.9,112.590606689453,4.415
Paraguay,2009,-0.261137328080281,18.9,5671236.0,9.1,111.871238708496,5.46
Paraguay,2010,11.0952312685521,19.8,5737971.0,9.4,112.199429171095,4.569
Paraguay,2011,4.28637120702282,24.7635,5814626.0,8.9,111.292626449933,4.67
Paraguay,2012,-0.708043112316886,29.34,5897008.0,6.4,115.087921142578,4.085
Paraguay,2013,8.29307648940471,36.9,5982445.0,4.1,,4.385
Paraguay,2014,5.30123859237025,43.0074,6069811.0,4.3,,5.034
Paraguay,2015,2.95715173487106,49.7163,6159103.0,4.2,,4.556
Paraguay,2016,4.26802583314583,53.4041,6249126.0,4.2,100.612358093262,5.255
Paraguay,2017,4.81007885554041,61.0758,6338660.0,2.4,,6.138
Paraguay,2018,3.20425034076639,64.9935,6427382.0,3.1,,6.217
Paraguay,2019,-0.40185510068001,68.5176,6515058.0,2.4,,6.595
Paraguay,2020,-0.819785390971916,73.9575,6603739.0,2.6,90.8342908567893,7.548
Paraguay,2021,4.01673731780312,77.0184,6684182.0,1.9,92.5220031738281,7.311
Paraguay,2022,0.176038366124061,76.2592,6760464.0,3.2,91.0286415669387,6.755
Paraguay,2023,4.99922791130152,78.0948,6844146.0,2.4,90.3532686843589,5.794
Paraguay,2024,4.24996010464042,81.5781,6929153.0,2.1,89.4386417386793,6.093
Peru,2000,2.69437139806912,3.07643,26598331.0,25.5,116.377288818359,4.958
Peru,2001,0.617892325624297,7.57876,26964601.0,27.4,116.051170349121,5.063
Peru,2002,5.45352893818767,8.96695,27288217.0,24.4,115.819259643555,4.84
Peru,2003,4.16502313666112,11.6,27580490.0,22.5,114.657218933105,4.15
Peru,2004,4.95820320611745,14.1,27852190.0,23.5,114.192283630371,4.71
Peru,2005,6.28506032509601,17.1,28101180.0,25.4,114.135032653809,4.87
Peru,2006,7.5288990440594,20.7,28324491.0,21.8,114.313377380371,4.17
Peru,2007,8.5183877690955,25.2,28530699.0,18.9,114.932861328125,4.08
Peru,2008,9.1265683014642,30.57,28719041.0,15.8,112.584442138672,4.03
Peru,2009,1.0958236592427,31.4,28896811.0,13.7,112.00821685791,3.96
Peru,2010,8.33245910749577,34.77,29086019.0,11.2,112.186592102051,3.6
Peru,2011,6.32719240161117,36.01,29304086.0,10.3,109.572143554688,3.477
Peru,2012,6.13972470560435,38.2,29550366.0,9.5,103.61678314209,3.238
Peru,2013,5.85251821084928,39.2,29817919.0,8.6,105.152191162109,3.575
Peru,2014,2.38215737180541,40.2447,30115826.0,8.0,102.949859619141,3.208
Peru,2015,3.25224477218451,40.8526,30457600.0,8.0,102.787979125977,3.272
Peru,2016,3.95331871520767,45.4617,30866494.0,7.5,104.087951660156,3.741
Peru,2017,2.51883544233135,50.4504,31324637.0,7.3,102.807487487793,3.691
Peru,2018,3.969351341365,55.0543,31897584.0,6.1,104.412582397461,3.492
Peru,2019,2.24063176875049,59.9505,32449303.0,5.4,108.469970703125,3.379
Peru,2020,-10.9333065010382,65.2518,32838579.0,10.3,113.065826416016,7.179
Peru,2021,13.3626240903125,71.1078,33155882.0,5.2,113.829208374023,5.097
Peru,2022,2.8090335533015,74.675,33475438.0,4.8,114.349319458008,3.85
Peru,2023,-0.403242151494268,79.4848,33845617.0,5.9,113.900588989258,4.899
Peru,2024,3.30394098171516,81.9571,34217848.0,5.1,,4.828
Philippines,2000,4.38250500083399,1.98225,79625397.0,25.9,104.052787780762,3.767
Philippines,2001,3.04923134463486,2.52401,81401488.0,,103.305671691895,3.698
Philippines,2002,3.71625500158383,4.33228,83068889.0,,102.620742797852,3.615
Philippines,2003,5.08691113513073,4.85767,84731835.0,24.3,102.732582092285,3.527
Philippines,2004,6.56922851180626,5.24363,86394504.0,,102.275131225586,3.554
Philippines,2005,4.94250511877678,5.39764,88015962.0,,101.720321655273,3.795
Philippines,2006,5.31641682136939,5.74059,89508986.0,26.1,100.087287902832,4.052
Philippines,2007,6.51929155018938,5.97,91075184.0,,100.310913085938,3.434
Philippines,2008,4.34448730509183,6.22,92699095.0,,101.465858459473,3.72
Philippines,2009,1.44832306275669,9.0,94384250.0,22.0,102.759162902832,3.858
Philippines,2010,7.33449996034538,25.0,96337125.0,,,3.605
Philippines,2011,3.85823282795663,29.0,98248614.0,,,3.592
Philippines,2012,6.89695171050985,30.8,100175512.0,21.3,,3.504
Philippines,2013,6.75053130142255,32.7,102076336.0,,,3.497
Philippines,2014,6.34798748260867,34.7,103767130.0,,104.629987793486,3.6
Philippines,2015,6.34830971672761,36.9,105312992.0,14.6,103.408354699272,3.068
Philippines,2016,7.14945675000752,39.2,106735719.0,,101.721937186986,2.695
Philippines,2017,6.9309883258402,41.6,108119693.0,,99.3666730080757,2.552
Philippines,2018,6.34148557153473,44.1,109465287.0,8.3,94.5541345217085,2.338
Philippines,2019,6.11852566221303,43.0266,110804683.0,,93.0076871274695,2.237
Philippines,2020,-9.51829474045297,53.7649,112081264.0,,93.2822386485839,2.522
Philippines,2021,5.71473313185116,66.9078,113100950.0,8.1,88.8345145801337,3.398
Philippines,2022,7.58098212785563,75.2111,113964338.0,,90.6131438325611,2.598
Philippines,2023,5.51894967862863,83.7661,114891199.0,5.3,92.4462107015215,2.222
Philippines,2024,5.69201612823412,,115843670.0,,94.0330906383194,2.153
Poland,2000,4.65633252988236,7.28543,38258629.0,0.3,100.339080810547,14.928
Poland,2001,1.23374464400356,9.90067,38248076.0,0.4,100.530227661133,18.435
Poland,2002,1.90119437968586,21.15,38230364.0,0.3,100.300102233887,20.211
Poland,2003,3.52337117234833,24.87,38204570.0,0.2,100.183227539062,19.899
Poland,2004,5.09079546409544,32.53,38182222.0,2.8,100.051498413086,18.822
Poland,2005,3.26082274679216,38.81,38165445.0,1.4,99.9291229248047,17.592
Poland,2006,6.20210710934373,44.58,38141267.0,0.9,99.6375198364258,13.794
Poland,2007,6.7604478527626,48.6,38120560.0,0.6,99.1174926757812,9.551
Poland,2008,4.38377069274605,53.13,38125759.0,0.3,98.238639831543,7.069
Poland,2009,2.61512859291683,58.97,38151603.0,0.6,98.0396499633789,8.131
Poland,2010,3.16892748258036,62.32,38042794.0,0.6,98.6196365356445,9.578
Poland,2011,5.25546256612796,61.95,38063255.0,0.6,99.2583465576172,9.576
Poland,2012,1.51178167644575,62.31,38063164.0,0.4,100.680816650391,10.031
Poland,2013,0.684240607051805,62.8492,38040196.0,0.6,100.073501586914,10.293
Poland,2014,3.92050862390032,66.5987,38011735.0,0.6,99.5637130737305,8.971
Poland,2015,4.43176700264478,67.997,37986412.0,0.5,,7.475
Poland,2016,3.03117767594847,73.3007,37970087.0,0.4,,6.141
Poland,2017,5.15245773325907,75.9854,37974826.0,0.4,97.6803283691406,4.867
Poland,2018,6.2458584723942,77.5417,37974750.0,0.3,94.4897613525391,3.835
Poland,2019,4.58045817256199,80.4359,37965475.0,0.1,94.9449615478516,3.267
Poland,2020,-2.03556882399977,83.1849,37515748.0,0.2,82.211540222168,3.155
Poland,2021,6.92718266052501,85.3749,36981559.0,0.1,96.6018218994141,3.268
Poland,2022,5.25545697386036,86.9411,36821749.0,0.3,100.594268798828,2.811
Poland,2023,0.249610834017872,86.4147,36687353.0,0.2,105.397079467773,2.743
Poland,2024,2.9233880806669,88.585,36554707.0,,,2.472
Portugal,2000,3.81617712035907,16.4305,10289898.0,,119.70580291748,3.806
Portugal,2001,1.94367212411221,18.0871,10362722.0,,119.482360839844,3.829
Portugal,2002,0.770924777292066,19.37,10419631.0,,115.040893554688,4.497
Portugal,2003,-0.930521040324891,29.67,10458821.0,1.1,115.237442016602,6.132
Portugal,2004,1.7887355199795,31.78,10483861.0,0.7,114.672149658203,6.319
Portugal,2005,0.781847565175809,34.99,10503330.0,0.7,114.44255065918,7.582
Portugal,2006,1.62503532141992,38.01,10522288.0,0.2,113.981163024902,7.649
Portugal,2007,2.50657936515483,42.09,10542964.0,0.6,113.063117980957,7.965
Portugal,2008,0.31924734289916,44.13,10558177.0,0.3,112.717491149902,7.553
Portugal,2009,-3.12207826048319,48.27,10568247.0,0.2,110.981079101562,9.432
Portugal,2010,1.73762452780146,53.3,10573100.0,0.2,109.77262878418,10.771
Portugal,2011,-1.71352745071583,55.25,10557560.0,0.6,109.651611328125,12.682
Portugal,2012,-4.05090265617167,60.34,10514844.0,0.9,108.395370483398,15.531
Portugal,2013,-0.984106569072424,62.0956,10457295.0,1.0,109.373641967773,16.188
Portugal,2014,0.741391416844507,64.5924,10401062.0,0.8,107.813301086426,13.897
Portugal,2015,1.58979802880627,68.6329,10358076.0,0.7,106.229377746582,12.447
Portugal,2016,2.00414128646489,70.4236,10325452.0,0.4,105.035911560059,11.068
Portugal,2017,3.31472056420827,73.7912,10300300.0,0.4,104.209732055664,8.869
Portugal,2018,2.946282440074,74.661,10283822.0,0.4,104.378570556641,6.994
Portugal,2019,2.74568479564236,75.3464,10286263.0,0.2,104.897682189941,6.464
Portugal,2020,-8.20463201239903,78.2617,10297081.0,0.6,105.753471374512,6.801
Portugal,2021,5.55875771556673,82.309,10361831.0,0.3,105.672172546387,6.577
Portugal,2022,6.9858417811997,84.4969,10434332.0,0.2,108.103523254395,6.011
Portugal,2023,2.61312854351023,85.7901,10578174.0,0.4,110.98851776123,6.509
Portugal,2024,1.92844406043977,88.487,10701636.0,,,6.384
Puerto Rico (US),2000,3.27196451910478,10.4746,3810605.0,,,10.08
Puerto Rico (US),2001,6.31347157694064,15.63,3818774.0,,,11.4
Puerto Rico (US),2002,0.916459423425337,17.5476,3823701.0,,,11.94
Puerto Rico (US),2003,0.0534198017173964,19.707,3826095.0,,,11.78
Puerto Rico (US),2004,8.7486769008168,22.1307,3826878.0,,,10.31
Puerto Rico (US),2005,-1.98693871772703,23.4001,3821362.0,,,11.35
Puerto Rico (US),2006,-1.40941405684823,25.4424,3805214.0,,,11.01
Puerto Rico (US),2007,-1.16280665573993,27.86,3782995.0,,,10.93
Puerto Rico (US),2008,-1.84413421831884,38.0,3760866.0,,,11.48
Puerto Rico (US),2009,-1.95242518381124,41.5,3740410.0,,97.1196517944336,15.0
Puerto Rico (US),2010,-0.413254119172365,45.3,3724465.0,,99.1731872558594,16.1
Puerto Rico (US),2011,-0.358510636850312,48.0,3693464.0,,92.7918167114258,15.7
Puerto Rico (US),2012,0.0292751500944064,69.0,3661045.0,,95.8943328857422,14.5
Puerto Rico (US),2013,-0.306826666941774,69.0,3631427.0,,97.8782806396484,14.3
Puerto Rico (US),2014,-1.19036347346942,76.1339,3585017.0,,99.8299865722656,13.9
Puerto Rico (US),2015,-1.04929003238674,63.4663,3535167.0,,100.338363647461,12.0
Puerto Rico (US),2016,-1.26369434781117,68.6438,3480432.0,,94.4198226928711,11.8
Puerto Rico (US),2017,-2.88521838398481,68.7408,3410837.0,,,10.8
Puerto Rico (US),2018,-4.36142703162535,70.8564,3290690.0,,95.0853271484375,9.2
Puerto Rico (US),2019,1.67546379498209,77.7364,3302691.0,,,8.3
Puerto Rico (US),2020,-4.1808743093346,,3281590.0,,,8.89
Puerto Rico (US),2021,0.385222719529239,84.7867,3262711.0,,,7.9
Puerto Rico (US),2022,2.95709565499587,87.2918,3220137.0,,,6.0
Puerto Rico (US),2023,0.498101252480708,,3203792.0,,88.0846710205078,5.725
Puerto Rico (US),2024,3.22670542229149,,3203295.0,,87.9278775085621,5.472
Qatar,2000,8.02812545191884,4.86368,644989.0,,,0.87
Qatar,2001,3.89818666233907,6.17027,677925.0,,94.3836669921875,0.87
Qatar,2002,7.18215168021513,10.2261,711205.0,,95.1474914550781,0.87
Qatar,2003,3.71995867654906,19.2423,744682.0,,96.9064788818359,0.87
Qatar,2004,19.2189153397893,20.7016,773332.0,,93.3679122924805,0.87
Qatar,2005,7.49275848279068,24.7335,825408.0,,96.1018829345703,0.87
Qatar,2006,26.1702456703032,28.9741,972831.0,,94.6122207641602,0.87
Qatar,2007,17.9856568160263,37.0,1208595.0,,98.2639617919922,0.52
Qatar,2008,17.6635563626089,44.3,1426938.0,,98.5704574584961,0.31
Qatar,2009,11.9565611289086,53.1,1608903.0,,103.211761474609,0.31
Qatar,2010,19.5923315337859,69.0,1616832.0,,103.012957458666,0.45
Qatar,2011,13.3751764107929,69.0,1624761.0,,99.263245898213,0.56
Qatar,2012,4.73001184360784,69.3,1722438.0,,102.537557878561,0.48
Qatar,2013,5.55604064306607,85.3,1916426.0,,100.070843605656,0.28
Qatar,2014,5.33432329196459,91.49,2151745.0,,97.9827742520399,0.2
Qatar,2015,4.75334572438737,92.8848,2344557.0,,101.073259958727,0.17
Qatar,2016,3.06419188430156,95.1247,2477113.0,,103.68811714668,0.15
Qatar,2017,-1.49760470227838,97.3888,2545820.0,0.0,106.121974267646,0.14
Qatar,2018,1.23487220191065,99.6528,2580734.0,,107.083429224986,0.11
Qatar,2019,0.688240954592672,99.6528,2638657.0,,102.273940498665,0.1
Qatar,2020,-3.5576039896784,99.6528,2794148.0,,100.984972771335,0.14
Qatar,2021,1.62684671918775,99.6528,2504910.0,,89.5694061041452,0.14
Qatar,2022,4.18500970982862,99.6528,2657333.0,,94.1971279001544,0.13
Qatar,2023,1.18715991623776,99.6528,2656032.0,,,0.13
Qatar,2024,2.76841433597697,,2857822.0,,,0.126
Romania,2000,2.46121646882141,3.61372,22442971.0,11.9,104.286956787109,6.969
Romania,2001,5.21818451151151,4.53867,22131970.0,9.5,105.790283203125,6.561
Romania,2002,5.70299165043771,6.58,21730496.0,9.1,105.530220031738,8.112
Romania,2003,2.34114732919521,8.9,21574326.0,7.0,102.830619812012,6.95
Romania,2004,10.4281130180976,15.0,21451748.0,5.3,105.122337341309,7.719
Romania,2005,4.6681480508487,21.5,21319685.0,4.2,102.187843322754,7.174
Romania,2006,8.02881107599163,24.66,21193760.0,11.1,101.634002685547,7.27
Romania,2007,7.23380774362805,28.3,20882982.0,8.1,100.085487365723,6.413
Romania,2008,9.30746717077338,32.42,20537875.0,6.0,98.5809478759766,5.787
Romania,2009,-5.51670615843011,36.6,20367487.0,5.3,100.860786437988,6.859
Romania,2010,-3.90581157302972,39.93,20246871.0,6.3,99.9739990234375,6.959
Romania,2011,4.49558909946313,40.01,20147528.0,7.1,98.3790512084961,7.177
Romania,2012,1.90361696799603,45.88,20058035.0,8.4,96.2415466308594,6.794
Romania,2013,0.278771877470234,49.7645,19983693.0,8.7,,7.096
Romania,2014,4.11600109267832,54.0783,19908979.0,8.9,,6.802
Romania,2015,3.1570360543854,55.7632,19815616.0,7.6,89.0534133911133,6.812
Romania,2016,2.85993252302089,59.504,19702267.0,5.2,87.5895919799805,5.901
Romania,2017,8.19547826641261,63.7473,19588715.0,4.9,87.2723999023438,4.927
Romania,2018,6.120930007146,70.6813,19473970.0,3.7,91.3751220703125,4.187
Romania,2019,3.92326384963494,73.6575,19371648.0,3.1,92.6139984130859,3.912
Romania,2020,-3.67438440910189,78.4553,19265250.0,2.4,91.9047393798828,5.035
Romania,2021,5.5457096259051,83.5904,19122059.0,2.0,90.7731704711914,5.59
Romania,2022,3.96530766311717,85.5031,19048502.0,1.5,84.8812789916992,5.614
Romania,2023,2.40427177912809,89.2034,19059479.0,0.7,84.946662902832,5.589
Romania,2024,0.81368720348209,91.2905,19069340.0,,,5.379
Russian Federation,2000,10.0000668136515,1.97723,146596869.0,5.1,110.809799194336,10.581
Russian Federation,2001,5.10005122572568,2.94437,145976482.0,3.2,115.666496276855,8.978
Russian Federation,2002,4.69999190914258,4.12827,145306497.0,2.0,122.04638671875,7.875
Russian Federation,2003,7.29995234528189,8.29886,144648618.0,2.1,126.574638366699,8.21
Russian Federation,2004,7.19994786954857,12.8594,144067316.0,1.8,,7.763
Russian Federation,2005,6.39996544799469,15.2267,143518814.0,1.4,96.7937927246094,7.124
Russian Federation,2006,8.20006825456321,18.0233,143049637.0,0.9,96.5280838012695,7.055
Russian Federation,2007,8.49997776916511,24.66,142805114.0,0.4,96.1058807373047,6.002
Russian Federation,2008,5.19996926404957,32.0,142742366.0,0.2,95.3222122192383,6.205
Russian Federation,2009,-7.79999391271275,42.55,142785348.0,0.2,95.5198287963867,8.301
Russian Federation,2010,4.49999999920672,49.0,142849468.0,0.2,,7.407
Russian Federation,2011,4.30002918567749,58.0,143018195.0,0.1,96.133405106655,6.571
Russian Federation,2012,4.02408615746921,66.0,143378447.0,0.1,97.262229693837,5.484
Russian Federation,2013,1.75542214874298,67.97,143805638.0,0.1,96.9484148725836,5.513
Russian Federation,2014,0.736267221765672,70.5176,144237223.0,0.4,97.4962712179576,5.212
Russian Federation,2015,-1.97271922580408,70.0992,144640716.0,0.4,98.3827760103169,5.615
Russian Federation,2016,0.193690071260534,73.0914,145015460.0,0.4,98.3341307364642,5.591
Russian Federation,2017,1.82579006401834,76.0081,145293260.0,0.4,100.767602587422,5.238
Russian Federation,2018,2.80724541059601,80.8647,145398106.0,0.2,102.018364437962,4.871
Russian Federation,2019,2.19807571335009,82.6422,145453291.0,0.3,101.832335105065,4.513
Russian Federation,2020,-2.65365450102773,84.9947,145245148.0,0.1,101.731047648404,5.62
Russian Federation,2021,5.86649177292595,88.2138,144746762.0,0.2,100.890349270112,4.749
Russian Federation,2022,-1.43588213859842,90.418,144236933.0,0.1,100.122558846483,3.867
Russian Federation,2023,4.08252481259281,92.245,143826130.0,0.1,97.7462041476013,3.076
Russian Federation,2024,4.34437475491529,94.365,143533851.0,,,2.527
Rwanda,2000,8.37089593548548,0.0628315,8213931.0,82.3,,11.731
Rwanda,2001,8.4845603416011,0.240672,8287094.0,,121.944969177246,11.76
Rwanda,2002,13.1920736254262,0.292785,8400180.0,,123.550239562988,11.499
Rwanda,2003,2.20238751139603,0.356918,8586875.0,,123.162269592285,11.696
Rwanda,2004,7.44766737034072,0.430854,8816844.0,,131.434463500977,11.731
Rwanda,2005,9.3778991673686,0.556041,9054528.0,74.2,138.091659545898,11.854
Rwanda,2006,9.22707576798881,,9299246.0,,148.047485351562,11.632
Rwanda,2007,7.63329819125276,2.11539,9549933.0,,154.816009521484,11.626
Rwanda,2008,11.1612473247323,4.5,9804269.0,,154.724563598633,11.57
Rwanda,2009,6.24825750620508,7.7,10060432.0,,156.6142578125,11.663
Rwanda,2010,7.33465645006753,8.0,10317553.0,70.2,155.315788762649,11.673
Rwanda,2011,7.95838869847094,7.0,10573733.0,,154.129639895033,11.775
Rwanda,2012,8.64150815836322,8.02385,10829901.0,,153.371821344578,11.701
Rwanda,2013,4.71984856978263,9.0,11093340.0,65.2,123.706003554374,11.785
Rwanda,2014,6.16716615166932,10.6,11364757.0,,138.315807313314,11.844
Rwanda,2015,8.8568555974538,12.5,11640022.0,,137.243191055886,11.838
Rwanda,2016,5.97074525431094,14.6,11919183.0,63.8,140.620022753129,11.801
Rwanda,2017,3.91817093628465,17.2,12202060.0,,139.309946965821,11.875
Rwanda,2018,8.51646722592409,19.2,12487996.0,,137.129353849659,10.759
Rwanda,2019,9.44738518613097,21.358,12776103.0,,138.020075127914,11.236
Rwanda,2020,-3.37368746369782,23.8,13065837.0,,,11.829
Rwanda,2021,10.8584320184896,24.4416,13355260.0,,151.063571867834,15.775
Rwanda,2022,8.16120720872912,31.2252,13651030.0,,148.752482099863,15.084
Rwanda,2023,8.24990302014558,34.2005,13954471.0,38.6,151.894816720753,12.352
Rwanda,2024,8.89065529573114,,14256567.0,,149.572183149389,11.994
Samoa,2000,5.09304469244418,0.566393,181685.0,,96.6747207641602,4.734
Samoa,2001,7.39012906172989,1.6899,183166.0,,98.2339935302734,4.96
Samoa,2002,5.65195919890348,2.24483,184471.0,5.9,100.272598266602,4.975
Samoa,2003,5.21262892634149,2.79963,185430.0,,101.360877990723,5.037
Samoa,2004,3.0872602379675,3.07553,186249.0,,102.40113067627,5.162
Samoa,2005,6.63920361300734,3.35259,186978.0,,102.360328674316,5.212
Samoa,2006,2.13212714677351,4.46917,187709.0,,102.457702636719,5.321
Samoa,2007,0.485982550017255,4.74998,188753.0,,103.185127258301,5.426
Samoa,2008,3.55610467395,5.03162,190107.0,3.7,,5.539
Samoa,2009,-0.541677601834593,6.0,191513.0,,102.942909240723,5.647
Samoa,2010,6.1247199226125,7.0,193023.0,,107.650732168777,5.621
Samoa,2011,3.84907794660396,11.0,194713.0,,104.303479903574,5.68
Samoa,2012,-3.73213020890266,12.9225,196498.0,,104.036920795239,8.752
Samoa,2013,0.107293276488932,15.3,198268.0,4.5,,8.773
Samoa,2014,0.659923768782861,21.2,200037.0,,106.647163211452,8.72
Samoa,2015,3.8503618166494,25.407,201782.0,,107.081187816349,8.9
Samoa,2016,7.9838628784713,31.7,203499.0,,107.318115040963,9.062
Samoa,2017,1.40628239971301,39.4,205415.0,,106.410464540724,9.4
Samoa,2018,-0.609647103380141,43.1336,207582.0,,103.775300035196,8.639
Samoa,2019,4.45185891688691,47.2211,209780.0,,103.104626360701,7.838
Samoa,2020,-3.10844401053139,51.6959,211944.0,,101.994834813153,7.435
Samoa,2021,-7.07883094291508,56.5947,213779.0,,104.730628904914,6.612
Samoa,2022,-5.30629089966979,57.3288,215261.0,,103.30974754162,5.048
Samoa,2023,9.20864923964689,58.1386,216663.0,,101.617020641348,4.977
Samoa,2024,9.42235044158694,,218019.0,,101.043324329961,4.551
San Marino,2000,2.17937971500419,48.7995,26799.0,,,
San Marino,2001,5.57834290401968,50.3417,27143.0,,,
San Marino,2002,0.310800310800303,50.8348,27491.0,,,
San Marino,2003,3.87296669248644,50.0035,27843.0,,,
San Marino,2004,4.5488441461596,50.5663,29457.0,,98.2324905395508,
San Marino,2005,2.42510699001426,50.2596,29836.0,,,
San Marino,2006,3.83008356545962,50.2087,30184.0,,,
San Marino,2007,7.10932260228034,50.3648,31211.0,,,
San Marino,2008,-0.500939261114581,54.52,31662.0,,94.248046875,
San Marino,2009,-10.3209565764632,54.21,33066.0,,92.9460601806641,
San Marino,2010,-5.47368421052632,,33270.0,,92.4384525205158,
San Marino,2011,-8.3147735708983,49.6,32620.0,,92.0494699646643,
San Marino,2012,-7.04453441295546,,33469.0,,93.3017190278601,
San Marino,2013,-0.78397212543554,,33041.0,,,
San Marino,2014,-0.702370500438988,,32655.0,,,
San Marino,2015,2.29150556129267,,32897.0,,,
San Marino,2016,2.34440586055425,,33101.0,,,
San Marino,2017,0.258265466328055,60.1823,33825.0,,,
San Marino,2018,1.4939053181737,,34522.0,,95.1260504201681,
San Marino,2019,2.06568514732741,67.8507,34663.0,,94.6193474527762,
San Marino,2020,-6.64791081780602,77.95,34770.0,,94.4051825677267,
San Marino,2021,13.8977895076234,81.67,34252.0,,93.5735735735736,
San Marino,2022,7.89844145767604,85.0607,33755.0,,93.9375,
San Marino,2023,,87.0278,33860.0,,95.1203643461288,
San Marino,2024,,,33977.0,,93.5309973045822,
Sao Tome and Principe,2000,0.448368261692949,4.63852,144018.0,17.3,,14.4
Sao Tome and Principe,2001,3.06448295788719,6.31092,146375.0,,,15.73
Sao Tome and Principe,2002,3.360188168222,7.58067,149922.0,,120.207168579102,17.63
Sao Tome and Principe,2003,8.29151946119818,10.1618,153814.0,,122.29955291748,16.36
Sao Tome and Principe,2004,3.5379059435684,13.3229,157705.0,,123.559432983398,16.12
Sao Tome and Principe,2005,6.61462475033599,13.7595,161639.0,,125.522186279297,16.47
Sao Tome and Principe,2006,8.86610935944026,14.182,165638.0,,,16.65
Sao Tome and Principe,2007,3.64147185166024,14.5905,169700.0,,122.611000061035,16.024
Sao Tome and Principe,2008,6.2287850696102,15.48,173793.0,,122.417999267578,15.426
Sao Tome and Principe,2009,3.30239966645061,16.41,177853.0,,122.308692932129,15.134
Sao Tome and Principe,2010,1.44845522890635,18.75,181802.0,18.9,119.253356933594,14.626
Sao Tome and Principe,2011,1.99943210333259,20.1612,185649.0,,119.297409057617,14.224
Sao Tome and Principe,2012,2.94294277416023,21.5724,189439.0,,111.31436920166,13.59
Sao Tome and Principe,2013,5.11967735428513,23.0,193148.0,,110.589996337891,12.48
Sao Tome and Principe,2014,4.90621048664867,24.41,196767.0,,106.902000427246,11.435
Sao Tome and Principe,2015,1.5397042826735,25.82,200291.0,,107.803779602051,10.594
Sao Tome and Principe,2016,5.17682468684113,28.0,203689.0,,108.677742004395,9.686
Sao Tome and Principe,2017,4.11297966281954,32.6,206970.0,13.0,110.377998352051,8.808
Sao Tome and Principe,2018,4.37812808264972,38.0,210187.0,,,8.714
Sao Tome and Principe,2019,2.01431672129407,44.3,213392.0,,,8.831
Sao Tome and Principe,2020,2.62485949543812,51.5547,217435.0,,,9.686
Sao Tome and Principe,2021,1.89929891337832,61.5241,221961.0,,,9.6
Sao Tome and Principe,2022,0.168698492216564,61.5535,226305.0,,,8.992
Sao Tome and Principe,2023,0.372252775001456,61.4607,230871.0,,,9.071
Sao Tome and Principe,2024,0.900000598992492,,235536.0,,,9.17
Saudi Arabia,2000,4.71813422138024,2.21069,16177722.0,,,4.57
Saudi Arabia,2001,0.344593196175438,4.68105,17041397.0,,,4.618
Saudi Arabia,2002,-0.688390130317757,6.38471,17910910.0,,,5.265
Saudi Arabia,2003,8.76873381743964,8.00158,18786767.0,,,5.563
Saudi Arabia,2004,8.63100545880309,10.2345,19669480.0,,,5.822
Saudi Arabia,2005,5.94489623934835,12.705,20559890.0,,115.50853729248,6.051
Saudi Arabia,2006,3.31348473625901,19.4596,21459144.0,,,6.254
Saudi Arabia,2007,2.21365396372528,30.0,22368313.0,,120.881187438965,5.734
Saudi Arabia,2008,6.2379875365458,36.0,23287877.0,,123.49730682373,5.085
Saudi Arabia,2009,-1.06671711240203,38.0,24217654.0,,125.763481140137,5.377
Saudi Arabia,2010,5.0395150823517,41.0,23978487.0,,128.086135732352,5.55
Saudi Arabia,2011,11.7588568052005,47.5,25091867.0,,128.024230557425,5.77
Saudi Arabia,2012,5.76150732412802,54.0,26168861.0,,129.348001204547,5.622
Saudi Arabia,2013,2.94569990701297,60.5,27624004.0,,99.3784710993113,5.6
Saudi Arabia,2014,4.02464070584527,64.7137,28309273.0,,100.7677674866,5.877
Saudi Arabia,2015,4.65512316652699,69.6162,29816382.0,,101.594836340679,5.6
Saudi Arabia,2016,1.70407465765956,74.8793,30954198.0,,103.42068748908,5.6
Saudi Arabia,2017,1.18207993308526,94.1756,30977355.0,,106.381546527147,5.89
Saudi Arabia,2018,3.2269508901591,93.31,30196281.0,,105.80186450639,6.029
Saudi Arabia,2019,1.65156358885577,95.7247,30063799.0,,102.737519761619,5.636
Saudi Arabia,2020,-3.80476473038999,97.8623,31552510.0,,103.151902576284,7.66
Saudi Arabia,2021,6.51959698325419,100.0,30784383.0,,100.895579929087,6.621
Saudi Arabia,2022,12.0005874752929,100.0,32175224.0,,102.13902539092,5.589
Saudi Arabia,2023,0.542592439393161,100.0,33702731.0,,,4.008
Saudi Arabia,2024,1.80795515147298,100.0,35300280.0,,103.984471859469,3.896
Senegal,2000,3.88721095816793,0.403967,9968260.0,,68.4906311035156,2.668
Senegal,2001,4.31085146618369,0.983794,10212942.0,63.9,70.5668487548828,2.7
Senegal,2002,0.0686965747419066,1.00645,10466214.0,,71.6134872436523,2.828
Senegal,2003,5.59395094456143,2.10144,10721176.0,,75.9179763793945,2.794
Senegal,2004,4.64329393683312,4.38602,10975704.0,,78.7173461914062,2.788
Senegal,2005,4.31023852639633,4.78668,11235472.0,53.6,80.6679611206055,2.703
Senegal,2006,2.33077098330239,5.61174,11500094.0,,80.4989929199219,2.77
Senegal,2007,2.82711920133374,6.89,11770344.0,,83.9038162231445,2.808
Senegal,2008,3.70316906391386,7.12,12048959.0,,84.4092330932617,2.822
Senegal,2009,2.75210448455053,7.5,12337389.0,,84.0063171386719,2.814
Senegal,2010,3.39088925336209,8.0,12635413.0,,83.8549053927634,2.803
Senegal,2011,1.33409107961258,9.8,12958897.0,53.3,86.5724487304688,2.853
Senegal,2012,4.00299555090457,10.8,13310495.0,,86.4115600585938,3.888
Senegal,2013,2.41238527605579,13.1,13710849.0,,82.6985436490722,4.986
Senegal,2014,6.22407443790986,17.7,14152102.0,,83.6844563893552,5.841
Senegal,2015,6.36704365066983,21.7,14593331.0,,84.8970794677734,6.757
Senegal,2016,6.35606857181878,25.6648,15034521.0,,,4.455
Senegal,2017,7.4074861863013,29.6431,15475002.0,,,4.078
Senegal,2018,6.20924103389086,35.3,15914498.0,19.1,,3.455
Senegal,2019,4.61362809749708,43.4,16352922.0,,83.2568728212779,2.863
Senegal,2020,1.3420737726679,53.3088,16789219.0,,84.9031291477371,3.437
Senegal,2021,6.54400109964304,57.2554,17220867.0,17.9,84.0612276417736,3.44
Senegal,2022,3.85043193735768,59.2246,17651103.0,,84.2733198273584,2.837
Senegal,2023,4.2574308328029,60.6122,18077573.0,,85.4523658596434,2.8
Senegal,2024,6.89200740291385,,18501984.0,,85.3279669566335,2.992
Serbia,2000,6.05509225799881,,7516346.0,,103.58666229248,12.6
Serbia,2001,6.77851908946397,,7503433.0,,102.520851135254,12.8
Serbia,2002,6.54104819665429,,7500031.0,0.4,102.119522094727,13.8
Serbia,2003,4.55968951215699,,7480591.0,0.9,101.065238952637,15.2
Serbia,2004,6.68686771336695,23.5,7463157.0,1.2,101.55493927002,18.5
Serbia,2005,5.90349798339875,26.3,7440769.0,1.6,102.747093200684,20.85
Serbia,2006,3.90066385503751,27.2,7411569.0,0.9,101.839546203613,20.85
Serbia,2007,7.83207166337402,33.15,7381579.0,0.6,100.971687316895,18.06
Serbia,2008,5.16089277292242,35.6,7350222.0,0.3,100.629577636719,13.67
Serbia,2009,-3.14261046499367,38.1,7320807.0,0.6,97.6857986450195,16.116
Serbia,2010,1.61097266144839,40.9,7291436.0,0.3,95.8957595825195,19.204
Serbia,2011,0.0542724785839397,42.2,7236519.0,,101.493446350098,22.959
Serbia,2012,-0.443956029497713,48.1,7201497.0,7.1,100.571311950684,24.0
Serbia,2013,0.451578762944706,53.4504,7166553.0,7.8,100.895538330078,22.154
Serbia,2014,-1.80427024822048,62.0751,7131787.0,8.9,101.131156921387,19.223
Serbia,2015,1.29573851189748,65.317,7095383.0,8.4,101.342918395996,17.66
Serbia,2016,2.97519779211943,67.0568,7058322.0,8.1,100.571273803711,15.257
Serbia,2017,2.36339378690924,70.3308,7020858.0,6.6,100.312927246094,13.477
Serbia,2018,4.64935035491007,73.3607,6982604.0,4.2,100.301933288574,12.733
Serbia,2019,4.75020793899014,77.4168,6945235.0,2.7,99.6447067260742,10.395
Serbia,2020,-0.950023991851594,78.368,6899126.0,2.0,97.7058486938477,9.011
Serbia,2021,7.94905650472278,81.1659,6834326.0,1.7,96.8112564086914,9.843
Serbia,2022,2.63098644408841,83.5383,6664449.0,2.0,96.6279678344727,8.439
Serbia,2023,3.84747112784942,85.3575,6623183.0,,,8.268
Serbia,2024,3.87801279597191,87.6907,6587202.0,,,7.39
Seychelles,2000,4.25319834931828,7.39563,81131.0,,107.946586608887,
Seychelles,2001,-2.27116288552982,11.0151,81202.0,,104.698699951172,
Seychelles,2002,1.21283290259314,14.3042,83723.0,,102.47045135498,
Seychelles,2003,-5.88712848764477,14.5925,82781.0,,100.626457214355,
Seychelles,2004,-2.8504539768538,24.2721,82475.0,,95.1495666503906,
Seychelles,2005,9.0057617374238,25.4133,82858.0,,99.7831726074219,
Seychelles,2006,9.40612855732827,34.952,84600.0,0.6,99.4439468383789,
Seychelles,2007,8.87606645570879,38.38,85033.0,,101.430366516113,
Seychelles,2008,-2.72594626154864,40.44,86956.0,,102.68936920166,
Seychelles,2009,-2.47937594726137,,87298.0,,103.479721069336,
Seychelles,2010,4.50513204312067,41.0,89770.0,,111.253689208264,
Seychelles,2011,9.5097833517957,43.164,87441.0,,111.588809034908,
Seychelles,2012,3.1106784939243,47.076,88303.0,,113.471570161711,
Seychelles,2013,1.25373496242949,50.4,89949.0,1.6,113.371637503265,
Seychelles,2014,4.0636918123521,51.2547,91359.0,,118.250134192163,
Seychelles,2015,8.9140088750469,54.2596,93419.0,,119.9411921946,
Seychelles,2016,12.1175272453913,56.5147,94677.0,,126.219170403587,
Seychelles,2017,6.95416218794271,62.6,95843.0,,132.235879426397,
Seychelles,2018,4.93947272254312,69.2,96762.0,0.7,123.720432981425,
Seychelles,2019,5.5142920737342,76.6,97625.0,,119.315869786368,
Seychelles,2020,-11.7398608281732,84.8223,98462.0,,114.153661464586,
Seychelles,2021,0.552281631207279,87.3383,99258.0,,109.626103111937,
Seychelles,2022,12.7104688902836,87.0353,119878.0,,97.7654776547765,
Seychelles,2023,2.25925322283285,87.4009,119773.0,,97.1359174172655,
Seychelles,2024,3.46568066415341,,121354.0,,93.3800582885742,
Sierra Leone,2000,6.65272983472759,0.118254,4423611.0,,63.2500801086426,4.08
Sierra Leone,2001,-6.34545560352728,0.160264,4692716.0,,75.623893737793,4.154
Sierra Leone,2002,26.5241350273374,0.176199,4971435.0,,,3.903
Sierra Leone,2003,9.48363143113649,0.190173,5177687.0,72.4,,3.879
Sierra Leone,2004,6.47884594895865,0.203008,5355717.0,,,3.42
Sierra Leone,2005,4.35349989393626,0.215392,5501712.0,,,3.716
Sierra Leone,2006,4.28311049997396,0.227669,5624466.0,,,3.889
Sierra Leone,2007,3.74975804751641,0.239835,5749352.0,,,4.007
Sierra Leone,2008,3.68605969932123,0.25,5894722.0,,,4.128
Sierra Leone,2009,1.53080323958716,0.26,6055646.0,,,4.269
Sierra Leone,2010,6.35566595800495,0.58,6222714.0,,,4.413
Sierra Leone,2011,8.10065518714917,0.9,6387251.0,53.7,114.580513591833,4.54
Sierra Leone,2012,10.578331663387,2.5,6551080.0,,117.716124289972,4.552
Sierra Leone,2013,14.6633238075229,4.0,6714051.0,,119.788073464671,4.538
Sierra Leone,2014,-7.81501512457241,6.0573,6876385.0,,,4.678
Sierra Leone,2015,-4.36333262093788,6.34442,7037655.0,,120.700737828928,4.606
Sierra Leone,2016,6.43743652764257,11.7732,7205328.0,,123.03165757627,4.294
Sierra Leone,2017,3.20786087715987,13.2369,7379299.0,,126.863918148513,3.834
Sierra Leone,2018,2.8938564123677,14.4223,7554563.0,41.5,114.58023823864,3.192
Sierra Leone,2019,5.50270937378153,15.7137,7731991.0,,145.617495471991,3.203
Sierra Leone,2020,-1.2533490322766,17.1208,7912558.0,,142.792124647639,3.508
Sierra Leone,2021,5.8968527047094,18.6539,8094602.0,,157.709757576001,3.556
Sierra Leone,2022,5.3135546141915,19.2287,8276807.0,,163.173554667055,3.175
Sierra Leone,2023,5.7100218981806,20.635,8460512.0,,159.416853770084,3.153
Sierra Leone,2024,4.00000002570113,,8642022.0,,162.123997594776,3.126
Singapore,2000,9.03831632555163,36.0,4027887.0,,,3.7
Singapore,2001,-1.07086275100448,41.6704,4138012.0,,,3.76
Singapore,2002,3.92336076702013,47.0,4175950.0,,,5.65
Singapore,2003,4.54825542643229,53.8379,4114826.0,,,5.93
Singapore,2004,9.93998268434957,62.0,4166664.0,,,5.84
Singapore,2005,7.36632239250758,61.0,4265762.0,,,5.59
Singapore,2006,9.00676607871758,59.0,4401365.0,,,4.48
Singapore,2007,9.02151951268893,69.9,4588599.0,,,3.9
Singapore,2008,1.86348345462035,69.0,4839396.0,,,3.96
Singapore,2009,0.127953382778088,69.0,4987573.0,,,5.86
Singapore,2010,14.5197497108994,71.0,5076732.0,,,4.12
Singapore,2011,6.21493416858989,71.0,5183688.0,,,3.89
Singapore,2012,4.43549759378537,72.0,5312437.0,,,3.72
Singapore,2013,4.81763099120676,80.9021,5399162.0,,,3.86
Singapore,2014,3.93554027709007,79.0292,5469724.0,,,3.74
Singapore,2015,2.97679931634806,79.013,5535002.0,,,3.79
Singapore,2016,3.74757848792792,84.4523,5607283.0,,100.773205741627,4.08
Singapore,2017,4.47689915845876,84.4523,5612253.0,,100.626953870432,4.2
Singapore,2018,3.4519759658687,88.1656,5638676.0,,100.261866636903,3.613
Singapore,2019,1.30804118153127,88.9493,5703569.0,,100.692578354355,3.1
Singapore,2020,-3.81470885510713,92.0043,5685807.0,,100.53590938338,4.1
Singapore,2021,9.7568044629903,96.9247,5453566.0,,99.8746450408043,4.64
Singapore,2022,4.10800021897151,95.9539,5637022.0,,99.5780376637324,3.591
Singapore,2023,1.82140694115385,94.2852,5917648.0,,100.245139192048,3.444
Singapore,2024,4.38802362461865,94.3776,6036860.0,,,3.182
Sint Maarten (Dutch part),2000,,,30773.0,,,
Sint Maarten (Dutch part),2001,,,30726.0,,,
Sint Maarten (Dutch part),2002,,,30960.0,,,
Sint Maarten (Dutch part),2003,,,31327.0,,,
Sint Maarten (Dutch part),2004,,,31690.0,,,
Sint Maarten (Dutch part),2005,,,32057.0,,,
Sint Maarten (Dutch part),2006,,,32428.0,,,
Sint Maarten (Dutch part),2007,,,32791.0,,,
Sint Maarten (Dutch part),2008,,,33145.0,,,
Sint Maarten (Dutch part),2009,,,33491.0,,,
Sint Maarten (Dutch part),2010,3.19999269219366,,33794.0,,,
Sint Maarten (Dutch part),2011,4.60000341415395,,34267.0,,,
Sint Maarten (Dutch part),2012,1.39054456773131,,35023.0,,116.358325219085,
Sint Maarten (Dutch part),2013,1.30673103459678,,35854.0,,,
Sint Maarten (Dutch part),2014,1.58038221539113,,36672.0,,122.771285475793,
Sint Maarten (Dutch part),2015,0.105813149997005,,37471.0,,,
Sint Maarten (Dutch part),2016,0.96775836306881,,38249.0,,,
Sint Maarten (Dutch part),2017,-7.53521399882428,,38996.0,,,
Sint Maarten (Dutch part),2018,-6.85698299227944,,39712.0,,,
Sint Maarten (Dutch part),2019,10.9650009352392,,40385.0,,,
Sint Maarten (Dutch part),2020,-13.3167887221567,,41008.0,,,
Sint Maarten (Dutch part),2021,4.57759677933345,,41571.0,,,
Sint Maarten (Dutch part),2022,9.80000111145777,,42139.0,,,
Sint Maarten (Dutch part),2023,3.8,,42749.0,,135.070755004883,
Sint Maarten (Dutch part),2024,3.49999999999999,,43350.0,,,
Slovak Republic,2000,0.78922447792516,9.4268,5388720.0,,102.84538269043,18.546
Slovak Republic,2001,2.92516077248489,12.5283,5378867.0,,104.609687805176,19.148
Slovak Republic,2002,4.41725348271514,40.14,5376912.0,,104.180992126465,18.541
Slovak Republic,2003,4.85669851591319,43.04,5373374.0,,104.272399902344,17.549
Slovak Republic,2004,5.38949856996771,52.89,5372280.0,0.2,104.143577575684,18.206
Slovak Republic,2005,6.48493222274386,55.19,5372807.0,0.3,102.934013366699,16.276
Slovak Republic,2006,8.92568704770216,56.08,5373054.0,0.3,102.14640045166,13.395
Slovak Republic,2007,10.8186295074904,61.8,5374622.0,0.6,102.25048828125,11.16
Slovak Republic,2008,5.36337721231949,66.05,5379233.0,0.5,102.774559020996,9.514
Slovak Republic,2009,-5.50533790972226,70.0,5386406.0,0.6,102.228988647461,12.023
Slovak Republic,2010,6.79058159142423,75.71,5391428.0,0.6,101.638298034668,14.387
Slovak Republic,2011,2.56242473215553,74.44,5398384.0,0.6,100.502960205078,13.634
Slovak Republic,2012,1.56917104702706,76.71,5407579.0,0.5,99.1328735351562,13.966
Slovak Republic,2013,0.703323545247201,77.8826,5413393.0,0.4,98.6928482055664,14.226
Slovak Republic,2014,2.70795151449488,79.9843,5418649.0,0.9,98.5119476318359,11.536
Slovak Republic,2015,5.17687909722133,77.6347,5423801.0,0.8,98.3121109008789,11.492
Slovak Republic,2016,1.94781841524558,80.4759,5430798.0,1.5,97.6210403442383,9.679
Slovak Republic,2017,2.87473327453695,81.6257,5439232.0,0.6,98.2659530639648,8.142
Slovak Republic,2018,4.06211981896483,80.4489,5446771.0,0.5,97.0244369506836,6.544
Slovak Republic,2019,2.27589910019393,82.8537,5454147.0,0.2,97.9945983886719,5.761
Slovak Republic,2020,-2.58551241733207,89.9209,5458827.0,0.3,99.9172286987305,6.719
Slovak Republic,2021,5.6995926329251,88.9256,5447247.0,0.3,100.064170837402,6.894
Slovak Republic,2022,0.437359508569173,89.0677,5431752.0,0.7,100.326721191406,6.143
Slovak Republic,2023,2.16814911569574,87.2131,5426740.0,0.5,103.090553283691,5.84
Slovak Republic,2024,2.06167771773576,89.8251,5422069.0,,,5.234
Slovenia,2000,3.49791942086068,15.1103,1988925.0,,99.6168975830078,6.92
Slovenia,2001,2.82868479430465,30.1759,1992060.0,,102.646118164062,5.682
Slovenia,2002,3.28258371393918,27.8389,1994530.0,0.1,105.333992004395,5.922
Slovenia,2003,3.19503117236037,31.8548,1995733.0,0.0,110.09203338623,6.479
Slovenia,2004,4.54602214352336,40.81,1997012.0,0.1,96.6843719482422,6.012
Slovenia,2005,3.8541277114569,46.81,2000474.0,0.1,98.2098770141602,6.506
Slovenia,2006,5.90878130011174,54.01,2006868.0,0.1,100.249351501465,5.95
Slovenia,2007,7.1392312914716,56.74,2018122.0,0.0,96.4375076293945,4.818
Slovenia,2008,3.37223866114127,58.0,2021316.0,0.0,97.1056976318359,4.371
Slovenia,2009,-7.59058614046387,64.0,2039669.0,0.0,97.7083587646484,5.858
Slovenia,2010,1.11213719306735,70.0,2048583.0,0.0,98.0614013671875,7.236
Slovenia,2011,0.655438128379743,67.34,2052843.0,0.0,97.9861526489258,8.166
Slovenia,2012,-2.91553782040462,68.35,2057159.0,0.0,98.2142868041992,8.841
Slovenia,2013,-0.823776417691676,72.6756,2059953.0,0.0,98.6006774902344,10.103
Slovenia,2014,2.76283327639742,71.5863,2061980.0,0.0,98.5871734619141,9.668
Slovenia,2015,2.39330621338168,73.0987,2063531.0,0.0,98.381591796875,8.962
Slovenia,2016,3.03441486663654,75.4985,2065042.0,0.0,97.9815826416016,8.0
Slovenia,2017,5.17440215579958,78.8854,2066388.0,0.0,98.1781311035156,6.564
Slovenia,2018,4.37908347331195,79.75,2073894.0,0.0,99.4630966186523,5.108
Slovenia,2019,3.50525332381912,83.1084,2088385.0,0.0,99.8418197631836,4.446
Slovenia,2020,-4.08500094942896,86.6013,2102419.0,0.0,100.231536865234,4.971
Slovenia,2021,8.38965158187224,89.004,2108079.0,0.0,99.7762680053711,4.744
Slovenia,2022,2.69923874523828,88.9125,2112076.0,0.0,100.639137268066,4.011
Slovenia,2023,2.11259098460627,90.3779,2120461.0,0.0,100.884101867676,3.652
Slovenia,2024,1.59101479921402,90.7636,2126324.0,,,3.357
Solomon Islands,2000,-14.2769995911798,0.481297,440469.0,,80.1520233154297,2.45
Solomon Islands,2001,-7.9566061001623,0.468552,449125.0,,,2.642
Solomon Islands,2002,-2.79998288464989,0.50192,457671.0,,90.8631210327148,2.696
Solomon Islands,2003,6.52346685055139,0.55561,466154.0,,,2.29
Solomon Islands,2004,7.6832999660031,0.649673,474611.0,,,2.031
Solomon Islands,2005,7.35784193356017,0.844308,483080.0,62.2,98.3559722900391,1.885
Solomon Islands,2006,4.13828031825385,1.64635,491594.0,,104.057861328125,1.92
Solomon Islands,2007,3.63967242948135,2.0,500156.0,,105.483810424805,1.981
Solomon Islands,2008,6.22596954376191,3.0,508790.0,,,1.999
Solomon Islands,2009,2.86426790167438,4.0,518141.0,,,2.02
Solomon Islands,2010,9.70838816928725,5.0,532968.0,,114.760983533349,1.617
Solomon Islands,2011,7.42994961675907,6.0,552945.0,,114.164307756346,1.292
Solomon Islands,2012,2.46600138697883,6.9974,573606.0,40.3,110.128024198969,0.984
Solomon Islands,2013,5.23774017780327,8.0,594945.0,,110.310354621437,0.694
Solomon Islands,2014,1.18921747092358,9.0,616908.0,,108.983168803493,0.729
Solomon Islands,2015,1.67614615649777,10.0005,639415.0,,108.53733598305,0.735
Solomon Islands,2016,5.55473153366954,11.0009,662379.0,,108.672249064372,0.734
Solomon Islands,2017,3.07534803424636,15.1,685672.0,,106.573590544667,0.725
Solomon Islands,2018,2.74599542334096,20.9,709101.0,,100.189113095468,0.72
Solomon Islands,2019,1.74856655451832,26.3406,728147.0,,98.2067225777189,0.743
Solomon Islands,2020,-3.3811475409836,33.1974,744498.0,,89.6007986762942,0.864
Solomon Islands,2021,2.56434975416948,41.8392,762591.0,,,0.884
Solomon Islands,2022,2.40248143622522,42.094,781066.0,,,1.483
Solomon Islands,2023,2.65636186734713,42.4597,800005.0,,80.2544791015835,1.455
Solomon Islands,2024,2.53934191702432,,819198.0,,81.8445759596103,1.47
"Somalia, Fed. Rep.",2000,7.11031431136975,0.02,8838713.0,,,18.98
"Somalia, Fed. Rep.",2001,7.1103143114013,0.0790392,9198493.0,,,19.076
"Somalia, Fed. Rep.",2002,7.63026729322773,0.115614,9550063.0,,,19.077
"Somalia, Fed. Rep.",2003,7.63026729340328,0.376198,9909157.0,,,19.081
"Somalia, Fed. Rep.",2004,7.11031431133264,1.05345,10280998.0,,,18.992
"Somalia, Fed. Rep.",2005,7.1103143112443,1.07733,10644228.0,,,18.997
"Somalia, Fed. Rep.",2006,6.48637073270012,1.10022,10975502.0,,,19.002
"Somalia, Fed. Rep.",2007,6.69435192560807,1.12224,11322582.0,,22.7854194641113,18.981
"Somalia, Fed. Rep.",2008,6.69435192569863,1.14269,11663084.0,,,18.996
"Somalia, Fed. Rep.",2009,6.69435192561865,1.16061,11961201.0,,,19.013
"Somalia, Fed. Rep.",2010,6.69435192556303,,12261756.0,,,19.031
"Somalia, Fed. Rep.",2011,6.69435192563444,1.25,12348830.0,,,19.052
"Somalia, Fed. Rep.",2012,6.6943519255431,1.3767,12461160.0,,,19.105
"Somalia, Fed. Rep.",2013,10.9592986164743,1.5,12869594.0,,,19.013
"Somalia, Fed. Rep.",2014,8.97800590573239,1.63,13339491.0,,,18.861
"Somalia, Fed. Rep.",2015,10.4621881235165,1.76,13806963.0,,,18.597
"Somalia, Fed. Rep.",2016,7.03487260042056,1.88,14348740.0,,,18.578
"Somalia, Fed. Rep.",2017,14.7357956045283,2.00405,14916629.0,,,18.523
"Somalia, Fed. Rep.",2018,2.05431507259436,,15452487.0,,,18.738
"Somalia, Fed. Rep.",2019,2.8243133654528,,16030971.0,,,18.828
"Somalia, Fed. Rep.",2020,-2.75248103928239,15.0237,16651191.0,,,19.413
"Somalia, Fed. Rep.",2021,3.45822792939046,,17271431.0,,,19.662
"Somalia, Fed. Rep.",2022,2.72711429582147,27.6,17801897.0,,,19.05
"Somalia, Fed. Rep.",2023,4.21638432610854,,18358615.0,,20.9155502319336,18.941
"Somalia, Fed. Rep.",2024,3.97232080866033,,19009151.0,,,18.861
South Africa,2000,4.20000000067826,5.34856,47159719.0,47.9,92.5673980712891,22.714
South Africa,2001,2.70000000019104,6.34662,47566800.0,,93.3558502197266,22.605
South Africa,2002,3.70037440406668,6.71032,48019415.0,,95.7393798828125,22.547
South Africa,2003,2.94907546754213,7.00769,48500348.0,,96.9286880493164,22.629
South Africa,2004,4.55455990721774,8.42512,48991421.0,,97.8168182373047,22.538
South Africa,2005,5.27705197295467,7.48854,49490033.0,42.1,97.5326766967773,22.461
South Africa,2006,5.60380645895889,7.60714,49998277.0,,98.6235504150391,22.324
South Africa,2007,5.36047405394162,8.06538,50528584.0,,101.155158996582,22.287
South Africa,2008,3.1910438863288,8.43,51114599.0,30.3,102.36882019043,22.407
South Africa,2009,-1.53808913525583,10.0,51728516.0,,102.598709106445,23.523
South Africa,2010,3.03973288127956,24.0,52344051.0,29.5,103.439766353826,24.683
South Africa,2011,3.16855627858818,33.97,52995205.0,,104.046046582293,24.639
South Africa,2012,2.39623238465745,41.0,53782567.0,,104.707209964618,24.727
South Africa,2013,2.48546800826588,46.5,54678791.0,,104.091085183075,24.561
South Africa,2014,1.41382645223793,49.0,55594838.0,31.2,104.198023633162,24.89
South Africa,2015,1.32186223678229,51.9191,56723537.0,,107.31211891045,25.149
South Africa,2016,0.664552307858116,54.0,57259551.0,,103.418217474354,26.536
South Africa,2017,1.15794695181735,56.1674,57635162.0,,101.580084478322,27.035
South Africa,2018,1.55678384721676,62.4,58613001.0,,100.424313489355,26.906
South Africa,2019,0.25993557687633,69.6969,59587885.0,,101.120463910543,28.468
South Africa,2020,-6.1689177146757,72.1128,60562381.0,,101.300342707463,29.217
South Africa,2021,4.95503259440756,74.9686,61502603.0,,101.741377795018,34.007
South Africa,2022,1.91147996033504,75.4556,62378410.0,,102.402386766287,33.268
South Africa,2023,0.698485193724835,75.6592,63212384.0,,101.772235793474,32.098
South Africa,2024,0.579853692303914,,64007187.0,,,33.168
South Sudan,2000,,,6032267.0,,,12.325
South Sudan,2001,,,6308391.0,,,12.286
South Sudan,2002,,,6596806.0,,,12.234
South Sudan,2003,,,6903127.0,,,12.232
South Sudan,2004,,,7233041.0,,,12.256
South Sudan,2005,,,7590143.0,,,12.266
South Sudan,2006,,,7976526.0,,,12.267
South Sudan,2007,,,8388788.0,,,12.262
South Sudan,2008,,,8817647.0,,,12.298
South Sudan,2009,5.04164187983342,,9243556.0,44.9,,12.463
South Sudan,2010,5.49341639529945,,9745953.0,,,12.503
South Sudan,2011,-4.64031673600859,,10288109.0,,90.4091110229492,12.635
South Sudan,2012,-46.0821223743007,,10756240.0,,,12.896
South Sudan,2013,13.1297311406943,2.2,11166275.0,,,12.727
South Sudan,2014,3.37364847715736,2.6,11235073.0,,,12.602
South Sudan,2015,-10.7933646271143,3.0,11107561.0,,70.3178024291992,12.485
South Sudan,2016,,3.5,10830102.0,76.5,,12.955
South Sudan,2017,,4.1,10259154.0,,,13.111
South Sudan,2018,,4.8,10122977.0,,,12.952
South Sudan,2019,,6.7,10423384.0,,,12.709
South Sudan,2020,,9.27123,10698467.0,,,14.319
South Sudan,2021,,,10865780.0,,,14.029
South Sudan,2022,,,11021177.0,,,12.545
South Sudan,2023,,,11483374.0,,,12.477
South Sudan,2024,,,11943408.0,,98.4412384033203,
Spain,2000,5.20064125553942,13.625,40567864.0,0.9,104.224510192871,13.785
Spain,2001,3.91908880808811,18.1487,40850412.0,,104.563087463379,10.348
Spain,2002,2.75545611564098,20.39,41431558.0,,105.450859069824,11.146
Spain,2003,2.9392895953076,39.93,42187645.0,0.9,105.158348083496,11.283
Spain,2004,3.1145314799161,44.01,42921895.0,1.0,105.000923156738,11.09
Spain,2005,3.5512255846125,47.88,43653155.0,0.9,104.357879638672,9.146
Spain,2006,4.04343515605099,50.37,44397319.0,0.9,103.610877990723,8.452
Spain,2007,3.53350013165972,55.11,45226803.0,0.6,103.025680541992,8.232
Spain,2008,0.767165748290694,59.6,45954106.0,0.6,102.449981689453,11.254
Spain,2009,-3.76813306940053,62.4,46362946.0,0.9,102.095718383789,17.857
Spain,2010,0.0941223116369514,65.8,46576897.0,0.7,101.211227416992,19.86
Spain,2011,-0.639920636520344,67.09,46742697.0,1.3,100.813041687012,21.39
Spain,2012,-2.86511368637748,69.81,46773055.0,1.0,100.473442077637,24.789
Spain,2013,-1.42732224757626,71.635,46604197.0,1.3,103.107582092285,26.094
Spain,2014,1.52048593647231,76.1867,46460733.0,0.9,102.538467407227,24.441
Spain,2015,4.06086672473866,78.6896,46422303.0,1.1,102.144233703613,22.057
Spain,2016,2.91515598595787,80.5613,46458139.0,1.3,102.130096435547,19.635
Spain,2017,2.89604207865007,84.6022,46571232.0,0.8,102.50511932373,17.224
Spain,2018,2.39541124478878,86.1072,46782011.0,1.0,102.638717651367,15.255
Spain,2019,1.96117850841711,90.7187,47118501.0,0.9,103.185317993164,14.104
Spain,2020,-10.9400706350371,93.2056,47359424.0,1.1,103.410423278809,15.532
Spain,2021,6.68314420473001,93.8975,47443821.0,0.7,102.899139404297,14.781
Spain,2022,6.17931219966114,94.4855,47786102.0,0.8,102.445991516113,12.917
Spain,2023,2.6756634629066,95.4456,48347910.0,0.8,103.002769470215,12.179
Spain,2024,3.15019564517223,95.7575,48807137.0,,,11.394
Sri Lanka,2000,6.00003315828934,0.64741,19293054.0,,,7.74
Sri Lanka,2001,-1.54540813366026,0.793822,19600362.0,,102.919822692871,7.9
Sri Lanka,2002,3.96467568513113,1.05042,19805752.0,20.7,100.614151000977,8.76
Sri Lanka,2003,5.9402690780223,1.45858,19951521.0,,97.2239837646484,8.22
Sri Lanka,2004,5.44506127885352,1.44616,20087605.0,,92.1975326538086,8.38
Sri Lanka,2005,6.24174804376447,1.79205,20216524.0,,94.2228393554688,7.67
Sri Lanka,2006,7.66829190107919,2.53757,20352411.0,12.2,94.2331619262695,6.5
Sri Lanka,2007,6.79682611892866,3.88,20492545.0,,94.312141418457,5.97
Sri Lanka,2008,5.95008814473897,,20629378.0,,94.1940231323242,5.22
Sri Lanka,2009,3.53891205317842,,20756435.0,7.8,92.6846313476562,5.85
Sri Lanka,2010,8.01596737040464,,20879089.0,,97.4528586032738,4.784
Sri Lanka,2011,8.66948301160571,,21009048.0,,97.2173193437696,4.118
Sri Lanka,2012,8.63218138024038,,21169458.0,6.4,97.1213977626125,3.88
Sri Lanka,2013,4.05174632926911,,20585000.0,,97.2127527169757,4.186
Sri Lanka,2014,6.37797889289399,10.5,20778000.0,,97.433058484166,4.157
Sri Lanka,2015,4.20595547677647,15.26,20970000.0,,97.4508545353363,4.519
Sri Lanka,2016,5.05362488994436,22.19,21209000.0,3.8,96.9411621819868,4.242
Sri Lanka,2017,6.46068127065753,25.1,21453000.0,,96.6249037351597,4.046
Sri Lanka,2018,2.31008425545845,28.3,21670000.0,,95.9343814573526,4.318
Sri Lanka,2019,-0.220483886831275,32.0,21803000.0,2.7,95.4735034890634,4.67
Sri Lanka,2020,-4.62451503749502,36.1847,21919000.0,,95.2338733103182,5.364
Sri Lanka,2021,4.2074764951157,44.4531,22156000.0,,94.459178502415,4.981
Sri Lanka,2022,-7.34919301306745,48.3,22181000.0,,92.9846466705678,4.528
Sri Lanka,2023,-2.3298481898334,51.2,22037000.0,,91.4511421235026,5.997
Sri Lanka,2024,5.00871930957159,,21916000.0,,,4.996
St. Kitts and Nevis,2000,10.042808415173,5.86281,45248.0,,111.089706420898,
St. Kitts and Nevis,2001,5.25344983010886,7.71473,45761.0,,109.219512939453,
St. Kitts and Nevis,2002,1.36771507253633,21.1524,46020.0,,106.870231628418,
St. Kitts and Nevis,2003,-3.93339486032939,22.9698,46176.0,,108.583549499512,
St. Kitts and Nevis,2004,3.99634666125431,24.7377,46315.0,,109.938102722168,
St. Kitts and Nevis,2005,9.73282070298016,34.0,46437.0,,109.709739685059,
St. Kitts and Nevis,2006,3.15038119968223,38.5,46569.0,,,
St. Kitts and Nevis,2007,0.600602326543751,43.5,46706.0,,108.432891845703,
St. Kitts and Nevis,2008,11.3170358267109,49.2,46835.0,,116.000717163086,
St. Kitts and Nevis,2009,-3.40474015376245,55.7,46916.0,,116.262847900391,
St. Kitts and Nevis,2010,-0.0541942065330545,63.0,46846.0,,118.555717468262,
St. Kitts and Nevis,2011,1.61660730423688,63.2,46886.0,,117.532852172852,
St. Kitts and Nevis,2012,-0.737636737448398,64.0,47033.0,,116.379661560059,
St. Kitts and Nevis,2013,5.72728087234704,64.6,47069.0,,114.317863464355,
St. Kitts and Nevis,2014,7.57696602328922,65.4,47089.0,,114.983367919922,
St. Kitts and Nevis,2015,0.694135527876625,66.2,47087.0,,117.220672607422,
St. Kitts and Nevis,2016,3.93270319273282,67.0,47075.0,,125.304527282715,
St. Kitts and Nevis,2017,0.220941147299996,67.8,47050.0,,124.003707136237,
St. Kitts and Nevis,2018,2.00352549800972,68.6,47008.0,,130.084546735557,
St. Kitts and Nevis,2019,2.93824658056356,69.4,46952.0,,129.53181272509,
St. Kitts and Nevis,2020,-15.3018891740649,70.2753,46870.0,,129.318854886476,
St. Kitts and Nevis,2021,0.367606879216311,74.3716,46763.0,,138.731674194336,
St. Kitts and Nevis,2022,10.3424040546025,75.5566,46709.0,,127.689992475545,
St. Kitts and Nevis,2023,4.32855771559805,76.4208,46758.0,,121.118748518606,
St. Kitts and Nevis,2024,1.1664402290746,,46843.0,,,
St. Lucia,2000,0.0487485535201131,5.09048,158616.0,,103.179191589355,16.49
St. Lucia,2001,-3.40806396189404,8.18186,160237.0,,105.756622314453,18.546
St. Lucia,2002,0.416450493043214,14.6418,161641.0,,104.274787902832,20.39
St. Lucia,2003,4.26461148738223,20.9825,162976.0,,103.556831359863,22.18
St. Lucia,2004,7.2674088699471,21.3952,164239.0,,101.370269775391,20.97
St. Lucia,2005,-0.410304726290235,21.5676,165450.0,,100.855690002441,18.7
St. Lucia,2006,6.19525729141048,24.5,166639.0,,104.720840454102,16.0
St. Lucia,2007,1.69161857433913,27.9,167758.0,,98.5636901855469,14.0
St. Lucia,2008,4.94932194028057,30.0,168808.0,,97.6221618652344,12.72
St. Lucia,2009,-2.82889954830628,31.0,169869.0,,98.1285171508789,15.37
St. Lucia,2010,0.330018546071486,32.5,170906.0,,98.3890533447266,17.12
St. Lucia,2011,4.32694280532142,34.0,171801.0,,97.876091003418,18.86
St. Lucia,2012,-0.108756148262358,45.865,172587.0,,96.9173278808594,19.06
St. Lucia,2013,-1.81877603735991,49.4,173369.0,,97.3613510131836,22.21
St. Lucia,2014,1.32809022110105,53.2,174138.0,,96.8783264160156,21.597
St. Lucia,2015,0.101917836412952,57.3,174905.0,0.1,95.2710037231445,20.858
St. Lucia,2016,3.42787214525211,58.2226,175646.0,,94.9370727539062,19.933
St. Lucia,2017,3.37982617272246,59.1601,176342.0,,95.5083618164062,19.136
St. Lucia,2018,2.88677902171601,60.1126,177017.0,,96.8281097412109,19.329
St. Lucia,2019,-0.700322396299441,61.0805,177661.0,,97.7209014892578,15.613
St. Lucia,2020,-24.3614732129122,62.064,178250.0,,98.4292526245117,25.224
St. Lucia,2021,11.598783583643,63.0633,178522.0,,,20.514
St. Lucia,2022,20.3884431828414,65.3544,178781.0,,102.964202074272,15.934
St. Lucia,2023,2.20988276526516,70.0834,179285.0,,101.370978688747,11.092
St. Lucia,2024,3.89175024218898,,179744.0,,96.7822958387075,10.928
St. Martin (French part),2000,,,29996.0,,,
St. Martin (French part),2001,,,30803.0,,,
St. Martin (French part),2002,,,31604.0,,,
St. Martin (French part),2003,,,32395.0,,,
St. Martin (French part),2004,,,33171.0,,,
St. Martin (French part),2005,,,33928.0,,,
St. Martin (French part),2006,,,34658.0,,,
St. Martin (French part),2007,,,35337.0,,,
St. Martin (French part),2008,,,35958.0,,,
St. Martin (French part),2009,,,36502.0,,,
St. Martin (French part),2010,,,36856.0,,,
St. Martin (French part),2011,,,37069.0,,,
St. Martin (French part),2012,,,37276.0,,,
St. Martin (French part),2013,,,37419.0,,,
St. Martin (French part),2014,,,37450.0,,,
St. Martin (French part),2015,1.0,,37369.0,,,
St. Martin (French part),2016,5.0,,37175.0,,,
St. Martin (French part),2017,-8.00000324038295,,36837.0,,,
St. Martin (French part),2018,-7.99999506898229,,36012.0,,,
St. Martin (French part),2019,6.50000363700821,,34267.0,,,
St. Martin (French part),2020,-12.500002246731,,31786.0,,,
St. Martin (French part),2021,4.89999967133534,,29961.0,,,
St. Martin (French part),2022,,,28870.0,,,
St. Martin (French part),2023,,,27515.0,,,
St. Martin (French part),2024,,,26129.0,,,
St. Vincent and the Grenadines,2000,1.63903190394467,3.24504,113545.0,,114.669143676758,20.794
St. Vincent and the Grenadines,2001,1.74823102028898,5.09481,113501.0,,114.241172790527,21.1
St. Vincent and the Grenadines,2002,5.34212707436718,5.54959,113347.0,,110.481407165527,20.617
St. Vincent and the Grenadines,2003,6.69133665352797,6.46227,113141.0,,115.844787597656,19.967
St. Vincent and the Grenadines,2004,4.11469880444737,7.37117,112835.0,,110.721046447754,19.523
St. Vincent and the Grenadines,2005,2.48855733938132,9.19828,112450.0,,113.448951721191,19.449
St. Vincent and the Grenadines,2006,6.99692626758825,12.0,112014.0,,,19.15
St. Vincent and the Grenadines,2007,3.3229685982929,16.0,111531.0,,107.057403564453,18.927
St. Vincent and the Grenadines,2008,0.404640808638888,21.0,111028.0,,107.748870849609,18.79
St. Vincent and the Grenadines,2009,-1.3781936056056,31.0,110508.0,,106.775047302246,19.386
St. Vincent and the Grenadines,2010,-4.47046793507802,33.7,109959.0,,106.8388671875,19.966
St. Vincent and the Grenadines,2011,-0.60627665148327,36.7,109349.0,,102.390617370605,20.049
St. Vincent and the Grenadines,2012,1.16911218376478,40.0,108736.0,,109.272888183594,19.867
St. Vincent and the Grenadines,2013,2.4624841721544,43.5,108135.0,,110.921836853027,19.367
St. Vincent and the Grenadines,2014,1.25025436927181,47.4,107535.0,,112.041053771973,19.249
St. Vincent and the Grenadines,2015,2.78316119435202,49.4,106960.0,,113.448799133301,19.141
St. Vincent and the Grenadines,2016,4.14593168183934,51.5,106349.0,,113.28003692627,19.028
St. Vincent and the Grenadines,2017,1.44883063367161,53.7,105663.0,,113.043479919434,19.006
St. Vincent and the Grenadines,2018,3.1756114423991,56.0,104926.0,,115.155746459961,18.984
St. Vincent and the Grenadines,2019,0.668428481084234,59.5763,104167.0,,,19.235
St. Vincent and the Grenadines,2020,-4.26892434422649,63.381,103526.0,,,20.636
St. Vincent and the Grenadines,2021,2.09340124465459,67.4287,102841.0,,,20.341
St. Vincent and the Grenadines,2022,3.1108330034352,71.7226,102046.0,,,19.417
St. Vincent and the Grenadines,2023,5.32636472098717,75.9927,101323.0,,111.270698547363,18.574
St. Vincent and the Grenadines,2024,4.06183490050209,,100616.0,,,18.056
Sudan,2000,6.34586743997545,0.025785,27816745.0,,,15.608
Sudan,2001,6.50036053396883,0.140185,28516770.0,,54.9207382202148,15.568
Sudan,2002,6.0064715363132,0.439478,29228727.0,,55.170108795166,15.514
Sudan,2003,6.28880816146516,0.538472,29896035.0,,56.535831451416,15.515
Sudan,2004,5.14088851762675,0.791562,30556637.0,,58.0592002868652,15.539
Sudan,2005,5.64351551343631,1.29204,31262444.0,,59.3962097167969,15.546
Sudan,2006,6.5314117467792,,31992435.0,,63.7515182495117,15.542
Sudan,2007,5.73527423664484,8.66,32764135.0,,63.5354995727539,15.531
Sudan,2008,3.84674473121058,,33623980.0,,68.9424591064453,15.566
Sudan,2009,-2.76770436599138,,34569113.0,13.1,68.2343368530273,13.0
Sudan,2010,3.85824195230107,,35414399.0,,67.3397827148438,15.161
Sudan,2011,-3.21353209253371,,36140806.0,,64.9761810302734,17.44
Sudan,2012,-17.0046884048945,,36923178.0,,66.0605392456055,17.002
Sudan,2013,1.95514463302422,,37785849.0,,66.95703125,16.3
Sudan,2014,4.66137954229873,,38823318.0,10.1,67.05712890625,15.411
Sudan,2015,1.91017689052751,,40024431.0,,67.6649703979492,14.347
Sudan,2016,3.46764218409288,14.1,41259892.0,,69.8550796508789,13.606
Sudan,2017,0.70925628476644,18.6,42714306.0,,70.3664779663086,12.953
Sudan,2018,-2.6809305497999,24.6,44230596.0,,72.0317687988281,12.303
Sudan,2019,-2.17825104530091,25.9,45548175.0,,72.3981094360352,11.658
Sudan,2020,-3.62980082410752,26.4383,46789231.0,,,11.958
Sudan,2021,-1.8685204827207,,48066924.0,,,11.044
Sudan,2022,-0.957816591119183,,49383346.0,,,7.53
Sudan,2023,-29.4332718325149,,50042791.0,,,
Sudan,2024,-13.4932920592869,,50448963.0,,,
Suriname,2000,2.09999886750489,2.50641,476643.0,,,12.983
Suriname,2001,4.20000042083539,3.06445,486560.0,,107.133178710938,12.148
Suriname,2002,2.80000068850687,4.16157,496551.0,,106.396446228027,11.243
Suriname,2003,6.29999943314137,4.71988,506414.0,,,10.359
Suriname,2004,8.50000018479413,6.07605,513923.0,,,9.49
Suriname,2005,4.50000021086888,6.40309,519313.0,,104.257690429688,9.263
Suriname,2006,5.79354358463304,9.49963,524997.0,,102.543380737305,9.096
Suriname,2007,5.11148777773458,14.11,531016.0,,98.4763565063477,9.004
Suriname,2008,4.14340681165626,21.06,537245.0,,103.520378112793,8.831
Suriname,2009,3.01369898266211,31.36,543568.0,,104.568260192871,8.72
Suriname,2010,5.16882515225814,31.59,549923.0,,102.471636358299,7.15
Suriname,2011,5.84936767173009,32.0,556269.0,,101.072891797094,7.54
Suriname,2012,2.69034974668847,34.6812,562633.0,,102.775590258689,8.1
Suriname,2013,2.9334416518612,37.4,569020.0,,105.284141540527,6.6
Suriname,2014,0.255503031645475,40.08,575373.0,,106.412658691406,6.94
Suriname,2015,-3.41304268067621,42.7638,581627.0,,109.042251586914,7.22
Suriname,2016,-4.91166050905851,45.4,587757.0,,107.464701154132,7.917
Suriname,2017,1.56603782534897,48.9452,593713.0,,102.176248921713,7.888
Suriname,2018,4.94827108468886,55.1,599513.0,,100.726147342995,7.693
Suriname,2019,1.16758977233877,62.0,605768.0,,101.246120001205,7.556
Suriname,2020,-15.9751917148622,69.8369,612317.0,,102.277236938477,8.76
Suriname,2021,-2.43538583612838,76.572,617896.0,,94.8813212598899,8.491
Suriname,2022,2.40622235601218,77.6494,623164.0,2.2,95.2972632875249,8.16
Suriname,2023,2.53956675446825,78.3958,628886.0,,64.1794204711914,7.631
Suriname,2024,2.83958602846054,,634431.0,,,7.325
Sweden,2000,4.63111600378974,45.6877,8872109.0,0.2,106.774490356445,5.466
Sweden,2001,1.36076692513873,51.7657,8895960.0,0.2,106.826759338379,4.73
Sweden,2002,2.27767113062968,70.57,8924958.0,0.0,107.147102355957,4.965
Sweden,2003,1.88094411817545,79.13,8958229.0,0.4,107.762382507324,5.555
Sweden,2004,4.17953040762463,83.89,8993531.0,0.5,100.143241882324,6.693
Sweden,2005,2.79317686019922,84.83,9029572.0,1.1,100.282669067383,7.81
Sweden,2006,4.67599870313569,87.76,9080505.0,0.4,100.304191589355,7.066
Sweden,2007,3.22491132428186,82.01,9148092.0,0.5,100.05542755127,6.161
Sweden,2008,-0.923123085602214,90.0,9219637.0,0.7,100.137687683105,6.235
Sweden,2009,-4.25557374472815,91.0,9298515.0,0.5,99.485237121582,8.351
Sweden,2010,5.75073583944071,90.0,9378126.0,0.6,99.1634674072266,8.61
Sweden,2011,3.16391049665788,92.77,9449213.0,0.7,97.7859420776367,7.804
Sweden,2012,-0.414465736835979,93.18,9519374.0,0.5,99.5537185668945,7.976
Sweden,2013,1.13771650768102,94.7836,9600379.0,0.7,118.135437011719,8.052
Sweden,2014,2.29576379216599,92.5236,9696110.0,0.5,118.02986907959,7.954
Sweden,2015,4.41014068702994,90.6102,9799186.0,0.6,119.62419128418,7.432
Sweden,2016,2.34974080709026,89.6509,9923085.0,0.4,121.448799133301,6.99
Sweden,2017,1.8251560179849,93.0063,10057698.0,0.3,122.896057128906,6.718
Sweden,2018,1.90296457254834,89.247,10175214.0,0.9,123.754661560059,6.365
Sweden,2019,2.54964787203104,94.4934,10278887.0,0.4,120.596801757812,6.833
Sweden,2020,-2.0053375219518,94.5394,10353442.0,0.5,119.500106811523,8.291
Sweden,2021,5.93750858896414,94.6703,10415811.0,0.6,117.347633361816,8.722
Sweden,2022,1.45928849980044,95.0097,10486941.0,1.3,116.425392150879,7.392
Sweden,2023,-0.114161935397789,95.7033,10536632.0,0.8,115.019523620605,7.611
Sweden,2024,0.973832212948594,95.5293,10569709.0,,,8.528
Switzerland,2000,3.95871990780931,47.1,7184250.0,0.2,104.152786254883,2.658
Switzerland,2001,1.57566198688916,55.1,7229854.0,,103.606170654297,2.49
Switzerland,2002,-0.0732172569941127,61.4,7284753.0,0.0,104.001480102539,2.924
Switzerland,2003,-0.0323984255438887,65.1,7339001.0,,104.157531738281,4.117
Switzerland,2004,2.70170912949028,67.8,7389625.0,0.2,104.152870178223,4.316
Switzerland,2005,2.74969910618739,70.1,7437115.0,,103.919097900391,4.437
Switzerland,2006,4.0736284178369,75.7,7483934.0,0.1,104.123817443848,3.995
Switzerland,2007,3.91637577227581,77.2,7551117.0,0.1,103.956550598145,3.641
Switzerland,2008,2.8079835919566,79.2,7647675.0,0.1,104.087661743164,3.35
Switzerland,2009,-2.29737452570922,81.3,7743831.0,0.0,103.63484954834,4.109
Switzerland,2010,3.24339715656356,83.9,7824909.0,0.1,103.392906188965,4.808
Switzerland,2011,1.81310830459596,85.193,7912398.0,0.0,102.482177734375,4.409
Switzerland,2012,1.17925385250513,85.2,7996861.0,0.0,102.130638122559,4.491
Switzerland,2013,1.79214400716117,86.34,8089346.0,0.0,102.437759399414,4.747
Switzerland,2014,2.34988141500179,83.6173,8188649.0,0.0,102.470817565918,4.826
Switzerland,2015,1.64462750849488,87.4791,8282396.0,0.0,102.15592956543,4.801
Switzerland,2016,2.06868969039562,89.1347,8373338.0,0.0,101.902526855469,4.918
Switzerland,2017,1.36279965488859,89.6861,8451840.0,0.0,101.83332824707,4.797
Switzerland,2018,2.86044579439036,91.8,8514329.0,0.0,101.837242126465,4.713
Switzerland,2019,1.14198218965691,93.1461,8575280.0,0.0,101.593048095703,4.394
Switzerland,2020,-2.14173712008038,94.3499,8638167.0,0.1,101.731712341309,4.817
Switzerland,2021,5.55962020605844,95.5694,8704546.0,0.0,101.478240966797,5.013
Switzerland,2022,3.04406102969423,96.4528,8777088.0,0.2,101.363067626953,4.122
Switzerland,2023,0.683328174376044,97.3444,8888093.0,,102.282958984375,4.043
Switzerland,2024,1.30233332541106,,9034102.0,,,4.11
Syrian Arab Republic,2000,0.675642589410501,0.181699,16637888.0,,102.303161621094,9.587
Syrian Arab Republic,2001,1.04728710191981,0.353759,17051338.0,,103.400413513184,11.63
Syrian Arab Republic,2002,3.95483192702744,2.0931,17468332.0,,104.690322875977,10.94
Syrian Arab Republic,2003,7.20443505274413,3.39797,17889296.0,0.5,113.06861114502,10.28
Syrian Arab Republic,2004,6.90295943489203,4.32159,18336875.0,,114.180770874023,9.513
Syrian Arab Republic,2005,6.21507783539282,5.64811,18814091.0,,116.219108581543,8.809
Syrian Arab Republic,2006,5.04619555585526,7.83255,19637022.0,0.0,116.517631530762,8.17
Syrian Arab Republic,2007,5.67459177685805,11.5,20884125.0,,115.950576782227,8.42
Syrian Arab Republic,2008,4.47667273608019,14.0,21636564.0,,115.694946289062,10.94
Syrian Arab Republic,2009,5.91204279337705,17.3,21976969.0,0.0,115.827239990234,8.14
Syrian Arab Republic,2010,5.19190584075331,20.7,22482421.0,,116.733467102051,8.61
Syrian Arab Republic,2011,2.8500028435797,22.5,22878098.0,,119.229217529297,8.627
Syrian Arab Republic,2012,-26.3390170772532,24.3001,22759763.0,,120.19310760498,13.8
Syrian Arab Republic,2013,-26.3000876615061,26.2,21666917.0,,72.3519897460938,14.5
Syrian Arab Republic,2014,-10.310339909053,28.09,20273659.0,,,14.783
Syrian Arab Republic,2015,-4.179791613232,29.9798,19424618.0,,,14.243
Syrian Arab Republic,2016,-6.4055907393619,31.8696,19193834.0,,,13.795
Syrian Arab Republic,2017,-0.723281777470547,32.7,19224668.0,,,13.597
Syrian Arab Republic,2018,1.39317607830837,33.77,19577845.0,,,13.497
Syrian Arab Republic,2019,1.22070522070523,34.65,20353534.0,,,13.36
Syrian Arab Republic,2020,-0.697154504235129,,21049429.0,,70.3771514892578,15.191
Syrian Arab Republic,2021,1.85421590064124,,21628839.0,,68.5588684082031,14.877
Syrian Arab Republic,2022,0.732781301861365,,22462173.0,16.5,72.1296768188477,13.268
Syrian Arab Republic,2023,-1.20726420279644,,23594623.0,,76.7710494995117,13.187
Syrian Arab Republic,2024,,,24672760.0,,81.4114685058594,12.962
Tajikistan,2000,8.32432449473859,0.0485996,6284735.0,,96.7624206542969,4.15
Tajikistan,2001,9.58083617842951,0.0512591,6407377.0,,95.6842880249023,3.75
Tajikistan,2002,10.8000037591665,0.0554628,6531669.0,,96.3986206054688,3.95
Tajikistan,2003,10.9999990780572,0.0645838,6658575.0,56.0,97.4546966552734,3.85
Tajikistan,2004,10.2999989410117,0.0774799,6790547.0,37.2,96.8863906860352,3.616
Tajikistan,2005,6.69999851655409,0.29869,6924720.0,,97.2828369140625,3.375
Tajikistan,2006,7.00000321108996,3.77241,7057566.0,,96.9107971191406,3.13
Tajikistan,2007,7.80000011872161,7.19762,7194477.0,24.2,96.8137130737305,2.874
Tajikistan,2008,7.89999827154939,8.78,7338403.0,,99.660530090332,7.134
Tajikistan,2009,3.90000114826496,10.07,7490230.0,15.7,99.2148590087891,11.5
Tajikistan,2010,6.49999908585235,11.55,7652141.0,,99.0505828857422,11.542
Tajikistan,2011,7.40000059956711,13.03,7824785.0,,96.7038269042969,11.557
Tajikistan,2012,7.49999946321525,14.51,8014084.0,,92.8905410766602,11.444
Tajikistan,2013,7.39999974700379,16.0,8216724.0,,91.7747421264648,11.417
Tajikistan,2014,6.70000069016253,17.49,8425552.0,,90.3201599121094,11.439
Tajikistan,2015,6.01930331771186,18.98,8643840.0,13.3,91.2645874023438,11.485
Tajikistan,2016,6.89999999999999,20.47,8865631.0,,93.281982421875,11.5
Tajikistan,2017,7.10000041864309,21.96,9085946.0,,95.7704162597656,11.487
Tajikistan,2018,7.5999988895536,,9307333.0,,,11.437
Tajikistan,2019,7.40000016310556,,9529966.0,,,11.419
Tajikistan,2020,4.40000111553493,27.5441,9749310.0,,100.404687742152,12.321
Tajikistan,2021,9.39999955037523,49.8409,9966908.0,9.1,100.368730862382,12.333
Tajikistan,2022,8.00000033846364,53.1078,10182222.0,8.9,99.9668886016055,11.634
Tajikistan,2023,8.29999921651935,56.791,10389799.0,7.3,96.9759265270236,11.546
Tajikistan,2024,8.39999980983981,,10590927.0,6.1,95.7571411611065,11.635
Tanzania,2000,4.52078463603256,0.117194,34260139.0,86.9,69.492431640625,3.127
Tanzania,2001,6.07080828734129,0.1713,35198299.0,,75.7181167602539,2.994
Tanzania,2002,7.09319498355502,0.222484,36121304.0,,90.610237121582,3.024
Tanzania,2003,6.67278983053497,0.676963,37089555.0,,96.8610763549805,3.055
Tanzania,2004,7.50381465859829,0.877575,38109668.0,,101.592483520508,3.108
Tanzania,2005,7.47631925974784,1.1,39182076.0,,105.037376403809,3.194
Tanzania,2006,6.53222138847813,1.3,40294902.0,,107.455772399902,3.299
Tanzania,2007,6.76853520293716,1.6,41435512.0,61.9,108.751991271973,3.023
Tanzania,2008,5.68641685905224,1.9,42570728.0,,109.176727294922,2.774
Tanzania,2009,5.26910524873463,2.4,43633982.0,,103.463706970215,2.5
Tanzania,2010,6.33652342666889,2.9,44758488.0,,100.14820098877,3.029
Tanzania,2011,7.67215543486064,3.2,46029367.0,51.5,95.0884666333147,3.47
Tanzania,2012,4.50015356010131,3.95,47374260.0,,91.9735025482608,3.222
Tanzania,2013,6.78158560065316,4.4,48824128.0,,88.8300914467545,2.93
Tanzania,2014,6.73246186832483,7.0,50351512.0,,85.9364790514687,2.125
Tanzania,2015,6.16062877406682,10.0,52020962.0,,84.2207717895508,2.159
Tanzania,2016,6.86711619644551,13.5042,53824013.0,,85.2800976460579,2.23
Tanzania,2017,6.76227716834148,14.4634,55652890.0,,89.5967210005503,2.303
Tanzania,2018,5.46808181528009,15.4907,57437145.0,51.3,94.9840282240997,2.393
Tanzania,2019,5.79999999996723,16.5909,59174891.0,,97.6456520812412,2.496
Tanzania,2020,1.99196460647855,17.7693,60972798.0,,98.5753622403869,2.781
Tanzania,2021,4.32138429480482,19.0314,62830412.0,,98.6999541804178,2.821
Tanzania,2022,4.56600576430955,22.101,64711821.0,,90.6152672281358,2.588
Tanzania,2023,5.06952353203394,29.0638,66617606.0,,95.6409804093201,2.582
Tanzania,2024,5.5263138305945,,68560157.0,,92.6902654262381,2.576
Thailand,2000,4.45524704335014,3.68904,63007815.0,8.4,,2.389
Thailand,2001,3.44424900968372,5.55633,63651141.0,,95.3342666625977,2.6
Thailand,2002,6.14903605210036,7.53125,64266437.0,4.7,96.070182800293,1.82
Thailand,2003,7.18924330340971,9.29903,64868166.0,,,1.54
Thailand,2004,6.28934214285795,10.6773,65452047.0,3.1,97.9626998901367,1.51
Thailand,2005,4.18763842884337,15.026,66017420.0,,98.4672393798828,1.35
Thailand,2006,4.96781089246107,17.1607,66567687.0,2.2,98.4360427856445,1.22
Thailand,2007,5.43515169050809,20.03,67102394.0,1.3,97.8308029174805,1.18
Thailand,2008,1.72569884866334,18.2,67619830.0,1.0,96.5354995727539,1.18
Thailand,2009,-0.690618232300579,20.1,68121080.0,0.8,93.5188827514648,1.49
Thailand,2010,7.51339053261624,22.4,68579447.0,0.7,89.2488479614258,0.622
Thailand,2011,0.840132083053334,23.6699,69007208.0,0.3,95.6526031494141,0.66
Thailand,2012,7.24279620249642,26.46,69436098.0,0.4,96.4982681274414,0.58
Thailand,2013,2.68749556320556,28.94,69845114.0,0.2,97.1840591430664,0.249
Thailand,2014,0.984468863619426,34.8861,70216367.0,0.2,103.479377746582,0.576
Thailand,2015,3.13404724911635,39.3161,70540795.0,0.1,103.333457946777,0.597
Thailand,2016,3.43515771692182,47.505,70859841.0,0.1,104.941299438477,0.688
Thailand,2017,4.1776810321001,52.8919,71160187.0,0.1,101.863590810489,0.83
Thailand,2018,4.22287028746071,56.8175,71376079.0,0.1,102.013545184574,0.765
Thailand,2019,2.11455779628278,66.6524,71522271.0,0.1,103.012241063391,0.716
Thailand,2020,-6.05003846851622,77.8437,71641484.0,0.1,103.859900460568,1.099
Thailand,2021,1.55216608426647,85.2696,71727332.0,0.0,103.619796585158,1.215
Thailand,2022,2.58037874709827,87.9772,71735329.0,0.0,104.833004394528,0.94
Thailand,2023,2.01775095328327,89.5353,71702435.0,0.0,102.574975655738,0.733
Thailand,2024,2.52596175771495,90.8672,71668011.0,,101.004223573604,0.693
Timor-Leste,2000,58.0780959334582,,745088.0,,,3.477
Timor-Leste,2001,16.3513809203446,,812249.0,55.7,151.196975708008,3.363
Timor-Leste,2002,-6.70365182412642,0.0,879159.0,,138.640762329102,3.453
Timor-Leste,2003,-2.18226413236545,,916878.0,,129.396530151367,3.503
Timor-Leste,2004,0.400003981151968,,929074.0,,126.797088623047,3.656
Timor-Leste,2005,2.98457963807486,0.0990318,948311.0,,121.387603759766,3.563
Timor-Leste,2006,-4.11609268942114,0.5,976597.0,,,3.581
Timor-Leste,2007,10.2653884542201,1.0,1004889.0,60.1,,3.489
Timor-Leste,2008,11.3948048266465,1.5,1032429.0,,123.960227966309,3.413
Timor-Leste,2009,10.1469544183475,2.0,1058782.0,,125.8955078125,3.291
Timor-Leste,2010,9.33151176629212,3.0,1084679.0,,128.029085001864,3.301
Timor-Leste,2011,5.95853971210654,4.0,1110207.0,,130.796519519568,3.384
Timor-Leste,2012,4.86062186827468,7.0,1134885.0,,129.969976978814,3.468
Timor-Leste,2013,3.10436683211147,11.0,1158695.0,,128.884641566738,3.564
Timor-Leste,2014,4.47249846569638,17.5,1181903.0,43.9,127.791979258318,3.618
Timor-Leste,2015,2.48004040218397,18.6,1205131.0,,126.646454350675,3.678
Timor-Leste,2016,3.00993062553351,21.2,1228312.0,,123.315981015137,4.657
Timor-Leste,2017,-3.18241522489195,24.2,1251703.0,,117.545590260011,4.248
Timor-Leste,2018,0.000114754914861237,27.6,1275959.0,,113.613823069409,3.778
Timor-Leste,2019,23.4120135843883,28.0046,1300945.0,,111.537505941321,3.097
Timor-Leste,2020,31.961918565387,32.0127,1326053.0,,110.606703667428,2.782
Timor-Leste,2021,5.31553853667641,35.042,1350139.0,,123.584941487948,2.344
Timor-Leste,2022,-20.5415847471733,34.5102,1369295.0,,119.036719326581,1.537
Timor-Leste,2023,-18.1247909563732,34.0207,1384286.0,,119.652693100113,1.521
Timor-Leste,2024,-2.18912155633342,,1400638.0,,,1.603
Togo,2000,-0.783479610048047,0.8,5140037.0,,110.808746337891,4.174
Togo,2001,0.823438752111855,0.9,5277382.0,,112.105476379395,4.124
Togo,2002,3.82662257675142,1.0,5413274.0,,113.691993713379,4.104
Togo,2003,6.72017142336034,1.2,5552167.0,,111.294708251953,3.984
Togo,2004,-0.978665332738743,1.5,5696508.0,,110.338851928711,4.015
Togo,2005,-4.66629938413338,1.8,5844631.0,,109.478187561035,4.157
Togo,2006,2.65013209943473,2.0,6010668.0,67.2,113.06999206543,4.229
Togo,2007,-1.17512039224768,2.2,6188344.0,,107.236228942871,3.817
Togo,2008,4.03564527607485,2.4,6368812.0,,107.988212585449,3.283
Togo,2009,5.45382399262667,2.6,6551865.0,,121.990951538086,2.849
Togo,2010,5.85435269410561,3.0,6732590.0,,124.709514209282,2.383
Togo,2011,5.82325223658786,3.5,6916474.0,65.2,122.784071157596,1.982
Togo,2012,6.30269542069151,4.0,7100736.0,,125.758046516929,2.03
Togo,2013,5.8242658324455,4.5,7285442.0,,126.10501578594,2.085
Togo,2014,5.6332402182029,5.7,7472450.0,,122.304207926362,2.142
Togo,2015,5.46803129272737,7.12,7663195.0,61.5,125.602691931749,2.204
Togo,2016,4.21489560925825,11.31,7858289.0,,121.476913528699,2.968
Togo,2017,4.00813326162304,12.3602,8057140.0,,119.405694248485,3.744
Togo,2018,4.7950602703237,15.5,8258778.0,35.1,117.836324490464,2.898
Togo,2019,4.92292591685973,20.7273,8463068.0,,117.747746676497,2.036
Togo,2020,1.99215501870344,29.0237,8669720.0,,119.266830948762,2.225
Togo,2021,5.99087610392314,30.3384,8878379.0,34.4,116.971385859009,2.333
Togo,2022,5.75954251521733,35.5105,9089738.0,,118.42316752898,1.965
Togo,2023,6.40792215636242,37.0223,9304337.0,,116.335465545392,1.948
Togo,2024,5.30000531416641,,9515236.0,,114.272773524266,1.94
Tonga,2000,3.75409745006452,2.4344,102677.0,4.6,111.179916381836,4.12
Tonga,2001,1.49248125545273,2.82537,103288.0,,113.296531677246,4.48
Tonga,2002,4.4292235994526,2.9073,103874.0,,113.150756835938,4.838
Tonga,2003,0.0518054450729011,2.98582,104464.0,,117.967819213867,5.18
Tonga,2004,-1.96794740326561,3.95237,105071.0,,112.474533081055,3.942
Tonga,2005,-0.657650703495165,4.90778,105671.0,,111.582809448242,2.571
Tonga,2006,-2.16566342680382,5.85394,106253.0,,110.631492614746,1.09
Tonga,2007,-2.46430779100223,7.17987,106726.0,,110.225120544434,1.181
Tonga,2008,4.86284132376997,8.11077,107020.0,,112.813049316406,1.252
Tonga,2009,-5.12917819150532,10.0,107203.0,3.6,113.065528869629,1.407
Tonga,2010,0.824396914081831,16.0,107400.0,,113.930206298828,1.513
Tonga,2011,6.70369746238768,25.0,107570.0,,115.24356842041,1.602
Tonga,2012,0.919761024923076,30.0,107460.0,,117.420058635031,1.643
Tonga,2013,0.393922530137331,32.754,107078.0,,117.891068133671,1.754
Tonga,2014,1.99053769890816,35.9544,106609.0,,117.461517317207,1.92
Tonga,2015,1.11374402398066,38.6513,106095.0,4.0,117.3600552868,2.024
Tonga,2016,6.59869879417958,39.95,105524.0,,,2.046
Tonga,2017,3.20231976224244,46.2,105356.0,,,2.131
Tonga,2018,0.687546506680718,,105567.0,,116.087775982768,2.248
Tonga,2019,-0.208433391421963,,105669.0,,113.312034078807,2.157
Tonga,2020,1.78339589901164,,105704.0,,112.25483743583,2.699
Tonga,2021,0.362604273010447,57.5486,105490.0,0.4,107.017315453717,2.111
Tonga,2022,-2.3098644452046,57.7181,105042.0,,106.535737282679,2.302
Tonga,2023,2.08415583636545,58.5334,104597.0,,109.611591048228,2.262
Tonga,2024,,,104175.0,,108.789986091794,2.192
Trinidad and Tobago,2000,6.90135959072803,7.72141,1319774.0,,101.986701965332,12.1
Trinidad and Tobago,2001,4.16852398185424,15.3846,1325567.0,,97.9788208007812,10.88
Trinidad and Tobago,2002,7.93670968715332,21.9987,1332011.0,,92.7311096191406,10.39
Trinidad and Tobago,2003,14.4409895389734,25.9718,1338709.0,,95.7435531616211,10.48
Trinidad and Tobago,2004,7.95005151069972,27.0243,1345380.0,,96.1885528564453,8.33
Trinidad and Tobago,2005,6.20893787954175,28.9767,1294494.0,,93.3887710571289,7.95
Trinidad and Tobago,2006,13.2080586051735,30.0037,1297944.0,,,6.27
Trinidad and Tobago,2007,4.75420970092722,32.3,1303188.0,,97.8049774169922,5.54
Trinidad and Tobago,2008,3.39173707807387,34.8,1308587.0,,99.6391372680664,4.63
Trinidad and Tobago,2009,-4.3917292474614,44.3,1310106.0,,100.591651916504,5.28
Trinidad and Tobago,2010,3.32322471027371,48.5,1317714.0,,101.466957092285,4.033
Trinidad and Tobago,2011,-0.294354409043763,55.2,1328019.0,,,3.425
Trinidad and Tobago,2012,6.71008366322472,57.5,1335194.0,,,3.718
Trinidad and Tobago,2013,3.34460647540544,59.9,1340557.0,,,2.683
Trinidad and Tobago,2014,3.69536515083033,62.4,1345343.0,,,2.477
Trinidad and Tobago,2015,-0.564816953397482,65.1,1349667.0,,,2.428
Trinidad and Tobago,2016,-7.40345326597171,67.8,1353895.0,,,3.207
Trinidad and Tobago,2017,-4.81858890676506,70.6,1356633.0,,,3.394
Trinidad and Tobago,2018,-0.985525082864029,72.8,1359193.0,,,3.498
Trinidad and Tobago,2019,0.471813384187158,75.0,1363985.0,,,3.523
Trinidad and Tobago,2020,-8.90279446006656,77.2813,1366725.0,,,4.206
Trinidad and Tobago,2021,-0.911992866865646,84.3658,1367558.0,,,4.446
Trinidad and Tobago,2022,1.08222233950819,84.4957,1365805.0,,,4.383
Trinidad and Tobago,2023,1.42711339770401,84.6994,1367510.0,,99.1887588500977,4.21
Trinidad and Tobago,2024,1.65060334585279,,1368333.0,,,4.546
Tunisia,2000,4.7099729138049,2.75074,9764935.0,10.5,114.567306518555,14.94
Tunisia,2001,3.79627166202512,4.29797,9869677.0,,113.504600524902,14.4
Tunisia,2002,1.32255714828946,5.25289,9971515.0,,112.205703735352,14.55
Tunisia,2003,4.70239953285241,6.49085,10071632.0,,111.29524230957,14.51
Tunisia,2004,6.23579072222647,8.52882,10166163.0,,110.606986999512,14.23
Tunisia,2005,3.4865455430439,9.65509,10255472.0,5.9,109.876342773438,12.872
Tunisia,2006,5.24409983246916,12.9864,10346410.0,,107.92707824707,12.51
Tunisia,2007,6.70952097453554,17.1,10441702.0,,103.860992431641,12.365
Tunisia,2008,4.23778147502819,27.53,10542635.0,,102.377777099609,12.444
Tunisia,2009,3.04345012371552,34.07,10650681.0,,102.455841064453,13.29
Tunisia,2010,2.97113275066512,36.8,10765980.0,3.1,103.629150390625,13.049
Tunisia,2011,-2.04663389535644,39.1,10886035.0,,103.612007141113,18.334
Tunisia,2012,4.21667711535632,41.4416,11009647.0,,105.188629150391,17.63
Tunisia,2013,2.42993096446429,43.8,11141361.0,,106.021850585938,15.934
Tunisia,2014,3.09032803070775,46.16,11274288.0,,106.861503601074,14.259
Tunisia,2015,0.967703108220121,46.5,11402264.0,0.7,106.851280212402,15.159
Tunisia,2016,1.11742594891074,49.6,11528674.0,,106.044746398926,15.557
Tunisia,2017,2.23783867965943,55.5002,11650498.0,,105.552917480469,15.33
Tunisia,2018,2.62493010870395,64.1908,11765514.0,,105.109878540039,15.459
Tunisia,2019,1.58784665466504,66.7,11875081.0,,,17.153
Tunisia,2020,-9.01193412390238,68.5564,11974057.0,,103.975509643555,17.656
Tunisia,2021,4.7363207484732,68.3155,12048622.0,0.7,104.342628479004,16.611
Tunisia,2022,2.67331821840567,70.5532,12119334.0,,104.063652038574,15.3
Tunisia,2023,0.0391565674939329,72.3542,12200431.0,,104.424217224121,15.106
Tunisia,2024,1.35065253490181,,12277109.0,,,16.203
Turkiye,2000,6.93323970455904,3.76169,65425961.0,,105.348022460938,6.495
Turkiye,2001,-5.75000655464257,5.18948,66245128.0,,107.175216674805,8.381
Turkiye,2002,6.44772204681594,11.38,67048795.0,7.6,107.681411743164,10.358
Turkiye,2003,5.76320606654714,12.33,67831730.0,10.0,104.261337280273,10.542
Turkiye,2004,9.79593638920282,14.58,68592617.0,6.6,104.270729064941,10.838
Turkiye,2005,8.99230493626517,15.46,69329557.0,6.5,104.605560302734,10.636
Turkiye,2006,6.94798808571993,18.24,70045349.0,4.8,104.943740844727,10.227
Turkiye,2007,5.04350793157104,28.63,70158112.0,4.0,105.445426940918,10.285
Turkiye,2008,0.815024573007705,34.37,71051678.0,3.3,102.862808227539,10.965
Turkiye,2009,-4.82315395301769,36.4,72039206.0,3.0,101.92414855957,14.026
Turkiye,2010,8.42710432276191,39.82,73142150.0,2.8,104.570068359375,11.879
Turkiye,2011,11.2001105833504,43.0657,74223629.0,2.0,105.751289367676,9.789
Turkiye,2012,4.78849271108008,45.13,75175827.0,1.7,104.708396911621,9.21
Turkiye,2013,8.48581699653026,46.25,76147624.0,1.5,114.724349975586,9.713
Turkiye,2014,4.9397151613658,51.0374,77181884.0,1.0,111.935722351074,9.901
Turkiye,2015,6.08448690443663,53.745,78218479.0,1.3,107.29418182373,10.304
Turkiye,2016,3.32308420845746,58.3477,79277962.0,0.9,105.28328704834,10.899
Turkiye,2017,7.50199748917491,64.6846,80312698.0,1.1,97.4918975830078,10.919
Turkiye,2018,3.0131703931215,71.0428,81407204.0,1.0,100.931251525879,10.956
Turkiye,2019,0.818514526726673,73.9767,82579440.0,1.3,103.962959289551,13.73
Turkiye,2020,1.85987303976462,77.6696,83384680.0,1.1,103.296417236328,13.148
Turkiye,2021,11.4393956926566,81.4084,84147318.0,0.9,102.596397399902,11.969
Turkiye,2022,5.53342787492781,83.4372,84979913.0,0.5,102.487701416016,10.465
Turkiye,2023,5.11116818488702,85.9607,85325965.0,,,9.388
Turkiye,2024,3.18402435479221,87.3079,85518661.0,,,8.449
Turkmenistan,2000,5.46906413252854,0.133282,4582677.0,,,11.666
Turkmenistan,2001,4.34384571432727,0.17521,4675409.0,,,10.851
Turkmenistan,2002,0.257179925006284,0.302132,4769465.0,,,10.153
Turkmenistan,2003,3.26882855955344,0.425183,4863865.0,,,9.311
Turkmenistan,2004,5.00040743766748,0.754054,4958093.0,,,8.44
Turkmenistan,2005,13.034034870022,0.997257,5052257.0,,,7.485
Turkmenistan,2006,10.9733083254017,1.31957,5147105.0,,,6.58
Turkmenistan,2007,11.05929947045,1.40636,5244046.0,,,5.694
Turkmenistan,2008,14.7,1.75,5345029.0,,,4.835
Turkmenistan,2009,6.10000011485643,1.95,5451592.0,,,4.0
Turkmenistan,2010,9.19999998805483,3.0,5564356.0,,,4.0
Turkmenistan,2011,14.6999999278723,5.0,5683417.0,,,4.002
Turkmenistan,2012,11.0999999615545,7.1958,5808546.0,,,3.986
Turkmenistan,2013,10.200000101399,9.6,5939341.0,,,3.983
Turkmenistan,2014,10.2999999705459,12.2,6075283.0,,,4.0
Turkmenistan,2015,6.49999990951666,14.9968,6215770.0,,,4.016
Turkmenistan,2016,6.1999999664301,17.9903,6360041.0,,,4.031
Turkmenistan,2017,6.50000004682975,21.251,6507061.0,,,4.044
Turkmenistan,2018,6.19999994137119,,6655524.0,,,4.044
Turkmenistan,2019,6.30000004226711,,6803944.0,,99.5392692978993,4.043
Turkmenistan,2020,5.900000048526,,6949912.0,,100.048094898202,4.501
Turkmenistan,2021,6.20000001747076,,7092043.0,,99.148014910553,4.459
Turkmenistan,2022,6.19999993621698,,7230193.0,,97.8101295641932,4.109
Turkmenistan,2023,6.30015758549871,,7364438.0,,97.341891416249,4.099
Turkmenistan,2024,2.26411722659043,,7494498.0,,95.6921775462619,4.304
Turks and Caicos Islands,2000,,,18730.0,,102.332656860352,
Turks and Caicos Islands,2001,,,19576.0,,107.829528808594,
Turks and Caicos Islands,2002,,,20597.0,,103.838676452637,
Turks and Caicos Islands,2003,,,21727.0,,85.6196823120117,
Turks and Caicos Islands,2004,,,22856.0,,95.791862487793,
Turks and Caicos Islands,2005,,,23988.0,,95.3198776245117,
Turks and Caicos Islands,2006,,,25123.0,,,
Turks and Caicos Islands,2007,,,26270.0,,,
Turks and Caicos Islands,2008,8.27189312486149,,27427.0,,,
Turks and Caicos Islands,2009,-19.5502467595022,,28588.0,,104.898399353027,
Turks and Caicos Islands,2010,0.984924853810682,,29739.0,,,
Turks and Caicos Islands,2011,4.62049892978239,,30846.0,,,
Turks and Caicos Islands,2012,-2.66655562053364,,32127.0,,,
Turks and Caicos Islands,2013,1.07088049554032,,33653.0,,,
Turks and Caicos Islands,2014,8.71129580824217,,35050.0,,97.2804107666016,
Turks and Caicos Islands,2015,11.3148293929929,,36605.0,,93.802102210946,
Turks and Caicos Islands,2016,7.25118627570265,,38315.0,,,
Turks and Caicos Islands,2017,-2.49022260414804,,39913.0,,107.507820646507,
Turks and Caicos Islands,2018,91.1370388737081,,41559.0,,129.213485717773,
Turks and Caicos Islands,2019,4.98170549382992,,43166.0,,119.198606271777,
Turks and Caicos Islands,2020,-33.8170973434652,,44386.0,,122.129144851658,
Turks and Caicos Islands,2021,29.6293781722414,,45243.0,,119.731262207031,
Turks and Caicos Islands,2022,14.0871234168153,,45847.0,,120.817047119141,
Turks and Caicos Islands,2023,13.7311481139228,,46198.0,,124.371236273468,
Turks and Caicos Islands,2024,5.63682517443362,,46535.0,,125.059584610146,
Tuvalu,2000,-0.970489205783323,5.24164,9544.0,,108.823532104492,
Tuvalu,2001,0.0,5.7,9586.0,,101.205673217773,
Tuvalu,2002,9.52380952380953,6.3,9623.0,,90.4795532226562,
Tuvalu,2003,-4.34782608695652,6.9,9695.0,,94.1836013793945,
Tuvalu,2004,-2.27272727272727,7.6,9816.0,,97.9079513549805,
Tuvalu,2005,-4.65116279069767,8.3,9940.0,,101.186317443848,
Tuvalu,2006,2.4390243902439,9.1,10056.0,,102.600143432617,
Tuvalu,2007,7.14285714285714,10.0,10182.0,,,
Tuvalu,2008,6.66666666666667,11.2,10321.0,,,
Tuvalu,2009,-6.25,12.8,10461.0,,,
Tuvalu,2010,-2.22222222222223,14.6,10614.0,9.0,,
Tuvalu,2011,6.81818181818181,16.5,10780.0,,,
Tuvalu,2012,-2.12765957446808,18.7,10934.0,,,
Tuvalu,2013,4.34782608695652,21.2,11001.0,,,
Tuvalu,2014,0.0,24.1,10984.0,,103.576751117735,
Tuvalu,2015,10.4166666666667,27.3,10963.0,,105.26706231454,
Tuvalu,2016,5.66037735849056,31.0,10930.0,,100.0,
Tuvalu,2017,2.44839285714286,35.2,10869.0,,,
Tuvalu,2018,1.38728384151602,42.2865,10751.0,,94.9784774780273,
Tuvalu,2019,13.8220984406966,50.7996,10581.0,,96.4860907759883,
Tuvalu,2020,-4.27493206901397,61.0265,10399.0,,102.034664657121,
Tuvalu,2021,1.8041359113616,73.3124,10194.0,,113.292117465224,
Tuvalu,2022,0.677309361438304,73.5846,9992.0,,110.604870384918,
Tuvalu,2023,3.85280919517032,74.3146,9816.0,,108.909370199693,
Tuvalu,2024,,,9646.0,,101.138952164009,
Uganda,2000,3.141907338187,0.163714,24000150.0,,130.160614013672,3.529
Uganda,2001,5.18366112490236,0.237945,24745676.0,,132.115478515625,3.52
Uganda,2002,8.73268576440127,0.384094,25532870.0,78.6,135.938568115234,3.5
Uganda,2003,6.47325867166543,0.46485,26352124.0,,136.626251220703,3.6
Uganda,2004,6.80723334361883,0.719971,27154515.0,,127.906692504883,2.705
Uganda,2005,6.33256511623156,1.74221,27963289.0,72.4,121.473258972168,1.9
Uganda,2006,10.7847443857453,2.52936,28794003.0,,120.099899291992,2.272
Uganda,2007,8.41242596551071,3.67197,29653430.0,,119.325012207031,2.677
Uganda,2008,8.70875190154499,3.88,30539553.0,,122.437309265137,3.052
Uganda,2009,6.80151734860395,4.1,31451151.0,63.5,123.943656921387,3.6
Uganda,2010,5.63761163749757,4.3,32390802.0,,121.312210083008,3.619
Uganda,2011,9.3916554927176,4.6,33354543.0,,113.871620178223,3.528
Uganda,2012,3.83745560605229,4.8,34337438.0,56.2,113.70002746582,3.551
Uganda,2013,3.58690582623025,5.1,35337042.0,,112.329948425293,1.91
Uganda,2014,5.10630732539796,5.4,36395539.0,,,2.348
Uganda,2015,5.18785986002466,5.8,37531446.0,,104.249229431152,2.679
Uganda,2016,4.78100029254482,5.9,38799152.0,60.1,106.540283203125,3.008
Uganda,2017,3.13140551723596,,40177388.0,,106.169578552246,3.428
Uganda,2018,6.30392378262997,,41565831.0,,,3.25
Uganda,2019,6.43874503276439,,42999637.0,59.8,,3.06
Uganda,2020,2.95130642218098,7.4,44457152.0,,,3.831
Uganda,2021,3.53658034070898,10.0,45910930.0,,,3.422
Uganda,2022,4.58802192181773,11.1246,47312719.0,,,2.886
Uganda,2023,5.33697295511469,15.2524,48656601.0,,,2.787
Uganda,2024,6.13645201846398,8.94983,50015092.0,,,2.941
Ukraine,2000,5.90000000024899,0.716184,49556660.0,,112.915328979492,11.707
Ukraine,2001,8.80000000367222,1.23876,49106855.0,,119.877792358398,11.061
Ukraine,2002,5.33964720719075,1.87389,48677281.0,6.3,127.055168151855,10.136
Ukraine,2003,9.51660986436364,3.14813,48315136.0,3.2,99.2439193725586,9.057
Ukraine,2004,11.7953525281136,3.48948,47979507.0,2.8,98.8630523681641,8.59
Ukraine,2005,3.07123039245209,3.74976,47585556.0,1.1,109.224052429199,7.18
Ukraine,2006,7.57142076322967,4.50612,47278694.0,0.7,103.984046936035,6.81
Ukraine,2007,8.21584445165715,6.55,47062798.0,0.5,102.665367126465,6.351
Ukraine,2008,2.24349159628288,11.0,46819175.0,0.1,101.713829040527,6.363
Ukraine,2009,-15.1364679101502,17.9,46623731.0,0.3,100.661819458008,8.84
Ukraine,2010,4.09200436668087,23.3,46456003.0,0.1,100.067630734888,8.1
Ukraine,2011,5.44528081048476,28.7083,46307853.0,0.1,98.9314565375041,7.851
Ukraine,2012,0.152314967200653,35.27,46210056.0,0.1,97.1419917645414,7.529
Ukraine,2013,0.045439094492707,40.9541,46126770.0,0.1,96.3140767527901,7.17
Ukraine,2014,-10.0788949840953,46.236,45972380.0,0.0,95.4720427707137,9.27
Ukraine,2015,-9.7729872128676,48.8846,45784896.0,0.3,87.8509930688999,9.14
Ukraine,2016,2.44098194492067,53.001,45616832.0,0.2,87.4091952779085,9.35
Ukraine,2017,2.35997228099491,58.8895,45436041.0,0.1,88.2140898931621,9.5
Ukraine,2018,3.48836234022659,62.5532,45208907.0,0.2,88.5728806539141,8.799
Ukraine,2019,3.19950386354134,70.1248,44957458.0,0.2,90.6809653278847,8.194
Ukraine,2020,-3.75281793983162,75.0379,44680014.0,0.0,91.1122134493007,9.475
Ukraine,2021,3.44562065945944,79.2183,44298640.0,,91.1487047246428,9.834
Ukraine,2022,-28.7585842155085,82.6753,41048766.0,,92.7711634493634,
Ukraine,2023,5.53473354745886,82.3755,37732836.0,,,
Ukraine,2024,2.91382221470535,,37860221.0,,93.3063190361356,
United Arab Emirates,2000,10.852704215378,23.6253,3493575.0,,,2.25
United Arab Emirates,2001,1.39908503706675,26.2718,3723590.0,,122.869979858398,2.444
United Arab Emirates,2002,2.43345681089617,28.3165,3956826.0,,118.775428771973,2.661
United Arab Emirates,2003,8.80054081355328,29.478,4192457.0,,117.259651184082,2.908
United Arab Emirates,2004,9.56643663767056,30.1313,4428967.0,,110.694122314453,2.965
United Arab Emirates,2005,4.85514119553352,40.0,4664790.0,,105.719909667969,3.12
United Arab Emirates,2006,9.83731976923958,52.0,5009100.0,,100.258071899414,2.963
United Arab Emirates,2007,3.18439017324607,61.0,5624635.0,,,2.936
United Arab Emirates,2008,3.19183627331816,63.0,6302664.0,,,2.821
United Arab Emirates,2009,-5.24292190385027,64.0,6707058.0,,,2.944
United Arab Emirates,2010,1.60285004671354,68.0,6869838.0,,,2.811
United Arab Emirates,2011,6.21612181664371,78.0,7104538.0,,,2.596
United Arab Emirates,2012,1.8244807850986,85.0,7391448.0,,,2.327
United Arab Emirates,2013,5.05555965807969,88.0,7693031.0,0.0,,2.126
United Arab Emirates,2014,4.16569184064922,90.4,8059440.0,,,2.002
United Arab Emirates,2015,6.78677287656618,90.5,8505237.0,,,1.793
United Arab Emirates,2016,5.56149075979933,90.6,8935095.0,,,1.64
United Arab Emirates,2017,0.735068713941203,94.8199,9223225.0,,,2.462
United Arab Emirates,2018,1.31391388153578,98.45,9346701.0,0.0,105.675358079069,2.236
United Arab Emirates,2019,1.10834813453296,99.15,9445785.0,,107.533197014116,2.331
United Arab Emirates,2020,-4.95705243303316,100.0,9401038.0,,108.069803864287,4.294
United Arab Emirates,2021,4.35475529659919,100.0,9575152.0,,106.652834923572,3.105
United Arab Emirates,2022,7.50969703496445,100.0,10074977.0,,107.287431527388,2.872
United Arab Emirates,2023,3.61870653118159,100.0,10483751.0,,106.259950303562,2.151
United Arab Emirates,2024,3.76161544553149,100.0,10876981.0,,108.044420617858,2.133
United Kingdom,2000,4.34163419265596,26.8218,58892514.0,0.2,100.591789245605,5.558
United Kingdom,2001,2.57278043964686,33.4811,59119673.0,0.2,100.935920715332,4.696
United Kingdom,2002,1.79566074059649,56.48,59370479.0,0.2,100.692199707031,5.037
United Kingdom,2003,3.15234651882265,64.82,59647577.0,0.2,100.598129272461,4.807
United Kingdom,2004,2.45790443810543,65.61,59987905.0,0.2,105.938087463379,4.594
United Kingdom,2005,2.73266076681189,70.0,60401206.0,0.2,105.804702758789,4.835
United Kingdom,2006,2.38069403532468,68.82,60846820.0,0.2,104.354080200195,5.411
United Kingdom,2007,2.62487995340285,75.09,61322463.0,0.2,103.104927062988,5.342
United Kingdom,2008,-0.248797260756646,78.39,61806995.0,0.2,105.741897583008,5.705
United Kingdom,2009,-4.62055370768425,83.56,62276270.0,0.2,105.421211242676,7.627
United Kingdom,2010,2.23331508815346,85.0,62766365.0,0.2,105.673240661621,7.924
United Kingdom,2011,1.13836239840663,85.38,63258810.0,0.2,105.026268005371,8.169
United Kingdom,2012,1.50899834668228,87.48,63711000.0,0.5,105.795967102051,8.25
United Kingdom,2013,1.79992149702836,89.8441,64139000.0,0.2,105.336990356445,7.704
United Kingdom,2014,3.19463731938923,91.6133,64620000.0,0.2,99.9967498779297,6.363
United Kingdom,2015,2.22288842280334,92.0003,65088000.0,0.2,100.204040527344,5.517
United Kingdom,2016,1.92171009934007,94.7758,65607000.0,0.2,100.381576538086,4.867
United Kingdom,2017,2.65650487566202,90.4246,65966000.0,0.2,100.781051635742,4.452
United Kingdom,2018,1.40519025981538,90.692,66289000.0,0.5,101.327049255371,4.12
United Kingdom,2019,1.62447518038404,92.5166,66631000.0,0.5,101.90941619873,3.613
United Kingdom,2020,-10.296918859171,94.8182,66744000.0,0.5,102.22395324707,4.472
United Kingdom,2021,8.57595087393024,96.1965,66984000.0,0.5,102.194450378418,4.826
United Kingdom,2022,4.83908517877134,96.2989,67604000.0,,102.53524017334,3.73
United Kingdom,2023,0.39708234553963,96.2988,68492000.0,,102.555801391602,3.984
United Kingdom,2024,1.10066786639271,,69226000.0,,,4.111
United States,2000,4.07758576006954,43.0792,282162411.0,0.7,,3.992
United States,2001,0.95553834188668,49.0808,284968955.0,1.0,,4.731
United States,2002,1.7004473278454,58.7854,287625193.0,1.0,,5.783
United States,2003,2.79560596521233,61.6971,290107933.0,1.0,,5.989
United States,2004,3.84777169424153,64.7583,292805298.0,1.0,,5.529
United States,2005,3.48354993544559,67.9681,295516599.0,1.0,101.8740234375,5.084
United States,2006,2.78453963817891,68.9312,298379912.0,1.0,,4.623
United States,2007,2.00385829909158,75.0,301231207.0,1.0,,4.622
United States,2008,0.113587248160997,74.0,304093966.0,1.0,,5.784
United States,2009,-2.57650023225001,71.0,306771529.0,1.0,,9.254
United States,2010,2.69519258234851,71.69,309378227.0,1.2,,9.633
United States,2011,1.56440685537306,69.7295,311839461.0,1.0,,8.949
United States,2012,2.289113386319,74.7,314339099.0,1.0,,8.069
United States,2013,2.11783009786468,71.4,316726282.0,1.0,99.455436706543,7.375
United States,2014,2.52381981372621,73.0,319257560.0,1.2,99.6733779907227,6.168
United States,2015,2.94555045599772,74.5542,321815121.0,1.2,100.299911499023,5.28
United States,2016,1.81945147620522,85.5444,324353340.0,1.2,101.362861633301,4.869
United States,2017,2.45762230175086,87.2749,326608609.0,1.2,101.821441650391,4.355
United States,2018,2.96650506916596,88.4989,328529577.0,1.0,101.256561279297,3.896
United States,2019,2.58382533018889,89.4303,330226227.0,1.0,100.981300354004,3.669
United States,2020,-2.16302913866512,90.3447,331577720.0,0.5,100.305793762207,8.055
United States,2021,6.05505293304556,91.2684,332099760.0,0.5,98.3054885864258,5.349
United States,2022,2.5123753198332,92.2016,334017321.0,1.2,96.9717330932617,3.65
United States,2023,2.88755600905984,93.1444,336806231.0,1.2,,3.638
United States,2024,2.79619035621393,,340110988.0,,,4.106
Uruguay,2000,-1.92993063549235,10.5391,3266206.0,0.8,110.200187683105,12.627
Uruguay,2001,-3.84412995940374,11.1214,3274251.0,0.7,109.692268371582,15.052
Uruguay,2002,-7.73200721540044,11.4195,3278867.0,1.1,111.093246459961,16.648
Uruguay,2003,0.805283915893824,15.9371,3281186.0,1.5,111.055969238281,16.661
Uruguay,2004,5.00416035564457,17.0631,3283148.0,1.7,111.088363647461,12.98
Uruguay,2005,7.4601321302473,20.0882,3285771.0,1.5,110.983726501465,12.009
Uruguay,2006,4.09857735445401,29.4,3289506.0,1.0,111.688217163086,10.844
Uruguay,2007,6.54151084504817,34.0,3295153.0,0.7,111.181259155273,9.403
Uruguay,2008,7.17614466455107,39.3,3302177.0,0.4,110.917297363281,8.025
Uruguay,2009,4.24349419462426,41.8,3310091.0,0.4,110.820098876953,7.74
Uruguay,2010,7.8034096507169,46.4,3318580.0,0.3,109.976485423214,7.158
Uruguay,2011,5.16213302463606,51.4047,3326825.0,0.2,109.464016342435,6.307
Uruguay,2012,3.53817872056869,54.4538,3335401.0,0.3,108.71352566009,6.451
Uruguay,2013,4.63753862902416,57.69,3345337.0,0.3,108.655161774964,6.444
Uruguay,2014,3.23879122952364,61.4625,3356334.0,0.2,108.393033302718,6.547
Uruguay,2015,0.370741257681345,64.5708,3368017.0,0.2,108.159318212376,7.488
Uruguay,2016,1.68979822971775,66.4,3379283.0,0.1,108.082291663033,7.841
Uruguay,2017,1.74037643374211,70.3224,3388438.0,0.1,107.146529019901,7.89
Uruguay,2018,0.164777608940113,80.7268,3394534.0,0.1,105.119927660277,8.336
Uruguay,2019,0.928351141267498,83.3515,3397206.0,0.1,104.354154032747,8.836
Uruguay,2020,-7.35732706484723,85.471,3398968.0,0.3,105.236604559537,10.413
Uruguay,2021,5.84427312558179,87.6444,3396695.0,0.2,107.99080657959,9.328
Uruguay,2022,4.48622703072073,89.873,3390913.0,0.2,108.822761535645,7.877
Uruguay,2023,0.742128785315927,89.896,3388081.0,0.2,104.532465643859,8.355
Uruguay,2024,3.10825478066172,91.9911,3386588.0,0.2,,8.401
Uzbekistan,2000,3.83500000014033,0.484347,24787054.0,93.8,99.1522369384766,12.317
Uzbekistan,2001,4.1638382499889,0.597568,25090283.0,,98.1144790649414,11.3
Uzbekistan,2002,3.97348819235724,1.08194,25399980.0,93.1,97.9825592041016,10.283
Uzbekistan,2003,4.23262738154364,1.9126,25711259.0,93.3,97.2714996337891,9.248
Uzbekistan,2004,7.44900060559664,2.59373,26029350.0,,96.9909362792969,8.162
Uzbekistan,2005,6.95000719569097,3.34351,26356975.0,,96.85986328125,7.092
Uzbekistan,2006,7.45141847621768,6.38832,26699043.0,,96.1964797973633,6.03
Uzbekistan,2007,9.4730053054454,7.4906,27076008.0,,96.3551483154297,4.99
Uzbekistan,2008,9.02916101784777,9.08011,27494774.0,,96.6052932739258,4.89
Uzbekistan,2009,8.05093332733966,11.9,27939328.0,,96.9954833984375,5.04
Uzbekistan,2010,7.5971679610016,15.9,28385506.0,,96.5092245610272,5.36
Uzbekistan,2011,7.52513989422977,18.6,28823196.0,,95.3840203093902,4.96
Uzbekistan,2012,7.10244488706317,23.6,29261903.0,,95.1214838175598,4.87
Uzbekistan,2013,7.29655036969899,26.8,29724065.0,,95.4464545934085,4.86
Uzbekistan,2014,6.8738384408164,35.5,30222994.0,,96.7769517984519,5.09
Uzbekistan,2015,7.21877350820803,42.8,30749346.0,,96.8469627244173,5.15
Uzbekistan,2016,5.93215079993293,46.7913,31284568.0,,97.6622984985898,5.16
Uzbekistan,2017,4.39527463349263,48.7,31819178.0,,98.0486526909282,5.83
Uzbekistan,2018,5.55919572919288,55.2,32373490.0,,98.2866521653154,5.389
Uzbekistan,2019,6.77992399655236,70.4,32964701.0,,98.2569298360836,4.932
Uzbekistan,2020,1.56334277260515,71.1,33586372.0,,98.615310525126,5.293
Uzbekistan,2021,8.03468312640049,76.5904,34243696.0,4.4,97.9289255849279,5.364
Uzbekistan,2022,6.00134232203442,83.9,34938955.0,4.4,93.9099780290139,4.49
Uzbekistan,2023,6.29141635082311,89.0136,35652307.0,4.1,93.4888259225367,4.46
Uzbekistan,2024,6.49999999997677,,36361859.0,2.7,94.4316700664149,4.488
Vanuatu,2000,5.92480905652914,2.10834,186281.0,,112.03441619873,8.283
Vanuatu,2001,-3.39758248938256,2.83057,191031.0,,112.964859008789,8.434
Vanuatu,2002,-5.19831875936035,3.51004,195863.0,,114.861137390137,8.621
Vanuatu,2003,4.28833511695458,3.9033,200746.0,,120.06706237793,8.682
Vanuatu,2004,3.98739280216962,4.7466,205711.0,,118.650260925293,8.447
Vanuatu,2005,5.30532647259227,5.08233,210760.0,,117.433708190918,8.126
Vanuatu,2006,8.46069747205426,5.85059,215923.0,,112.991249084473,8.006
Vanuatu,2007,2.8758922877538,6.8,221276.0,,114.875457763672,6.854
Vanuatu,2008,5.60099182147214,7.26912,226896.0,,116.41520690918,5.661
Vanuatu,2009,3.03730354099602,7.5,232731.0,,115.380256652832,4.565
Vanuatu,2010,1.25886720329326,8.0,238248.0,25.7,122.730741733738,4.685
Vanuatu,2011,3.13980290023412,9.2,243474.0,,,4.821
Vanuatu,2012,1.01004768692042,10.598,248883.0,,,4.951
Vanuatu,2013,0.463390415135095,11.3,254482.0,,123.926397496944,5.058
Vanuatu,2014,2.5750403162878,18.8,260240.0,,,5.15
Vanuatu,2015,3.96591946444873,22.3514,266101.0,,121.881393432617,5.254
Vanuatu,2016,3.47154471544715,24.0,272087.0,,,5.261
Vanuatu,2017,4.41266598569969,30.8,278507.0,,,5.287
Vanuatu,2018,2.90023027256446,33.989,285259.0,,,5.326
Vanuatu,2019,3.24118765540442,37.5081,291985.0,19.5,125.506535236654,5.444
Vanuatu,2020,-4.99249142889525,41.3916,298858.0,,125.124809265137,4.046
Vanuatu,2021,-1.55229489129462,45.6772,305868.0,,122.872890234772,4.766
Vanuatu,2022,5.18622862422562,45.6747,313046.0,,118.366532355349,5.143
Vanuatu,2023,-0.964792281661744,45.7313,320409.0,,113.170782080259,5.082
Vanuatu,2024,3.96725830607052,,327777.0,,112.491972007523,5.064
"Venezuela, RB",2000,3.68694416687683,3.3596,24526708.0,,99.864990234375,13.99
"Venezuela, RB",2001,3.3942361077907,4.636,24979922.0,14.7,102.415657043457,13.04
"Venezuela, RB",2002,-8.85564735286779,4.91045,25435671.0,22.1,104.676307678223,16.17
"Venezuela, RB",2003,-7.75530004959883,7.49996,25892703.0,27.1,102.77710723877,16.78
"Venezuela, RB",2004,18.2866066891245,8.40447,26340838.0,22.8,102.658088684082,15.07
"Venezuela, RB",2005,10.3179138043148,12.553,26785804.0,18.1,102.275398254395,10.663
"Venezuela, RB",2006,9.87214910851037,15.2247,27224686.0,9.7,102.063499450684,8.606
"Venezuela, RB",2007,8.7535788078585,20.83,27649363.0,,103.891387939453,7.279
"Venezuela, RB",2008,5.27785412398782,25.88,28053696.0,,101.032890319824,6.245
"Venezuela, RB",2009,-3.20230265749002,32.7,28438298.0,,101.235862731934,6.097
"Venezuela, RB",2010,-1.48879125078348,37.37,28813101.0,,100.685157775879,7.112
"Venezuela, RB",2011,4.17642535923927,40.22,29185212.0,,100.664756774902,6.902
"Venezuela, RB",2012,5.62595697508641,49.0501,29553826.0,,100.787887573242,6.601
"Venezuela, RB",2013,1.34309403607476,54.9,29912198.0,,101.162292480469,7.54
"Venezuela, RB",2014,-3.89438647450662,57.0,30254079.0,,100.276649475098,6.821
"Venezuela, RB",2015,,58.0,30573972.0,,99.8761825561523,6.137
"Venezuela, RB",2016,,60.0,30765720.0,,97.506591796875,5.319
"Venezuela, RB",2017,,61.6,30565323.0,,95.0507202148438,5.045
"Venezuela, RB",2018,,,29807592.0,,,5.46
"Venezuela, RB",2019,,,28938098.0,,,5.876
"Venezuela, RB",2020,,,28444077.0,,,7.53
"Venezuela, RB",2021,,,28237826.0,,,7.037
"Venezuela, RB",2022,,,28213017.0,,109.259559631348,5.707
"Venezuela, RB",2023,,,28300854.0,,111.130409240723,5.485
"Venezuela, RB",2024,,,28405543.0,,113.693878173828,5.475
Viet Nam,2000,6.78731640463151,0.254248,77154011.0,,113.529556274414,2.26
Viet Nam,2001,6.19289331233377,1.26565,77969361.0,,111.295097351074,2.76
Viet Nam,2002,6.32082099160833,1.855,78772224.0,43.3,109.35701751709,2.12
Viet Nam,2003,6.89906349055258,3.78028,79563777.0,,107.77010345459,2.25
Viet Nam,2004,7.53641060890386,7.64241,80338971.0,30.9,106.744956970215,2.14
Viet Nam,2005,7.54724772895918,12.7399,81088313.0,,104.89729309082,2.078
Viet Nam,2006,6.97795481056711,17.2546,82167897.0,23.7,103.91251373291,2.046
Viet Nam,2007,7.12950448605439,20.7554,83633375.0,,102.282257080078,2.026
Viet Nam,2008,5.66177120891362,23.92,85175788.0,17.6,100.98104095459,1.889
Viet Nam,2009,5.39789754014181,26.55,86460018.0,,100.057693481445,1.737
Viet Nam,2010,6.42324482239482,30.65,87455152.0,5.2,100.919677734375,1.114
Viet Nam,2011,6.41316889681683,35.07,88468314.0,,101.384051611447,0.999
Viet Nam,2012,5.5045447041189,36.8,89510356.0,3.7,102.054953695526,1.027
Viet Nam,2013,5.55351081026072,38.5,90573104.0,,102.262367182756,1.316
Viet Nam,2014,6.42224312118567,41.0,91679578.0,3.4,103.083557760139,1.256
Viet Nam,2015,6.98715430598611,45.0,92823254.0,,103.278372065069,1.848
Viet Nam,2016,6.69000892660424,53.0,94000117.0,2.5,105.947597481197,1.848
Viet Nam,2017,6.94019037359206,58.14,95176977.0,,104.437659436385,1.874
Viet Nam,2018,7.46500685572751,69.8479,96237319.0,2.2,104.190504718464,1.161
Viet Nam,2019,7.35926270105006,68.6616,97173776.0,,103.337272102979,1.681
Viet Nam,2020,2.86541320912272,70.3,98079191.0,1.3,102.847744602601,2.103
Viet Nam,2021,2.55372852648131,74.21,98935098.0,,103.391282723881,2.385
Viet Nam,2022,8.53750046755788,78.59,99680655.0,1.6,104.129392785949,1.523
Viet Nam,2023,5.06502391455075,78.08,100352192.0,,105.170807361038,1.645
Viet Nam,2024,7.09118746633975,84.15,100987686.0,,106.332886485835,1.431
Virgin Islands (U.S.),2000,,13.8151,108642.0,,,10.546
Virgin Islands (U.S.),2001,,18.3758,108549.0,,,10.678
Virgin Islands (U.S.),2002,,27.4944,108509.0,,,10.933
Virgin Islands (U.S.),2003,-0.396080883885759,27.4291,108505.0,,,11.254
Virgin Islands (U.S.),2004,3.28589367936377,27.377,108466.0,,,10.927
Virgin Islands (U.S.),2005,3.4853090172239,27.3443,108453.0,,,10.878
Virgin Islands (U.S.),2006,3.50499314666143,27.3326,108369.0,,,10.36
Virgin Islands (U.S.),2007,4.01059402194477,27.3393,108337.0,,,10.137
Virgin Islands (U.S.),2008,1.21862495452891,27.3618,108397.0,,,10.22
Virgin Islands (U.S.),2009,-6.59478885893981,27.3965,108404.0,,,11.527
Virgin Islands (U.S.),2010,0.596383224317051,31.22,108357.0,,,11.742
Virgin Islands (U.S.),2011,-8.20424555364315,35.6,108290.0,,,12.041
Virgin Islands (U.S.),2012,-14.8125,40.5479,108188.0,,,12.109
Virgin Islands (U.S.),2013,-6.28515529469308,45.3,108041.0,,,12.55
Virgin Islands (U.S.),2014,-1.77453027139875,50.07,107882.0,,,12.64
Virgin Islands (U.S.),2015,-0.425079702444208,54.8391,107712.0,,,12.422
Virgin Islands (U.S.),2016,1.6008537886873,59.6083,107516.0,,,12.515
Virgin Islands (U.S.),2017,-0.735294117647058,64.3775,107281.0,,,12.217
Virgin Islands (U.S.),2018,1.87830687830687,,107001.0,,,12.407
Virgin Islands (U.S.),2019,2.90833549727343,,106669.0,,,12.551
Virgin Islands (U.S.),2020,-1.61493817814787,,106290.0,,,15.191
Virgin Islands (U.S.),2021,3.66760707873814,,105870.0,,,14.273
Virgin Islands (U.S.),2022,-1.31123206333498,,105413.0,,,13.007
Virgin Islands (U.S.),2023,,,104917.0,,,12.32
Virgin Islands (U.S.),2024,,,104377.0,,,12.014
West Bank and Gaza,2000,-8.5555726838292,1.11131,2922153.0,,97.3344573974609,10.625
West Bank and Gaza,2001,-9.31108114182962,1.83685,2997784.0,,97.6895980834961,21.493
West Bank and Gaza,2002,-12.4883821798129,3.10009,3075373.0,,97.2542495727539,27.465
West Bank and Gaza,2003,14.0156476793996,4.13062,3154969.0,,96.5637435913086,23.004
West Bank and Gaza,2004,21.9244861205987,4.4009,3236626.0,1.8,93.6227035522461,23.215
West Bank and Gaza,2005,11.2906511829271,16.005,3320396.0,1.3,92.9911575317383,20.016
West Bank and Gaza,2006,-0.996556103477076,18.41,3406334.0,0.5,91.143928527832,19.014
West Bank and Gaza,2007,3.78828152085981,21.176,3494496.0,2.9,90.8438262939453,18.282
West Bank and Gaza,2008,7.42918225547835,24.358,3591977.0,,91.2150421142578,22.913
West Bank and Gaza,2009,8.59349087893864,32.23,3689099.0,0.6,91.4870910644531,20.452
West Bank and Gaza,2010,5.77736205629419,37.4,3786161.0,0.6,92.4950752375136,21.416
West Bank and Gaza,2011,9.60080848913594,41.08,3882986.0,0.4,93.2215373459028,17.597
West Bank and Gaza,2012,6.09645656326154,43.4,3979998.0,,94.7061306249874,19.202
West Bank and Gaza,2013,4.69856986552234,46.6,4076708.0,,94.7726406972161,19.894
West Bank and Gaza,2014,-0.157866650855297,53.6652,4173398.0,,96.0595015055566,20.526
West Bank and Gaza,2015,3.72129967114788,56.7,4270092.0,,96.3706500890533,23.005
West Bank and Gaza,2016,8.86461881995935,59.9,4367088.0,1.4,96.5069849798254,23.939
West Bank and Gaza,2017,1.41936756294787,63.3,4454805.0,,97.5735629387144,25.677
West Bank and Gaza,2018,1.22707737782703,64.4,4569087.0,,96.5580534271123,26.256
West Bank and Gaza,2019,1.36268746558062,70.6226,4685306.0,,95.6166576244839,25.34
West Bank and Gaza,2020,-11.3184661065134,76.01,4803269.0,,94.653084809438,25.895
West Bank and Gaza,2021,7.01198227592003,82.1783,4922749.0,,92.7029909386815,26.39
West Bank and Gaza,2022,4.08276027347105,88.6469,5043612.0,,91.451637200506,24.42
West Bank and Gaza,2023,-4.55580428525744,86.6377,5165775.0,2.1,91.4422361153306,
West Bank and Gaza,2024,-26.5575264529877,,5289152.0,,,
"Yemen, Rep.",2000,6.1819155928913,0.0825004,19624141.0,,,11.557
"Yemen, Rep.",2001,3.80364587188127,0.0908025,20226147.0,,68.9851608276367,11.724
"Yemen, Rep.",2002,3.9352315052778,0.518796,20835086.0,,71.0542984008789,11.84
"Yemen, Rep.",2003,3.74739818489111,0.604734,21456379.0,,74.3863296508789,12.015
"Yemen, Rep.",2004,3.972696401183,0.881223,22095167.0,,77.4495697021484,12.132
"Yemen, Rep.",2005,5.59174807563268,1.0486,22790085.0,21.4,79.4165573120117,12.215
"Yemen, Rep.",2006,3.17040935922364,1.24782,23543083.0,,,12.35
"Yemen, Rep.",2007,3.33842795605096,5.01,24318082.0,,,12.488
"Yemen, Rep.",2008,3.64756947012633,6.89,25111941.0,,77.9195938110352,12.657
"Yemen, Rep.",2009,3.86622951587742,9.96,25927724.0,,,12.763
"Yemen, Rep.",2010,7.70230704514232,12.35,26754387.0,,77.8557586669922,12.779
"Yemen, Rep.",2011,-12.7148968998882,14.905,27582897.0,,80.8094787597656,13.311
"Yemen, Rep.",2012,2.39299020347747,17.4465,28433647.0,,79.963249206543,13.473
"Yemen, Rep.",2013,4.82351908112815,20.0,29312952.0,,82.0730895996094,13.673
"Yemen, Rep.",2014,-0.188690237909768,22.55,30226309.0,33.3,,13.467
"Yemen, Rep.",2015,-27.9945462446928,24.0854,31159379.0,,,17.9
"Yemen, Rep.",2016,-9.37512382380578,24.5792,32109010.0,,76.9753799438477,18.416
"Yemen, Rep.",2017,-5.0717956426149,26.7184,33090921.0,,,18.603
"Yemen, Rep.",2018,0.752447591972881,,34085182.0,,,17.584
"Yemen, Rep.",2019,,,35111408.0,,,17.202
"Yemen, Rep.",2020,,13.8152,36134863.0,,,17.953
"Yemen, Rep.",2021,,,37140230.0,,,18.287
"Yemen, Rep.",2022,,,38222876.0,,,17.363
"Yemen, Rep.",2023,,,39390799.0,,,17.091
"Yemen, Rep.",2024,,,40583164.0,,,17.086
Zambia,2000,3.89732294341896,0.191072,10017631.0,,80.3700714111328,12.93
Zambia,2001,5.31686827418419,0.23313,10325185.0,,80.1720123291016,13.415
Zambia,2002,4.50601428032604,0.477751,10647949.0,68.0,83.1586837768555,14.131
Zambia,2003,6.94497398221223,0.980483,10983595.0,,,14.705
Zambia,2004,7.03239511515218,1.1,11338198.0,68.9,102.254737854004,15.33
Zambia,2005,7.23559900655543,1.3,11718819.0,,113.556289672852,15.9
Zambia,2006,7.90369444480079,1.6,12129553.0,72.0,114.722457885742,13.229
Zambia,2007,8.35243624447406,1.9,12565085.0,,115.843597412109,10.561
Zambia,2008,7.77389581542363,2.2,13021324.0,,117.088676452637,7.93
Zambia,2009,9.2203484058663,2.5,13490389.0,,110.933853149414,10.582
Zambia,2010,10.2982233241213,3.0,13965594.0,71.4,109.873668045679,13.19
Zambia,2011,5.56925219263019,3.5,14437796.0,,111.4007333775,10.545
Zambia,2012,7.59738104901994,4.1,14913629.0,,111.618507192772,7.85
Zambia,2013,5.05753695047252,4.8,15398997.0,,105.88755640154,7.264
Zambia,2014,4.69328316376705,6.5,15895315.0,,107.06889082465,6.571
Zambia,2015,2.92037511217961,8.8,16399089.0,67.9,103.413818253854,5.942
Zambia,2016,3.75510031678988,10.3,16914423.0,,99.5715577511118,5.239
Zambia,2017,3.52586277149926,12.2,17441320.0,,98.7950035279193,4.529
Zambia,2018,4.03449389667165,14.3,17973569.0,,,5.033
Zambia,2019,1.44130602603785,18.7,18513839.0,,,5.542
Zambia,2020,-2.78505506545167,24.5,19059395.0,,,6.033
Zambia,2021,6.23492204726448,32.5,19603607.0,,,5.199
Zambia,2022,5.21122360356247,15.0,20152938.0,71.7,,5.995
Zambia,2023,5.36794285493059,33.0,20723965.0,,,5.905
Zambia,2024,4.0431482994443,,21314956.0,,115.550919335782,5.961
Zimbabwe,2000,-3.05918974918636,0.401434,11892055.0,,112.045486450195,5.684
Zimbabwe,2001,1.43961539576736,0.799846,11971901.0,,116.904830932617,5.318
Zimbabwe,2002,-8.89402363141315,1.1,12087653.0,,111.599563598633,5.007
Zimbabwe,2003,-16.9950747276621,1.8,12232323.0,,109.804222106934,4.735
Zimbabwe,2004,-5.80753802273948,2.1,12365896.0,,,4.39
Zimbabwe,2005,-5.71108370650366,2.4,12483432.0,,,4.622
Zimbabwe,2006,-3.46149518781367,2.4,12636445.0,,,4.759
Zimbabwe,2007,-3.65332683535512,3.0,12804058.0,,,4.991
Zimbabwe,2008,-17.6689463301055,3.5,12959149.0,,,5.357
Zimbabwe,2009,13.2720785820677,4.0,13142790.0,,,5.453
Zimbabwe,2010,19.6754076562536,6.4,13356548.0,,,5.447
Zimbabwe,2011,14.193915731251,8.4,13595424.0,35.7,,5.368
Zimbabwe,2012,16.665428979757,12.0,13817887.0,,100.09812912727,5.061
Zimbabwe,2013,1.98948553969423,15.5,14013808.0,,99.1726387639853,4.943
Zimbabwe,2014,2.37698570395052,16.3647,14207359.0,,98.2478143871674,4.774
Zimbabwe,2015,1.77985354092071,22.7428,14399013.0,,97.2290747819179,5.377
Zimbabwe,2016,0.755794054371208,23.12,14600294.0,,95.7340946958404,5.886
Zimbabwe,2017,4.7344112255433,24.4,14812482.0,44.7,94.3341728822186,6.344
Zimbabwe,2018,5.00992138188113,25.0,15034452.0,,93.755201992062,6.793
Zimbabwe,2019,-6.33244975108572,26.5883,15271368.0,49.2,93.4270967154238,7.373
Zimbabwe,2020,-7.81693284075131,29.2986,15526888.0,,93.6125855639325,8.621
Zimbabwe,2021,8.46803916934418,37.0967,15797210.0,,92.7846905815791,9.54
Zimbabwe,2022,6.1391761744749,37.8861,16069056.0,,93.1659658731937,10.087
Zimbabwe,2023,5.33677037339527,38.4266,16340822.0,,93.2383787742938,8.759
Zimbabwe,2024,2.02948414337123,,16634373.0,,93.0772110334414,8.554
